player_name,game_date,release_speed,pitch_number,at_bat_number
"Webb, Logan",2024-04-07,92.2,2,52
"Webb, Logan",2024-04-07,92.1,3,20
"Webb, Logan",2024-04-07,91.9,2,20
"Webb, Logan",2024-04-07,92.1,2,3
"Gausman, Kevin",2024-04-06,90.4,4,19
"Gausman, Kevin",2024-04-06,91.2,3,19
"Gausman, Kevin",2024-04-06,92.6,9,18
"Gausman, Kevin",2024-04-06,93.5,8,18
"Gausman, Kevin",2024-04-06,94.2,7,18
"Gausman, Kevin",2024-04-06,93.3,6,18
"Gausman, Kevin",2024-04-06,94.6,5,18
"Gausman, Kevin",2024-04-06,94.4,3,18
"Gausman, Kevin",2024-04-06,93.5,2,18
"Gausman, Kevin",2024-04-06,92.1,1,18
"Gausman, Kevin",2024-04-06,93.1,4,17
"Gausman, Kevin",2024-04-06,91.2,2,17
"Gausman, Kevin",2024-04-06,90,5,16
"Gausman, Kevin",2024-04-06,91.2,4,16
"Gausman, Kevin",2024-04-06,88.2,1,16
"Gausman, Kevin",2024-04-06,90.8,6,15
"Gausman, Kevin",2024-04-06,92.9,3,10
"Gausman, Kevin",2024-04-06,88.8,1,10
"Gausman, Kevin",2024-04-06,91.3,1,9
"Gausman, Kevin",2024-04-06,91.5,3,8
"Gausman, Kevin",2024-04-06,90.7,1,8
"Gausman, Kevin",2024-04-06,93.1,2,7
"Gausman, Kevin",2024-04-06,91.4,1,7
"Gausman, Kevin",2024-04-06,91.4,7,6
"Gausman, Kevin",2024-04-06,92.5,5,6
"Gausman, Kevin",2024-04-06,90.6,2,6
"Gausman, Kevin",2024-04-06,88.4,1,5
"Wheeler, Zack",2024-04-03,93.1,6,44
"Wheeler, Zack",2024-04-03,92.6,2,44
"Wheeler, Zack",2024-04-03,92.3,2,43
"Wheeler, Zack",2024-04-03,92.3,1,43
"Wheeler, Zack",2024-04-03,91.8,3,41
"Wheeler, Zack",2024-04-03,91.5,1,40
"Wheeler, Zack",2024-04-03,92.7,2,35
"Wheeler, Zack",2024-04-03,92.4,2,33
"Wheeler, Zack",2024-04-03,92.6,5,29
"Wheeler, Zack",2024-04-03,92.6,3,29
"Wheeler, Zack",2024-04-03,93.6,5,27
"Wheeler, Zack",2024-04-03,91.2,4,27
"Wheeler, Zack",2024-04-03,91.2,1,27
"Wheeler, Zack",2024-04-03,91.8,2,26
"Wheeler, Zack",2024-04-03,93.8,2,21
"Wheeler, Zack",2024-04-03,94.2,4,20
"Wheeler, Zack",2024-04-03,93.5,2,20
"Wheeler, Zack",2024-04-03,92.5,1,20
"Wheeler, Zack",2024-04-03,93.8,2,19
"Wheeler, Zack",2024-04-03,93.3,1,19
"Wheeler, Zack",2024-04-03,93.9,6,18
"Wheeler, Zack",2024-04-03,94,5,18
"Wheeler, Zack",2024-04-03,93.1,4,18
"Wheeler, Zack",2024-04-03,93.2,1,18
"Wheeler, Zack",2024-04-03,92.7,3,17
"Wheeler, Zack",2024-04-03,91.8,1,16
"Wheeler, Zack",2024-04-03,93.3,1,11
"Wheeler, Zack",2024-04-03,94,3,10
"Wheeler, Zack",2024-04-03,94.1,1,10
"Wheeler, Zack",2024-04-03,93.3,1,9
"Wheeler, Zack",2024-04-03,94.3,2,4
"Wheeler, Zack",2024-04-03,93.6,1,4
"Wheeler, Zack",2024-04-03,94.4,4,2
"Wheeler, Zack",2024-04-03,94.5,1,2
"Wheeler, Zack",2024-04-03,93.7,4,1
"Wheeler, Zack",2024-04-03,93.2,2,1
"Wheeler, Zack",2024-04-03,94.8,1,1
"Webb, Logan",2024-04-02,91.6,2,33
"Webb, Logan",2024-04-02,92,5,31
"Webb, Logan",2024-04-02,91.4,6,17
"Webb, Logan",2024-04-02,91.6,3,17
"Webb, Logan",2024-04-02,92.5,6,9
"Wheeler, Zack",2024-04-14,95.6,1,45
"Wheeler, Zack",2024-04-14,95.1,7,43
"Wheeler, Zack",2024-04-14,94.3,4,43
"Wheeler, Zack",2024-04-14,94.2,3,43
"Wheeler, Zack",2024-04-14,95.2,1,36
"Wheeler, Zack",2024-04-14,95.3,6,35
"Wheeler, Zack",2024-04-14,95.1,5,35
"Wheeler, Zack",2024-04-14,93.3,3,35
"Wheeler, Zack",2024-04-14,93.7,4,34
"Wheeler, Zack",2024-04-14,94.2,1,34
"Wheeler, Zack",2024-04-14,95.1,4,29
"Wheeler, Zack",2024-04-14,94.3,4,27
"Wheeler, Zack",2024-04-14,93.1,3,25
"Wheeler, Zack",2024-04-14,94.9,1,25
"Wheeler, Zack",2024-04-14,95.1,2,19
"Wheeler, Zack",2024-04-14,95.2,2,18
"Wheeler, Zack",2024-04-14,95.6,5,17
"Wheeler, Zack",2024-04-14,95.4,5,12
"Wheeler, Zack",2024-04-14,95.3,4,12
"Wheeler, Zack",2024-04-14,95.2,2,12
"Wheeler, Zack",2024-04-14,96.1,4,11
"Wheeler, Zack",2024-04-14,95.1,6,10
"Wheeler, Zack",2024-04-14,95.1,4,10
"Wheeler, Zack",2024-04-14,95.5,1,10
"Wheeler, Zack",2024-04-14,96.7,6,5
"Wheeler, Zack",2024-04-14,96.5,3,5
"Wheeler, Zack",2024-04-14,96.3,1,4
"Wheeler, Zack",2024-04-14,96.7,1,3
"Wheeler, Zack",2024-04-14,97.1,2,2
"Wheeler, Zack",2024-04-14,96.9,1,2
"Wheeler, Zack",2024-04-14,97.4,4,1
"Wheeler, Zack",2024-04-14,97,3,1
"Wheeler, Zack",2024-04-14,96.4,2,1
"Wheeler, Zack",2024-04-14,96.5,1,1
"Webb, Logan",2024-04-13,93.2,4,60
"Webb, Logan",2024-04-13,92,5,38
"Webb, Logan",2024-04-13,91.5,4,38
"Gausman, Kevin",2024-04-12,89.6,1,34
"Gausman, Kevin",2024-04-12,94.2,4,32
"Gausman, Kevin",2024-04-12,91.7,1,32
"Gausman, Kevin",2024-04-12,91.5,2,31
"Gausman, Kevin",2024-04-12,95.3,3,27
"Gausman, Kevin",2024-04-12,96,2,27
"Gausman, Kevin",2024-04-12,93.5,2,25
"Gausman, Kevin",2024-04-12,94.9,1,25
"Gausman, Kevin",2024-04-12,95.1,3,23
"Gausman, Kevin",2024-04-12,93.1,5,22
"Gausman, Kevin",2024-04-12,94.5,4,22
"Gausman, Kevin",2024-04-12,94.1,1,22
"Gausman, Kevin",2024-04-12,96.3,5,21
"Gausman, Kevin",2024-04-12,94.5,2,13
"Gausman, Kevin",2024-04-12,95.5,4,12
"Gausman, Kevin",2024-04-12,94.7,1,12
"Gausman, Kevin",2024-04-12,95.9,3,11
"Gausman, Kevin",2024-04-12,93.1,2,11
"Gausman, Kevin",2024-04-12,93.6,1,11
"Gausman, Kevin",2024-04-12,93.1,2,10
"Gausman, Kevin",2024-04-12,94.8,5,3
"Gausman, Kevin",2024-04-12,92.7,6,2
"Gausman, Kevin",2024-04-12,94.2,3,2
"Gausman, Kevin",2024-04-12,92.9,2,2
"Gausman, Kevin",2024-04-12,92,1,2
"Gausman, Kevin",2024-04-12,94,1,1
"Wheeler, Zack",2024-04-09,93.8,6,56
"Wheeler, Zack",2024-04-09,94.2,5,56
"Wheeler, Zack",2024-04-09,92.3,4,56
"Wheeler, Zack",2024-04-09,93.2,4,54
"Wheeler, Zack",2024-04-09,92.1,4,53
"Wheeler, Zack",2024-04-09,93.7,6,52
"Wheeler, Zack",2024-04-09,92.9,3,52
"Wheeler, Zack",2024-04-09,93.1,1,45
"Wheeler, Zack",2024-04-09,92,1,43
"Wheeler, Zack",2024-04-09,94.5,1,38
"Wheeler, Zack",2024-04-09,93.2,3,37
"Wheeler, Zack",2024-04-09,94.4,4,36
"Wheeler, Zack",2024-04-09,94.3,3,36
"Wheeler, Zack",2024-04-09,93.7,2,35
"Wheeler, Zack",2024-04-09,92.5,2,34
"Wheeler, Zack",2024-04-09,94.1,4,28
"Wheeler, Zack",2024-04-09,93.9,3,28
"Wheeler, Zack",2024-04-09,94,1,28
"Wheeler, Zack",2024-04-09,94.8,5,27
"Wheeler, Zack",2024-04-09,94,4,27
"Wheeler, Zack",2024-04-09,94.2,6,26
"Wheeler, Zack",2024-04-09,95.1,5,26
"Wheeler, Zack",2024-04-09,94,4,26
"Wheeler, Zack",2024-04-09,93.1,1,26
"Wheeler, Zack",2024-04-09,94.1,4,21
"Wheeler, Zack",2024-04-09,92.7,1,20
"Wheeler, Zack",2024-04-09,94.7,4,19
"Wheeler, Zack",2024-04-09,92.8,2,19
"Wheeler, Zack",2024-04-09,94.6,7,14
"Wheeler, Zack",2024-04-09,95.2,6,14
"Wheeler, Zack",2024-04-09,94.8,4,14
"Wheeler, Zack",2024-04-09,94.4,3,14
"Wheeler, Zack",2024-04-09,93.6,2,14
"Wheeler, Zack",2024-04-09,94.6,3,12
"Wheeler, Zack",2024-04-09,94.4,1,12
"Wheeler, Zack",2024-04-09,94.9,3,11
"Wheeler, Zack",2024-04-09,93.9,2,11
"Wheeler, Zack",2024-04-09,95,1,5
"Wheeler, Zack",2024-04-09,94.6,1,4
"Wheeler, Zack",2024-04-20,95.2,4,64
"Wheeler, Zack",2024-04-20,95.6,3,64
"Wheeler, Zack",2024-04-20,94.6,2,64
"Wheeler, Zack",2024-04-20,95,7,56
"Wheeler, Zack",2024-04-20,95.3,3,56
"Wheeler, Zack",2024-04-20,95.2,2,56
"Wheeler, Zack",2024-04-20,94,3,55
"Wheeler, Zack",2024-04-20,95.6,6,54
"Wheeler, Zack",2024-04-20,94.9,3,54
"Wheeler, Zack",2024-04-20,94,3,46
"Wheeler, Zack",2024-04-20,95.8,2,46
"Wheeler, Zack",2024-04-20,95.5,1,46
"Wheeler, Zack",2024-04-20,94.8,5,45
"Wheeler, Zack",2024-04-20,94.4,4,35
"Wheeler, Zack",2024-04-20,93.9,6,33
"Wheeler, Zack",2024-04-20,95.1,5,33
"Wheeler, Zack",2024-04-20,94.2,1,33
"Wheeler, Zack",2024-04-20,95.6,3,27
"Wheeler, Zack",2024-04-20,95.5,6,26
"Wheeler, Zack",2024-04-20,95,3,26
"Wheeler, Zack",2024-04-20,94.6,4,25
"Wheeler, Zack",2024-04-20,95.4,3,20
"Wheeler, Zack",2024-04-20,94.4,1,20
"Wheeler, Zack",2024-04-20,95.3,2,19
"Wheeler, Zack",2024-04-20,94.7,1,19
"Wheeler, Zack",2024-04-20,96,2,10
"Wheeler, Zack",2024-04-20,96.1,1,10
"Wheeler, Zack",2024-04-20,95.6,2,9
"Wheeler, Zack",2024-04-20,95.3,5,8
"Wheeler, Zack",2024-04-20,95.4,4,8
"Wheeler, Zack",2024-04-20,94.9,1,8
"Wheeler, Zack",2024-04-20,96.1,3,4
"Wheeler, Zack",2024-04-20,96.1,1,4
"Wheeler, Zack",2024-04-20,96.8,1,3
"Wheeler, Zack",2024-04-20,96.3,3,2
"Wheeler, Zack",2024-04-20,96.5,2,2
"Wheeler, Zack",2024-04-20,97.1,10,1
"Wheeler, Zack",2024-04-20,97.4,9,1
"Wheeler, Zack",2024-04-20,97.3,3,1
"Wheeler, Zack",2024-04-20,96.7,2,1
"Wheeler, Zack",2024-04-20,97,1,1
"Webb, Logan",2024-04-18,92.5,4,46
"Webb, Logan",2024-04-18,92,3,39
"Webb, Logan",2024-04-18,92.7,6,32
"Webb, Logan",2024-04-18,91.6,4,32
"Webb, Logan",2024-04-18,92.1,5,17
"Gausman, Kevin",2024-04-17,96,3,38
"Gausman, Kevin",2024-04-17,96.5,2,37
"Gausman, Kevin",2024-04-17,95.1,1,37
"Gausman, Kevin",2024-04-17,93,5,35
"Gausman, Kevin",2024-04-17,96.9,3,35
"Gausman, Kevin",2024-04-17,95.1,2,35
"Gausman, Kevin",2024-04-17,94.7,1,35
"Gausman, Kevin",2024-04-17,95.2,6,34
"Gausman, Kevin",2024-04-17,94.4,5,34
"Gausman, Kevin",2024-04-17,93,2,34
"Gausman, Kevin",2024-04-17,92.3,1,34
"Gausman, Kevin",2024-04-17,93.9,9,29
"Gausman, Kevin",2024-04-17,94.6,4,29
"Gausman, Kevin",2024-04-17,95,6,28
"Gausman, Kevin",2024-04-17,94,3,28
"Gausman, Kevin",2024-04-17,96.3,1,24
"Gausman, Kevin",2024-04-17,95.9,4,23
"Gausman, Kevin",2024-04-17,95.5,3,23
"Gausman, Kevin",2024-04-17,93.1,2,23
"Gausman, Kevin",2024-04-17,93.2,2,22
"Gausman, Kevin",2024-04-17,92.1,1,22
"Gausman, Kevin",2024-04-17,92.5,4,13
"Gausman, Kevin",2024-04-17,93.8,3,13
"Gausman, Kevin",2024-04-17,95.6,6,12
"Gausman, Kevin",2024-04-17,94.8,4,12
"Gausman, Kevin",2024-04-17,94.9,2,12
"Gausman, Kevin",2024-04-17,94.1,1,12
"Gausman, Kevin",2024-04-17,95.9,3,11
"Gausman, Kevin",2024-04-17,95.2,2,11
"Gausman, Kevin",2024-04-17,92.7,1,11
"Gausman, Kevin",2024-04-17,97.9,3,6
"Gausman, Kevin",2024-04-17,97.1,5,5
"Gausman, Kevin",2024-04-17,95.2,1,5
"Gausman, Kevin",2024-04-17,95.9,2,4
"Gausman, Kevin",2024-04-17,94,1,4
"Gausman, Kevin",2024-04-17,95.9,5,3
"Gausman, Kevin",2024-04-17,95.5,3,3
"Gausman, Kevin",2024-04-17,94.6,1,3
"Gausman, Kevin",2024-04-17,95.6,4,2
"Gausman, Kevin",2024-04-17,93.9,1,2
"Gausman, Kevin",2024-04-17,94.4,3,1
"Gausman, Kevin",2024-04-17,95.1,2,1
"Gausman, Kevin",2024-04-17,95.3,1,1
"Gausman, Kevin",2024-04-28,94.8,5,53
"Gausman, Kevin",2024-04-28,91.5,2,53
"Gausman, Kevin",2024-04-28,93,1,53
"Gausman, Kevin",2024-04-28,93.1,1,52
"Gausman, Kevin",2024-04-28,94.8,4,51
"Gausman, Kevin",2024-04-28,91.2,1,50
"Gausman, Kevin",2024-04-28,92.4,1,46
"Gausman, Kevin",2024-04-28,96.7,3,45
"Gausman, Kevin",2024-04-28,95,2,45
"Gausman, Kevin",2024-04-28,93.5,1,45
"Gausman, Kevin",2024-04-28,96.4,5,44
"Gausman, Kevin",2024-04-28,92.1,2,44
"Gausman, Kevin",2024-04-28,93.2,1,44
"Gausman, Kevin",2024-04-28,95.5,5,43
"Gausman, Kevin",2024-04-28,93.5,2,43
"Gausman, Kevin",2024-04-28,91.6,1,43
"Gausman, Kevin",2024-04-28,95.6,1,39
"Gausman, Kevin",2024-04-28,96,3,38
"Gausman, Kevin",2024-04-28,94.7,2,38
"Gausman, Kevin",2024-04-28,92.4,1,38
"Gausman, Kevin",2024-04-28,92.8,3,37
"Gausman, Kevin",2024-04-28,92.1,2,35
"Gausman, Kevin",2024-04-28,95.6,6,29
"Gausman, Kevin",2024-04-28,94.9,4,29
"Gausman, Kevin",2024-04-28,93,3,29
"Gausman, Kevin",2024-04-28,92,2,29
"Gausman, Kevin",2024-04-28,91.6,1,29
"Gausman, Kevin",2024-04-28,91.7,1,28
"Gausman, Kevin",2024-04-28,95.1,4,22
"Gausman, Kevin",2024-04-28,95,3,22
"Gausman, Kevin",2024-04-28,95.2,4,20
"Gausman, Kevin",2024-04-28,92.6,3,20
"Gausman, Kevin",2024-04-28,93.5,2,20
"Gausman, Kevin",2024-04-28,91.6,1,20
"Gausman, Kevin",2024-04-28,95.1,3,19
"Gausman, Kevin",2024-04-28,93.4,2,19
"Gausman, Kevin",2024-04-28,89.8,1,19
"Gausman, Kevin",2024-04-28,94.3,4,11
"Gausman, Kevin",2024-04-28,94.7,2,11
"Gausman, Kevin",2024-04-28,93.5,1,11
"Gausman, Kevin",2024-04-28,92.5,3,10
"Gausman, Kevin",2024-04-28,92.3,2,10
"Gausman, Kevin",2024-04-28,94.4,1,10
"Gausman, Kevin",2024-04-28,92.1,6,9
"Gausman, Kevin",2024-04-28,96,5,9
"Gausman, Kevin",2024-04-28,94.2,4,9
"Gausman, Kevin",2024-04-28,92.4,3,9
"Gausman, Kevin",2024-04-28,92,2,9
"Gausman, Kevin",2024-04-28,90.4,1,8
"Gausman, Kevin",2024-04-28,95.3,3,3
"Gausman, Kevin",2024-04-28,92.7,2,3
"Gausman, Kevin",2024-04-28,93.1,1,3
"Gausman, Kevin",2024-04-28,92.7,4,2
"Gausman, Kevin",2024-04-28,92.8,1,2
"Gausman, Kevin",2024-04-28,92,2,1
"Gausman, Kevin",2024-04-28,91.9,1,1
"Wheeler, Zack",2024-04-25,95.6,6,48
"Wheeler, Zack",2024-04-25,94.3,4,48
"Wheeler, Zack",2024-04-25,95.8,1,48
"Wheeler, Zack",2024-04-25,94.4,4,47
"Wheeler, Zack",2024-04-25,94,3,47
"Wheeler, Zack",2024-04-25,94.5,7,46
"Wheeler, Zack",2024-04-25,94.7,6,46
"Wheeler, Zack",2024-04-25,94,5,46
"Wheeler, Zack",2024-04-25,93.4,4,46
"Wheeler, Zack",2024-04-25,94.9,1,40
"Wheeler, Zack",2024-04-25,94.2,3,32
"Wheeler, Zack",2024-04-25,94.8,4,31
"Wheeler, Zack",2024-04-25,95.1,1,31
"Wheeler, Zack",2024-04-25,94,5,30
"Wheeler, Zack",2024-04-25,93.2,1,30
"Wheeler, Zack",2024-04-25,95.8,9,26
"Wheeler, Zack",2024-04-25,95.2,5,26
"Wheeler, Zack",2024-04-25,94.4,5,25
"Wheeler, Zack",2024-04-25,94.8,1,25
"Wheeler, Zack",2024-04-25,95,4,24
"Wheeler, Zack",2024-04-25,95.2,6,23
"Wheeler, Zack",2024-04-25,93.5,4,23
"Wheeler, Zack",2024-04-25,93.9,3,23
"Wheeler, Zack",2024-04-25,94.1,5,21
"Wheeler, Zack",2024-04-25,93.4,4,21
"Wheeler, Zack",2024-04-25,93.7,1,21
"Wheeler, Zack",2024-04-25,94.1,1,12
"Wheeler, Zack",2024-04-25,94.6,1,6
"Wheeler, Zack",2024-04-25,95.1,5,5
"Wheeler, Zack",2024-04-25,95.4,4,5
"Wheeler, Zack",2024-04-25,95,1,5
"Wheeler, Zack",2024-04-25,94.7,3,4
"Wheeler, Zack",2024-04-25,94.1,1,4
"Webb, Logan",2024-04-23,92,4,58
"Webb, Logan",2024-04-23,92,6,57
"Gausman, Kevin",2024-04-23,96.5,2,60
"Gausman, Kevin",2024-04-23,94.5,1,60
"Webb, Logan",2024-04-23,92.1,2,57
"Gausman, Kevin",2024-04-23,95.3,2,59
"Gausman, Kevin",2024-04-23,93.9,1,59
"Gausman, Kevin",2024-04-23,90.3,1,58
"Webb, Logan",2024-04-23,92,2,49
"Gausman, Kevin",2024-04-23,92.8,1,53
"Gausman, Kevin",2024-04-23,91.1,4,52
"Gausman, Kevin",2024-04-23,92.4,3,52
"Gausman, Kevin",2024-04-23,91.5,1,51
"Gausman, Kevin",2024-04-23,96,1,47
"Gausman, Kevin",2024-04-23,95.3,1,45
"Gausman, Kevin",2024-04-23,92.5,1,44
"Webb, Logan",2024-04-23,92.3,3,38
"Webb, Logan",2024-04-23,92.1,2,38
"Webb, Logan",2024-04-23,91.5,3,37
"Gausman, Kevin",2024-04-23,91.3,2,41
"Gausman, Kevin",2024-04-23,93.9,5,34
"Webb, Logan",2024-04-23,91.6,4,28
"Gausman, Kevin",2024-04-23,94.8,4,33
"Gausman, Kevin",2024-04-23,90.5,1,33
"Gausman, Kevin",2024-04-23,91.7,1,32
"Gausman, Kevin",2024-04-23,96.9,2,27
"Gausman, Kevin",2024-04-23,94.4,2,25
"Gausman, Kevin",2024-04-23,93.1,1,25
"Gausman, Kevin",2024-04-23,94.9,3,24
"Gausman, Kevin",2024-04-23,91.8,2,24
"Gausman, Kevin",2024-04-23,92.5,1,24
"Gausman, Kevin",2024-04-23,95.3,6,16
"Gausman, Kevin",2024-04-23,95.6,2,15
"Gausman, Kevin",2024-04-23,93.6,1,15
"Gausman, Kevin",2024-04-23,90.1,2,14
"Webb, Logan",2024-04-23,90.9,2,13
"Gausman, Kevin",2024-04-23,91.4,1,14
"Gausman, Kevin",2024-04-23,95,5,7
"Gausman, Kevin",2024-04-23,94.1,3,7
"Gausman, Kevin",2024-04-23,93.9,2,7
"Gausman, Kevin",2024-04-23,92.8,1,6
"Gausman, Kevin",2024-04-23,92.8,1,5
"Webb, Logan",2024-05-05,90.7,5,37
"Webb, Logan",2024-05-05,91.9,6,34
"Webb, Logan",2024-05-05,90.1,7,29
"Webb, Logan",2024-05-05,90,5,28
"Webb, Logan",2024-05-05,90.5,5,26
"Webb, Logan",2024-05-05,91.3,5,12
"Webb, Logan",2024-05-05,91.7,6,6
"Gausman, Kevin",2024-05-04,94.5,9,48
"Gausman, Kevin",2024-05-04,96.9,6,48
"Gausman, Kevin",2024-05-04,95.1,5,48
"Gausman, Kevin",2024-05-04,94.9,3,48
"Gausman, Kevin",2024-05-04,91.9,2,48
"Gausman, Kevin",2024-05-04,91.4,6,47
"Gausman, Kevin",2024-05-04,90.9,4,47
"Gausman, Kevin",2024-05-04,90.3,3,47
"Gausman, Kevin",2024-05-04,95,4,42
"Gausman, Kevin",2024-05-04,95.1,3,42
"Gausman, Kevin",2024-05-04,92.8,2,42
"Gausman, Kevin",2024-05-04,93,1,42
"Gausman, Kevin",2024-05-04,94,8,40
"Gausman, Kevin",2024-05-04,95.2,7,40
"Gausman, Kevin",2024-05-04,95.3,6,40
"Gausman, Kevin",2024-05-04,95.1,4,40
"Gausman, Kevin",2024-05-04,92.8,2,40
"Gausman, Kevin",2024-05-04,91.1,1,40
"Gausman, Kevin",2024-05-04,94.3,2,36
"Gausman, Kevin",2024-05-04,91.2,5,35
"Gausman, Kevin",2024-05-04,90.8,4,35
"Gausman, Kevin",2024-05-04,91.8,1,35
"Gausman, Kevin",2024-05-04,93.3,4,34
"Gausman, Kevin",2024-05-04,91.9,2,34
"Gausman, Kevin",2024-05-04,90.1,1,34
"Gausman, Kevin",2024-05-04,93.6,1,29
"Gausman, Kevin",2024-05-04,93.3,7,28
"Gausman, Kevin",2024-05-04,95,6,28
"Gausman, Kevin",2024-05-04,95.6,4,28
"Gausman, Kevin",2024-05-04,93.9,3,28
"Gausman, Kevin",2024-05-04,94.6,2,28
"Gausman, Kevin",2024-05-04,92.5,1,28
"Gausman, Kevin",2024-05-04,91.1,1,27
"Gausman, Kevin",2024-05-04,95.1,5,26
"Gausman, Kevin",2024-05-04,93.7,4,22
"Gausman, Kevin",2024-05-04,92.8,3,22
"Gausman, Kevin",2024-05-04,92.1,2,22
"Gausman, Kevin",2024-05-04,91.6,1,21
"Gausman, Kevin",2024-05-04,93.1,2,20
"Gausman, Kevin",2024-05-04,92.9,6,19
"Gausman, Kevin",2024-05-04,91.1,5,19
"Gausman, Kevin",2024-05-04,91.3,4,19
"Gausman, Kevin",2024-05-04,89.8,1,19
"Gausman, Kevin",2024-05-04,94.1,4,14
"Gausman, Kevin",2024-05-04,93.9,2,14
"Gausman, Kevin",2024-05-04,94.3,1,14
"Gausman, Kevin",2024-05-04,96,6,13
"Gausman, Kevin",2024-05-04,92.3,5,13
"Gausman, Kevin",2024-05-04,92.2,4,13
"Gausman, Kevin",2024-05-04,93.2,2,13
"Gausman, Kevin",2024-05-04,93.9,7,12
"Gausman, Kevin",2024-05-04,93.1,6,12
"Gausman, Kevin",2024-05-04,94,5,12
"Gausman, Kevin",2024-05-04,93.9,3,12
"Gausman, Kevin",2024-05-04,92.7,2,12
"Gausman, Kevin",2024-05-04,92.4,1,12
"Gausman, Kevin",2024-05-04,91.4,5,11
"Gausman, Kevin",2024-05-04,89.6,4,11
"Gausman, Kevin",2024-05-04,91.5,3,11
"Gausman, Kevin",2024-05-04,91.8,2,11
"Gausman, Kevin",2024-05-04,91.9,1,11
"Gausman, Kevin",2024-05-04,91.8,2,10
"Gausman, Kevin",2024-05-04,91.2,1,10
"Wheeler, Zack",2024-05-01,95.1,1,43
"Wheeler, Zack",2024-05-01,95.1,5,42
"Wheeler, Zack",2024-05-01,95.6,4,42
"Wheeler, Zack",2024-05-01,95.8,3,42
"Wheeler, Zack",2024-05-01,95,3,41
"Wheeler, Zack",2024-05-01,95.8,8,34
"Wheeler, Zack",2024-05-01,94.3,7,34
"Wheeler, Zack",2024-05-01,94.1,4,34
"Wheeler, Zack",2024-05-01,94.3,2,34
"Wheeler, Zack",2024-05-01,95.1,3,30
"Wheeler, Zack",2024-05-01,95.7,2,30
"Wheeler, Zack",2024-05-01,94.8,4,29
"Wheeler, Zack",2024-05-01,94.7,3,29
"Wheeler, Zack",2024-05-01,95.7,8,28
"Wheeler, Zack",2024-05-01,94.6,4,28
"Wheeler, Zack",2024-05-01,94.9,4,21
"Wheeler, Zack",2024-05-01,95.8,1,20
"Wheeler, Zack",2024-05-01,95.4,6,19
"Wheeler, Zack",2024-05-01,94.5,3,19
"Wheeler, Zack",2024-05-01,94.3,2,19
"Wheeler, Zack",2024-05-01,95.7,1,19
"Wheeler, Zack",2024-05-01,93.4,6,18
"Wheeler, Zack",2024-05-01,93.9,5,18
"Wheeler, Zack",2024-05-01,94.4,2,18
"Wheeler, Zack",2024-05-01,94.4,1,18
"Wheeler, Zack",2024-05-01,93.3,1,17
"Wheeler, Zack",2024-05-01,95.2,5,9
"Wheeler, Zack",2024-05-01,95.1,4,9
"Wheeler, Zack",2024-05-01,95,3,9
"Wheeler, Zack",2024-05-01,94.2,2,9
"Wheeler, Zack",2024-05-01,95.3,1,9
"Wheeler, Zack",2024-05-01,94.3,4,8
"Wheeler, Zack",2024-05-01,95,1,8
"Wheeler, Zack",2024-05-01,94.6,4,7
"Wheeler, Zack",2024-05-01,93.5,1,7
"Wheeler, Zack",2024-05-01,95.2,5,6
"Wheeler, Zack",2024-05-01,95.3,4,6
"Wheeler, Zack",2024-05-01,95.3,6,5
"Wheeler, Zack",2024-05-01,94.6,3,5
"Wheeler, Zack",2024-05-01,95.1,2,5
"Wheeler, Zack",2024-05-01,94.1,1,5
"Wheeler, Zack",2024-05-12,94.8,7,37
"Wheeler, Zack",2024-05-12,95,4,37
"Wheeler, Zack",2024-05-12,95.1,2,37
"Wheeler, Zack",2024-05-12,94.6,5,36
"Wheeler, Zack",2024-05-12,94.8,3,36
"Wheeler, Zack",2024-05-12,94.7,2,36
"Wheeler, Zack",2024-05-12,95,1,36
"Wheeler, Zack",2024-05-12,93.9,1,34
"Wheeler, Zack",2024-05-12,94.3,2,28
"Wheeler, Zack",2024-05-12,95.5,4,27
"Wheeler, Zack",2024-05-12,94.7,2,27
"Wheeler, Zack",2024-05-12,95.4,1,27
"Wheeler, Zack",2024-05-12,94.2,4,26
"Wheeler, Zack",2024-05-12,94.7,3,26
"Wheeler, Zack",2024-05-12,94.9,2,26
"Wheeler, Zack",2024-05-12,94.1,4,24
"Wheeler, Zack",2024-05-12,94.8,2,24
"Wheeler, Zack",2024-05-12,95.5,1,24
"Wheeler, Zack",2024-05-12,94.3,1,23
"Wheeler, Zack",2024-05-12,94.6,2,19
"Wheeler, Zack",2024-05-12,95.4,7,18
"Wheeler, Zack",2024-05-12,95.1,4,18
"Wheeler, Zack",2024-05-12,95,2,18
"Wheeler, Zack",2024-05-12,95.2,2,17
"Wheeler, Zack",2024-05-12,95.3,2,16
"Wheeler, Zack",2024-05-12,95.4,1,16
"Wheeler, Zack",2024-05-12,95,7,15
"Wheeler, Zack",2024-05-12,95.1,2,15
"Wheeler, Zack",2024-05-12,95.1,1,15
"Wheeler, Zack",2024-05-12,96.2,6,14
"Wheeler, Zack",2024-05-12,95.9,4,14
"Wheeler, Zack",2024-05-12,94.1,1,14
"Wheeler, Zack",2024-05-12,97.3,2,10
"Wheeler, Zack",2024-05-12,95.4,1,9
"Wheeler, Zack",2024-05-12,95.8,2,8
"Wheeler, Zack",2024-05-12,95.2,1,8
"Gausman, Kevin",2024-05-11,97.2,5,29
"Gausman, Kevin",2024-05-11,94.8,1,28
"Gausman, Kevin",2024-05-11,94.7,4,27
"Gausman, Kevin",2024-05-11,95.2,4,26
"Gausman, Kevin",2024-05-11,94.6,3,26
"Gausman, Kevin",2024-05-11,95.4,2,26
"Gausman, Kevin",2024-05-11,95.3,3,25
"Gausman, Kevin",2024-05-11,95.4,1,25
"Gausman, Kevin",2024-05-11,95.7,4,24
"Gausman, Kevin",2024-05-11,93.9,3,24
"Gausman, Kevin",2024-05-11,94.6,2,24
"Gausman, Kevin",2024-05-11,95.4,1,24
"Gausman, Kevin",2024-05-11,92.3,4,23
"Gausman, Kevin",2024-05-11,97.5,4,17
"Gausman, Kevin",2024-05-11,96.7,3,17
"Gausman, Kevin",2024-05-11,96.3,2,17
"Gausman, Kevin",2024-05-11,95.6,1,17
"Gausman, Kevin",2024-05-11,95.8,7,16
"Gausman, Kevin",2024-05-11,96.8,1,16
"Gausman, Kevin",2024-05-11,96.4,3,15
"Gausman, Kevin",2024-05-11,97.1,2,15
"Gausman, Kevin",2024-05-11,96.6,5,14
"Gausman, Kevin",2024-05-11,97.9,1,14
"Gausman, Kevin",2024-05-11,96.7,4,13
"Gausman, Kevin",2024-05-11,94.1,5,12
"Gausman, Kevin",2024-05-11,93.1,1,12
"Gausman, Kevin",2024-05-11,96.4,2,7
"Gausman, Kevin",2024-05-11,96.3,1,7
"Gausman, Kevin",2024-05-11,95.3,2,6
"Gausman, Kevin",2024-05-11,95,1,6
"Gausman, Kevin",2024-05-11,98.3,4,5
"Gausman, Kevin",2024-05-11,95.2,1,5
"Gausman, Kevin",2024-05-11,96.9,4,4
"Gausman, Kevin",2024-05-11,94.9,4,3
"Gausman, Kevin",2024-05-11,96.2,3,3
"Gausman, Kevin",2024-05-11,95.4,1,3
"Gausman, Kevin",2024-05-11,94.7,4,2
"Gausman, Kevin",2024-05-11,93.4,3,2
"Gausman, Kevin",2024-05-11,93.4,1,2
"Gausman, Kevin",2024-05-11,93.2,2,1
"Gausman, Kevin",2024-05-11,93.8,1,1
"Webb, Logan",2024-05-10,93,6,48
"Webb, Logan",2024-05-10,92.5,2,20
"Webb, Logan",2024-05-10,92.5,5,13
"Wheeler, Zack",2024-05-06,95.6,3,55
"Wheeler, Zack",2024-05-06,95.3,3,54
"Wheeler, Zack",2024-05-06,95.1,1,54
"Wheeler, Zack",2024-05-06,95.3,6,53
"Wheeler, Zack",2024-05-06,94.4,5,53
"Wheeler, Zack",2024-05-06,94.3,4,53
"Wheeler, Zack",2024-05-06,94.1,3,53
"Wheeler, Zack",2024-05-06,94.7,2,53
"Wheeler, Zack",2024-05-06,94.7,5,49
"Wheeler, Zack",2024-05-06,94.5,4,49
"Wheeler, Zack",2024-05-06,93.6,2,49
"Wheeler, Zack",2024-05-06,93.3,3,47
"Wheeler, Zack",2024-05-06,93,2,47
"Wheeler, Zack",2024-05-06,93.1,1,47
"Wheeler, Zack",2024-05-06,93.5,1,45
"Wheeler, Zack",2024-05-06,94.9,3,36
"Wheeler, Zack",2024-05-06,95.4,3,35
"Wheeler, Zack",2024-05-06,95.5,6,34
"Wheeler, Zack",2024-05-06,94.8,4,34
"Wheeler, Zack",2024-05-06,94.5,3,34
"Wheeler, Zack",2024-05-06,93.4,2,34
"Wheeler, Zack",2024-05-06,95.4,7,27
"Wheeler, Zack",2024-05-06,94.2,6,27
"Wheeler, Zack",2024-05-06,95.7,5,27
"Wheeler, Zack",2024-05-06,95.3,1,27
"Wheeler, Zack",2024-05-06,94.7,4,26
"Wheeler, Zack",2024-05-06,94.4,1,26
"Wheeler, Zack",2024-05-06,94.3,1,25
"Wheeler, Zack",2024-05-06,95.4,7,24
"Wheeler, Zack",2024-05-06,95,6,24
"Wheeler, Zack",2024-05-06,94.7,3,24
"Wheeler, Zack",2024-05-06,94,2,24
"Wheeler, Zack",2024-05-06,93.8,2,23
"Wheeler, Zack",2024-05-06,95.3,3,17
"Wheeler, Zack",2024-05-06,95.6,1,17
"Gausman, Kevin",2024-05-18,95.5,2,49
"Gausman, Kevin",2024-05-18,93.8,1,48
"Gausman, Kevin",2024-05-18,94.6,1,47
"Gausman, Kevin",2024-05-18,97,7,46
"Gausman, Kevin",2024-05-18,97.1,6,46
"Gausman, Kevin",2024-05-18,97.1,5,46
"Gausman, Kevin",2024-05-18,96.6,3,46
"Gausman, Kevin",2024-05-18,95.7,2,46
"Gausman, Kevin",2024-05-18,94.9,5,45
"Gausman, Kevin",2024-05-18,94,2,45
"Gausman, Kevin",2024-05-18,95.1,1,45
"Gausman, Kevin",2024-05-18,93.7,3,43
"Gausman, Kevin",2024-05-18,93.2,3,42
"Gausman, Kevin",2024-05-18,90.8,1,42
"Gausman, Kevin",2024-05-18,94.8,2,35
"Gausman, Kevin",2024-05-18,94.3,6,34
"Gausman, Kevin",2024-05-18,95.4,4,34
"Gausman, Kevin",2024-05-18,95,3,34
"Gausman, Kevin",2024-05-18,89,1,34
"Gausman, Kevin",2024-05-18,95.4,8,25
"Gausman, Kevin",2024-05-18,95.2,7,25
"Gausman, Kevin",2024-05-18,94.9,4,24
"Gausman, Kevin",2024-05-18,94.7,3,24
"Gausman, Kevin",2024-05-18,90.1,1,24
"Gausman, Kevin",2024-05-18,96.5,5,19
"Gausman, Kevin",2024-05-18,95.4,4,19
"Gausman, Kevin",2024-05-18,95.2,3,19
"Gausman, Kevin",2024-05-18,94.6,4,17
"Gausman, Kevin",2024-05-18,91.8,2,16
"Gausman, Kevin",2024-05-18,89.7,1,16
"Gausman, Kevin",2024-05-18,94.5,7,11
"Gausman, Kevin",2024-05-18,95.4,6,11
"Gausman, Kevin",2024-05-18,93.2,5,11
"Gausman, Kevin",2024-05-18,90.9,2,11
"Gausman, Kevin",2024-05-18,90,1,11
"Gausman, Kevin",2024-05-18,89.3,1,10
"Gausman, Kevin",2024-05-18,94.1,8,4
"Gausman, Kevin",2024-05-18,95.4,7,4
"Gausman, Kevin",2024-05-18,95.1,6,4
"Gausman, Kevin",2024-05-18,94.1,3,4
"Gausman, Kevin",2024-05-18,93.8,2,4
"Gausman, Kevin",2024-05-18,92.5,1,3
"Gausman, Kevin",2024-05-18,94.4,6,2
"Gausman, Kevin",2024-05-18,93,1,2
"Gausman, Kevin",2024-05-18,92.8,2,1
"Gausman, Kevin",2024-05-18,92.2,1,1
"Wheeler, Zack",2024-05-17,94.5,1,57
"Wheeler, Zack",2024-05-17,96,3,53
"Wheeler, Zack",2024-05-17,95.6,2,53
"Wheeler, Zack",2024-05-17,95,2,52
"Wheeler, Zack",2024-05-17,93.8,1,51
"Wheeler, Zack",2024-05-17,97.1,6,46
"Wheeler, Zack",2024-05-17,96.2,5,46
"Wheeler, Zack",2024-05-17,95.3,2,46
"Wheeler, Zack",2024-05-17,96.1,5,45
"Wheeler, Zack",2024-05-17,94.9,2,45
"Wheeler, Zack",2024-05-17,95.2,2,41
"Wheeler, Zack",2024-05-17,96.7,1,41
"Wheeler, Zack",2024-05-17,96.3,8,40
"Wheeler, Zack",2024-05-17,96.9,6,40
"Wheeler, Zack",2024-05-17,96.5,4,40
"Wheeler, Zack",2024-05-17,96,3,40
"Wheeler, Zack",2024-05-17,97.1,2,40
"Wheeler, Zack",2024-05-17,96.7,2,39
"Wheeler, Zack",2024-05-17,97,2,38
"Wheeler, Zack",2024-05-17,94.7,1,38
"Wheeler, Zack",2024-05-17,94.8,1,37
"Wheeler, Zack",2024-05-17,96.2,5,33
"Wheeler, Zack",2024-05-17,96,2,33
"Wheeler, Zack",2024-05-17,94.4,6,32
"Wheeler, Zack",2024-05-17,96.6,3,32
"Wheeler, Zack",2024-05-17,95.7,1,32
"Wheeler, Zack",2024-05-17,96.1,1,31
"Wheeler, Zack",2024-05-17,96.2,4,30
"Wheeler, Zack",2024-05-17,96.5,2,30
"Wheeler, Zack",2024-05-17,96.1,1,30
"Wheeler, Zack",2024-05-17,97.4,2,22
"Wheeler, Zack",2024-05-17,96.5,1,22
"Wheeler, Zack",2024-05-17,96.8,6,21
"Wheeler, Zack",2024-05-17,96.4,3,21
"Wheeler, Zack",2024-05-17,96,2,21
"Wheeler, Zack",2024-05-17,96.3,1,21
"Wheeler, Zack",2024-05-17,96.1,3,15
"Wheeler, Zack",2024-05-17,96.9,2,15
"Wheeler, Zack",2024-05-17,96,1,15
"Wheeler, Zack",2024-05-17,96.2,4,14
"Wheeler, Zack",2024-05-17,97,1,12
"Wheeler, Zack",2024-05-17,96.9,4,11
"Wheeler, Zack",2024-05-17,97.5,1,11
"Wheeler, Zack",2024-05-17,97.5,6,10
"Wheeler, Zack",2024-05-17,97.4,5,10
"Wheeler, Zack",2024-05-17,96.7,4,10
"Wheeler, Zack",2024-05-17,97.4,3,10
"Wheeler, Zack",2024-05-17,96.4,2,10
"Wheeler, Zack",2024-05-17,97,1,10
"Wheeler, Zack",2024-05-17,97.8,4,3
"Wheeler, Zack",2024-05-17,97.1,3,3
"Wheeler, Zack",2024-05-17,97.1,2,3
"Wheeler, Zack",2024-05-17,97.5,3,2
"Wheeler, Zack",2024-05-17,96.5,2,2
"Wheeler, Zack",2024-05-17,97.1,1,2
"Wheeler, Zack",2024-05-17,96.5,1,1
"Webb, Logan",2024-05-15,92.5,3,21
"Webb, Logan",2024-05-15,92.4,4,4
"Webb, Logan",2024-05-15,93.3,3,3
"Webb, Logan",2024-05-26,91.8,3,48
"Webb, Logan",2024-05-26,91.9,4,46
"Webb, Logan",2024-05-26,92.1,3,32
"Webb, Logan",2024-05-26,92.1,4,30
"Webb, Logan",2024-05-26,91.2,3,30
"Webb, Logan",2024-05-26,93.4,5,14
"Webb, Logan",2024-05-26,93.3,2,13
"Webb, Logan",2024-05-26,92.6,3,6
"Wheeler, Zack",2024-05-23,95.9,4,56
"Wheeler, Zack",2024-05-23,95.5,3,56
"Wheeler, Zack",2024-05-23,95.6,2,56
"Wheeler, Zack",2024-05-23,95,2,54
"Wheeler, Zack",2024-05-23,96.1,3,53
"Wheeler, Zack",2024-05-23,95.4,2,53
"Wheeler, Zack",2024-05-23,94.2,2,51
"Wheeler, Zack",2024-05-23,94.7,1,51
"Wheeler, Zack",2024-05-23,94.5,2,47
"Wheeler, Zack",2024-05-23,94.9,1,46
"Wheeler, Zack",2024-05-23,95.7,5,45
"Wheeler, Zack",2024-05-23,95.5,4,45
"Wheeler, Zack",2024-05-23,95.8,1,40
"Wheeler, Zack",2024-05-23,93.9,5,37
"Wheeler, Zack",2024-05-23,95.2,3,28
"Wheeler, Zack",2024-05-23,96.2,3,27
"Wheeler, Zack",2024-05-23,96.6,2,27
"Wheeler, Zack",2024-05-23,96.3,1,27
"Wheeler, Zack",2024-05-23,95.5,4,26
"Wheeler, Zack",2024-05-23,96.2,6,21
"Wheeler, Zack",2024-05-23,96.1,3,21
"Wheeler, Zack",2024-05-23,95.9,4,19
"Wheeler, Zack",2024-05-23,95.8,1,19
"Wheeler, Zack",2024-05-23,95.6,5,12
"Wheeler, Zack",2024-05-23,96.9,4,12
"Wheeler, Zack",2024-05-23,96,2,12
"Wheeler, Zack",2024-05-23,96,4,11
"Wheeler, Zack",2024-05-23,95.5,1,11
"Wheeler, Zack",2024-05-23,96,5,10
"Wheeler, Zack",2024-05-23,95.1,1,10
"Wheeler, Zack",2024-05-23,97.2,3,9
"Wheeler, Zack",2024-05-23,96.8,1,9
"Wheeler, Zack",2024-05-23,96.1,2,8
"Wheeler, Zack",2024-05-23,96.5,3,3
"Wheeler, Zack",2024-05-23,96.8,2,3
"Gausman, Kevin",2024-05-23,92.8,1,5
"Gausman, Kevin",2024-05-23,93.3,6,4
"Wheeler, Zack",2024-05-23,96.7,1,3
"Wheeler, Zack",2024-05-23,96.5,2,2
"Gausman, Kevin",2024-05-23,92.4,5,4
"Wheeler, Zack",2024-05-23,96.2,1,2
"Gausman, Kevin",2024-05-23,91.9,4,4
"Gausman, Kevin",2024-05-23,93.2,3,4
"Gausman, Kevin",2024-05-23,92.1,1,4
"Webb, Logan",2024-05-21,92.1,5,44
"Webb, Logan",2024-05-21,92.4,2,33
"Webb, Logan",2024-05-21,92,3,24
"Webb, Logan",2024-05-21,92,4,16
"Webb, Logan",2024-06-01,91.8,5,43
"Webb, Logan",2024-06-01,92.9,4,43
"Webb, Logan",2024-06-01,93.3,5,35
"Webb, Logan",2024-06-01,93,3,4
"Wheeler, Zack",2024-05-28,95.9,9,44
"Wheeler, Zack",2024-05-28,95.4,2,43
"Wheeler, Zack",2024-05-28,95.4,1,43
"Wheeler, Zack",2024-05-28,96.3,3,42
"Wheeler, Zack",2024-05-28,95.1,1,42
"Gausman, Kevin",2024-05-28,94.3,5,50
"Wheeler, Zack",2024-05-28,95,2,37
"Wheeler, Zack",2024-05-28,96,5,36
"Wheeler, Zack",2024-05-28,95.5,3,36
"Gausman, Kevin",2024-05-28,94.4,3,49
"Gausman, Kevin",2024-05-28,95.8,2,49
"Gausman, Kevin",2024-05-28,93.8,1,49
"Gausman, Kevin",2024-05-28,94.3,5,48
"Wheeler, Zack",2024-05-28,96.2,3,30
"Gausman, Kevin",2024-05-28,92.9,1,48
"Gausman, Kevin",2024-05-28,94.7,1,41
"Gausman, Kevin",2024-05-28,95,3,40
"Wheeler, Zack",2024-05-28,95.6,3,29
"Wheeler, Zack",2024-05-28,95.5,2,29
"Wheeler, Zack",2024-05-28,95.5,1,29
"Gausman, Kevin",2024-05-28,92.7,3,39
"Wheeler, Zack",2024-05-28,94.9,4,27
"Wheeler, Zack",2024-05-28,94.6,3,27
"Gausman, Kevin",2024-05-28,95,4,33
"Wheeler, Zack",2024-05-28,93.7,1,27
"Gausman, Kevin",2024-05-28,94.1,3,33
"Gausman, Kevin",2024-05-28,93.7,2,33
"Gausman, Kevin",2024-05-28,94.4,2,32
"Wheeler, Zack",2024-05-28,96,7,21
"Wheeler, Zack",2024-05-28,95.5,6,21
"Gausman, Kevin",2024-05-28,95.3,1,32
"Gausman, Kevin",2024-05-28,95.4,12,31
"Wheeler, Zack",2024-05-28,96.2,2,21
"Gausman, Kevin",2024-05-28,96.3,9,31
"Wheeler, Zack",2024-05-28,96.1,4,20
"Wheeler, Zack",2024-05-28,96.3,3,20
"Gausman, Kevin",2024-05-28,96,6,31
"Gausman, Kevin",2024-05-28,96,5,31
"Wheeler, Zack",2024-05-28,95.1,6,19
"Gausman, Kevin",2024-05-28,94.5,4,31
"Gausman, Kevin",2024-05-28,92.8,1,31
"Gausman, Kevin",2024-05-28,96.2,6,26
"Gausman, Kevin",2024-05-28,96.3,5,26
"Wheeler, Zack",2024-05-28,94.6,7,14
"Gausman, Kevin",2024-05-28,95.4,4,26
"Wheeler, Zack",2024-05-28,95.9,6,14
"Gausman, Kevin",2024-05-28,94.6,2,26
"Wheeler, Zack",2024-05-28,96,4,14
"Gausman, Kevin",2024-05-28,95.3,1,26
"Wheeler, Zack",2024-05-28,96.6,3,14
"Wheeler, Zack",2024-05-28,96,2,14
"Wheeler, Zack",2024-05-28,95.8,3,13
"Gausman, Kevin",2024-05-28,95.1,1,25
"Gausman, Kevin",2024-05-28,94.8,4,24
"Wheeler, Zack",2024-05-28,96.5,7,12
"Wheeler, Zack",2024-05-28,96.3,6,12
"Gausman, Kevin",2024-05-28,93.7,1,23
"Gausman, Kevin",2024-05-28,92.4,1,22
"Wheeler, Zack",2024-05-28,96.2,3,12
"Gausman, Kevin",2024-05-28,95,1,18
"Wheeler, Zack",2024-05-28,96,2,12
"Gausman, Kevin",2024-05-28,95.9,3,17
"Gausman, Kevin",2024-05-28,95,2,17
"Wheeler, Zack",2024-05-28,95.8,1,8
"Gausman, Kevin",2024-05-28,94.5,1,17
"Gausman, Kevin",2024-05-28,93.9,4,16
"Gausman, Kevin",2024-05-28,92.9,3,16
"Gausman, Kevin",2024-05-28,92.8,1,16
"Wheeler, Zack",2024-05-28,96.6,6,6
"Gausman, Kevin",2024-05-28,94.5,5,7
"Wheeler, Zack",2024-05-28,96.9,5,6
"Wheeler, Zack",2024-05-28,96.5,4,6
"Gausman, Kevin",2024-05-28,93.7,4,7
"Wheeler, Zack",2024-05-28,97.5,3,6
"Gausman, Kevin",2024-05-28,93.4,2,7
"Wheeler, Zack",2024-05-28,98.1,2,6
"Wheeler, Zack",2024-05-28,97.6,1,6
"Gausman, Kevin",2024-05-28,92.4,3,6
"Gausman, Kevin",2024-05-28,93,2,6
"Gausman, Kevin",2024-05-28,93.1,1,6
"Wheeler, Zack",2024-05-28,96.5,3,5
"Gausman, Kevin",2024-05-28,93.3,2,5
"Gausman, Kevin",2024-05-28,93,1,5
"Wheeler, Zack",2024-05-28,96.1,1,5
"Gausman, Kevin",2024-06-08,95.3,6,76
"Gausman, Kevin",2024-06-08,93.9,5,76
"Gausman, Kevin",2024-06-08,94.5,4,75
"Gausman, Kevin",2024-06-08,95.3,5,67
"Gausman, Kevin",2024-06-08,92.8,4,67
"Gausman, Kevin",2024-06-08,93.3,2,67
"Gausman, Kevin",2024-06-08,93.2,1,67
"Gausman, Kevin",2024-06-08,94,2,66
"Gausman, Kevin",2024-06-08,92,1,66
"Gausman, Kevin",2024-06-08,93.2,3,64
"Gausman, Kevin",2024-06-08,94.9,6,59
"Gausman, Kevin",2024-06-08,93.6,4,59
"Gausman, Kevin",2024-06-08,95.5,5,57
"Gausman, Kevin",2024-06-08,93.2,2,57
"Gausman, Kevin",2024-06-08,92.8,1,57
"Gausman, Kevin",2024-06-08,92.3,3,56
"Gausman, Kevin",2024-06-08,92.5,3,55
"Gausman, Kevin",2024-06-08,92.2,2,55
"Gausman, Kevin",2024-06-08,94.2,2,51
"Gausman, Kevin",2024-06-08,92.7,1,50
"Gausman, Kevin",2024-06-08,94.9,3,49
"Gausman, Kevin",2024-06-08,92,2,49
"Gausman, Kevin",2024-06-08,90.2,1,49
"Gausman, Kevin",2024-06-08,92,3,43
"Gausman, Kevin",2024-06-08,93,1,43
"Gausman, Kevin",2024-06-08,90.3,2,42
"Gausman, Kevin",2024-06-08,88.8,1,42
"Gausman, Kevin",2024-06-08,94.7,3,31
"Gausman, Kevin",2024-06-08,93.2,3,30
"Gausman, Kevin",2024-06-08,94.6,2,30
"Gausman, Kevin",2024-06-08,93.4,1,30
"Gausman, Kevin",2024-06-08,94.4,1,25
"Gausman, Kevin",2024-06-08,93.5,2,24
"Gausman, Kevin",2024-06-08,93.1,1,24
"Gausman, Kevin",2024-06-08,96.1,5,23
"Gausman, Kevin",2024-06-08,93.5,4,23
"Gausman, Kevin",2024-06-08,92.3,3,23
"Gausman, Kevin",2024-06-08,93.1,4,22
"Gausman, Kevin",2024-06-08,90.5,1,22
"Gausman, Kevin",2024-06-08,92.7,4,18
"Gausman, Kevin",2024-06-08,92.5,3,18
"Gausman, Kevin",2024-06-08,92.2,2,18
"Gausman, Kevin",2024-06-08,93.4,1,18
"Gausman, Kevin",2024-06-08,94.2,5,16
"Gausman, Kevin",2024-06-08,89.1,2,16
"Gausman, Kevin",2024-06-08,91.4,1,16
"Gausman, Kevin",2024-06-08,93,1,10
"Gausman, Kevin",2024-06-08,93.7,5,9
"Gausman, Kevin",2024-06-08,93.6,4,9
"Gausman, Kevin",2024-06-08,92.4,1,9
"Gausman, Kevin",2024-06-08,90.4,2,8
"Gausman, Kevin",2024-06-08,90.7,1,8
"Gausman, Kevin",2024-06-08,91.8,2,7
"Gausman, Kevin",2024-06-08,89.2,1,7
"Webb, Logan",2024-06-07,93.4,4,60
"Webb, Logan",2024-06-07,93.3,5,59
"Webb, Logan",2024-06-07,93,4,51
"Webb, Logan",2024-06-07,92.7,3,51
"Webb, Logan",2024-06-07,92.4,2,51
"Webb, Logan",2024-06-07,92.1,5,14
"Webb, Logan",2024-06-07,93.9,3,7
"Wheeler, Zack",2024-06-03,94.2,2,50
"Wheeler, Zack",2024-06-03,93.5,6,49
"Wheeler, Zack",2024-06-03,95.2,4,49
"Wheeler, Zack",2024-06-03,94.2,3,49
"Wheeler, Zack",2024-06-03,94.6,2,49
"Wheeler, Zack",2024-06-03,95.2,4,48
"Wheeler, Zack",2024-06-03,93.9,2,48
"Wheeler, Zack",2024-06-03,93.6,1,48
"Wheeler, Zack",2024-06-03,95.3,5,47
"Wheeler, Zack",2024-06-03,93.6,4,47
"Gausman, Kevin",2024-06-03,94.2,2,50
"Wheeler, Zack",2024-06-03,94.2,1,47
"Wheeler, Zack",2024-06-03,93.8,2,46
"Gausman, Kevin",2024-06-03,92.3,1,49
"Gausman, Kevin",2024-06-03,95.1,8,45
"Gausman, Kevin",2024-06-03,94.3,7,45
"Gausman, Kevin",2024-06-03,94.8,6,45
"Wheeler, Zack",2024-06-03,93,1,42
"Gausman, Kevin",2024-06-03,93.8,5,45
"Gausman, Kevin",2024-06-03,95.6,4,45
"Wheeler, Zack",2024-06-03,93.7,1,41
"Wheeler, Zack",2024-06-03,94.2,3,40
"Gausman, Kevin",2024-06-03,94.8,2,45
"Gausman, Kevin",2024-06-03,94.7,1,45
"Gausman, Kevin",2024-06-03,93.3,2,44
"Wheeler, Zack",2024-06-03,92.8,1,40
"Gausman, Kevin",2024-06-03,93.5,1,44
"Wheeler, Zack",2024-06-03,94.2,3,36
"Gausman, Kevin",2024-06-03,93.5,1,43
"Gausman, Kevin",2024-06-03,93.6,1,38
"Gausman, Kevin",2024-06-03,95.8,1,37
"Wheeler, Zack",2024-06-03,94.2,8,34
"Gausman, Kevin",2024-06-03,94.5,5,36
"Gausman, Kevin",2024-06-03,95.7,3,36
"Wheeler, Zack",2024-06-03,95,5,34
"Gausman, Kevin",2024-06-03,93.5,2,36
"Gausman, Kevin",2024-06-03,93.9,3,35
"Wheeler, Zack",2024-06-03,94.8,1,34
"Gausman, Kevin",2024-06-03,92.3,2,35
"Wheeler, Zack",2024-06-03,95.4,6,33
"Wheeler, Zack",2024-06-03,94.7,5,33
"Gausman, Kevin",2024-06-03,95.3,2,29
"Wheeler, Zack",2024-06-03,94.2,2,33
"Gausman, Kevin",2024-06-03,95.7,1,29
"Wheeler, Zack",2024-06-03,94.1,1,33
"Gausman, Kevin",2024-06-03,96.7,5,28
"Wheeler, Zack",2024-06-03,95.2,2,28
"Gausman, Kevin",2024-06-03,96.2,4,28
"Wheeler, Zack",2024-06-03,94.9,6,27
"Wheeler, Zack",2024-06-03,95.3,5,27
"Gausman, Kevin",2024-06-03,94.8,2,28
"Gausman, Kevin",2024-06-03,95.2,1,28
"Wheeler, Zack",2024-06-03,94.7,2,27
"Wheeler, Zack",2024-06-03,94.6,1,27
"Gausman, Kevin",2024-06-03,93.5,3,25
"Wheeler, Zack",2024-06-03,94,3,26
"Gausman, Kevin",2024-06-03,95.3,1,25
"Gausman, Kevin",2024-06-03,93.2,2,24
"Wheeler, Zack",2024-06-03,93.8,1,26
"Gausman, Kevin",2024-06-03,93.4,1,24
"Wheeler, Zack",2024-06-16,95.1,4,49
"Wheeler, Zack",2024-06-16,95.5,1,49
"Wheeler, Zack",2024-06-16,95.1,5,48
"Wheeler, Zack",2024-06-16,95.3,3,48
"Wheeler, Zack",2024-06-16,95.2,1,48
"Wheeler, Zack",2024-06-16,94.8,4,47
"Wheeler, Zack",2024-06-16,95.6,2,47
"Wheeler, Zack",2024-06-16,94.3,5,45
"Wheeler, Zack",2024-06-16,94,4,45
"Wheeler, Zack",2024-06-16,94.1,3,45
"Wheeler, Zack",2024-06-16,94.1,2,45
"Wheeler, Zack",2024-06-16,95,2,44
"Wheeler, Zack",2024-06-16,95.6,4,36
"Wheeler, Zack",2024-06-16,94.9,1,36
"Wheeler, Zack",2024-06-16,95.3,1,35
"Wheeler, Zack",2024-06-16,95.8,1,33
"Wheeler, Zack",2024-06-16,95.6,2,32
"Wheeler, Zack",2024-06-16,95.7,3,26
"Wheeler, Zack",2024-06-16,95,2,26
"Wheeler, Zack",2024-06-16,95.6,4,25
"Wheeler, Zack",2024-06-16,95.3,1,23
"Wheeler, Zack",2024-06-16,96.1,5,19
"Wheeler, Zack",2024-06-16,97.1,2,18
"Wheeler, Zack",2024-06-16,96.1,1,18
"Wheeler, Zack",2024-06-16,95.3,2,17
"Wheeler, Zack",2024-06-16,95.1,1,17
"Wheeler, Zack",2024-06-16,95.1,2,16
"Wheeler, Zack",2024-06-16,94.4,1,16
"Wheeler, Zack",2024-06-16,96.2,3,10
"Wheeler, Zack",2024-06-16,96.1,2,10
"Wheeler, Zack",2024-06-16,97.2,1,10
"Wheeler, Zack",2024-06-16,95.6,5,9
"Wheeler, Zack",2024-06-16,96.5,1,9
"Wheeler, Zack",2024-06-16,96.9,5,8
"Wheeler, Zack",2024-06-16,95.3,4,8
"Wheeler, Zack",2024-06-16,96.6,2,8
"Wheeler, Zack",2024-06-16,96.7,2,7
"Wheeler, Zack",2024-06-16,96.1,1,7
"Wheeler, Zack",2024-06-16,97.7,8,6
"Wheeler, Zack",2024-06-16,97.5,7,6
"Wheeler, Zack",2024-06-16,95.7,3,6
"Wheeler, Zack",2024-06-16,96.8,2,6
"Wheeler, Zack",2024-06-16,95.4,1,6
"Gausman, Kevin",2024-06-14,93.2,4,40
"Gausman, Kevin",2024-06-14,93.7,7,39
"Gausman, Kevin",2024-06-14,93.1,6,39
"Gausman, Kevin",2024-06-14,93.9,4,39
"Gausman, Kevin",2024-06-14,95.8,6,35
"Gausman, Kevin",2024-06-14,92.7,2,35
"Gausman, Kevin",2024-06-14,91.7,1,35
"Gausman, Kevin",2024-06-14,92.9,2,34
"Gausman, Kevin",2024-06-14,92.7,1,34
"Gausman, Kevin",2024-06-14,92.5,4,33
"Gausman, Kevin",2024-06-14,93.8,4,32
"Gausman, Kevin",2024-06-14,93.6,3,32
"Gausman, Kevin",2024-06-14,90,2,32
"Gausman, Kevin",2024-06-14,91.7,1,32
"Gausman, Kevin",2024-06-14,90.2,5,31
"Gausman, Kevin",2024-06-14,87.5,4,31
"Gausman, Kevin",2024-06-14,88.4,2,31
"Gausman, Kevin",2024-06-14,88.2,1,31
"Gausman, Kevin",2024-06-14,93.4,4,27
"Gausman, Kevin",2024-06-14,90.6,3,27
"Gausman, Kevin",2024-06-14,92.5,2,27
"Gausman, Kevin",2024-06-14,92.9,7,26
"Gausman, Kevin",2024-06-14,93.6,6,26
"Gausman, Kevin",2024-06-14,90.1,5,26
"Gausman, Kevin",2024-06-14,91.1,4,26
"Gausman, Kevin",2024-06-14,90.7,3,26
"Gausman, Kevin",2024-06-14,91,2,26
"Gausman, Kevin",2024-06-14,90.6,3,25
"Gausman, Kevin",2024-06-14,88.7,1,25
"Gausman, Kevin",2024-06-14,87.3,1,24
"Gausman, Kevin",2024-06-14,93.3,2,19
"Gausman, Kevin",2024-06-14,92.7,1,19
"Gausman, Kevin",2024-06-14,93.1,7,18
"Gausman, Kevin",2024-06-14,93.6,5,18
"Gausman, Kevin",2024-06-14,92.4,3,18
"Gausman, Kevin",2024-06-14,90.4,2,18
"Gausman, Kevin",2024-06-14,92.1,4,17
"Gausman, Kevin",2024-06-14,90.3,3,17
"Gausman, Kevin",2024-06-14,90.6,1,17
"Gausman, Kevin",2024-06-14,95.1,6,12
"Gausman, Kevin",2024-06-14,93.9,5,12
"Gausman, Kevin",2024-06-14,93.4,2,12
"Gausman, Kevin",2024-06-14,93,1,12
"Gausman, Kevin",2024-06-14,90.6,1,10
"Gausman, Kevin",2024-06-14,90,1,9
"Gausman, Kevin",2024-06-14,91,7,8
"Gausman, Kevin",2024-06-14,92.1,6,8
"Gausman, Kevin",2024-06-14,92.9,4,8
"Gausman, Kevin",2024-06-14,89.1,1,8
"Gausman, Kevin",2024-06-14,93.3,1,4
"Gausman, Kevin",2024-06-14,93.7,4,3
"Gausman, Kevin",2024-06-14,94.4,5,2
"Gausman, Kevin",2024-06-14,91.7,2,2
"Gausman, Kevin",2024-06-14,90.8,1,2
"Gausman, Kevin",2024-06-14,90,4,1
"Gausman, Kevin",2024-06-14,89.4,3,1
"Gausman, Kevin",2024-06-14,89,1,1
"Webb, Logan",2024-06-12,92.8,4,39
"Webb, Logan",2024-06-12,92.4,3,3
"Wheeler, Zack",2024-06-11,93.1,1,52
"Wheeler, Zack",2024-06-11,93.4,2,51
"Wheeler, Zack",2024-06-11,95.1,3,47
"Wheeler, Zack",2024-06-11,94.5,6,46
"Wheeler, Zack",2024-06-11,95.9,4,40
"Wheeler, Zack",2024-06-11,94.3,1,39
"Wheeler, Zack",2024-06-11,95.5,9,33
"Wheeler, Zack",2024-06-11,96.1,6,33
"Wheeler, Zack",2024-06-11,95,2,33
"Wheeler, Zack",2024-06-11,95.7,7,32
"Wheeler, Zack",2024-06-11,95.4,4,32
"Wheeler, Zack",2024-06-11,95.2,1,32
"Wheeler, Zack",2024-06-11,95.9,3,31
"Wheeler, Zack",2024-06-11,95.8,1,31
"Wheeler, Zack",2024-06-11,95.3,3,30
"Wheeler, Zack",2024-06-11,95.1,1,22
"Wheeler, Zack",2024-06-11,95.9,1,21
"Wheeler, Zack",2024-06-11,96,1,16
"Wheeler, Zack",2024-06-11,95.6,1,15
"Wheeler, Zack",2024-06-11,97.4,4,9
"Wheeler, Zack",2024-06-11,96,1,9
"Wheeler, Zack",2024-06-11,96.7,1,8
"Wheeler, Zack",2024-06-11,96.7,2,7
"Wheeler, Zack",2024-06-11,96.3,1,6
"Wheeler, Zack",2024-06-11,96.8,4,5
"Wheeler, Zack",2024-06-11,96.8,3,5
"Wheeler, Zack",2024-06-11,95.7,2,5
"Wheeler, Zack",2024-06-11,93.6,1,5
"Webb, Logan",2024-06-23,91.4,2,38
"Webb, Logan",2024-06-23,92.6,3,28
"Webb, Logan",2024-06-23,93.2,5,10
"Webb, Logan",2024-06-23,93.3,3,8
"Webb, Logan",2024-06-23,93.3,2,7
"Wheeler, Zack",2024-06-22,94.7,3,57
"Wheeler, Zack",2024-06-22,95.1,5,56
"Wheeler, Zack",2024-06-22,95.5,3,56
"Wheeler, Zack",2024-06-22,94.3,2,55
"Wheeler, Zack",2024-06-22,93.7,1,55
"Wheeler, Zack",2024-06-22,95.2,3,47
"Wheeler, Zack",2024-06-22,94.3,1,47
"Wheeler, Zack",2024-06-22,93.8,1,46
"Wheeler, Zack",2024-06-22,95.3,6,38
"Wheeler, Zack",2024-06-22,94.7,3,36
"Wheeler, Zack",2024-06-22,94.7,1,36
"Wheeler, Zack",2024-06-22,95,5,35
"Wheeler, Zack",2024-06-22,94.6,3,34
"Wheeler, Zack",2024-06-22,95.5,1,27
"Wheeler, Zack",2024-06-22,95.2,3,26
"Wheeler, Zack",2024-06-22,95.3,3,25
"Wheeler, Zack",2024-06-22,96,9,18
"Wheeler, Zack",2024-06-22,96.2,8,18
"Wheeler, Zack",2024-06-22,95.8,2,18
"Wheeler, Zack",2024-06-22,94.1,1,17
"Wheeler, Zack",2024-06-22,94.4,1,16
"Wheeler, Zack",2024-06-22,95.9,5,12
"Wheeler, Zack",2024-06-22,97,4,12
"Wheeler, Zack",2024-06-22,96,3,12
"Wheeler, Zack",2024-06-22,96.3,5,11
"Wheeler, Zack",2024-06-22,96.5,3,11
"Wheeler, Zack",2024-06-22,96.4,7,10
"Wheeler, Zack",2024-06-22,96.3,6,10
"Wheeler, Zack",2024-06-22,96.2,3,10
"Wheeler, Zack",2024-06-22,95.1,1,10
"Wheeler, Zack",2024-06-22,95.4,4,3
"Wheeler, Zack",2024-06-22,96.3,1,3
"Wheeler, Zack",2024-06-22,96.8,4,1
"Wheeler, Zack",2024-06-22,96.6,3,1
"Wheeler, Zack",2024-06-22,95.8,1,1
"Gausman, Kevin",2024-06-19,95.5,2,52
"Gausman, Kevin",2024-06-19,94.8,2,51
"Gausman, Kevin",2024-06-19,93.6,1,50
"Gausman, Kevin",2024-06-19,95.7,6,49
"Gausman, Kevin",2024-06-19,94.1,5,49
"Gausman, Kevin",2024-06-19,92.7,4,49
"Gausman, Kevin",2024-06-19,94,3,49
"Gausman, Kevin",2024-06-19,93.9,2,49
"Gausman, Kevin",2024-06-19,92.9,1,49
"Gausman, Kevin",2024-06-19,91.1,1,48
"Gausman, Kevin",2024-06-19,96.8,2,43
"Gausman, Kevin",2024-06-19,96.1,1,43
"Gausman, Kevin",2024-06-19,93.3,1,42
"Gausman, Kevin",2024-06-19,94.7,3,41
"Gausman, Kevin",2024-06-19,92.6,1,41
"Gausman, Kevin",2024-06-19,92.6,1,39
"Gausman, Kevin",2024-06-19,95.6,2,32
"Gausman, Kevin",2024-06-19,93.6,1,32
"Gausman, Kevin",2024-06-19,94.8,8,31
"Gausman, Kevin",2024-06-19,95.9,7,31
"Cole, Gerrit",2024-06-19,95.1,1,33
"Gausman, Kevin",2024-06-19,96,5,31
"Cole, Gerrit",2024-06-19,96.1,6,29
"Cole, Gerrit",2024-06-19,95.8,5,29
"Gausman, Kevin",2024-06-19,94.7,4,31
"Cole, Gerrit",2024-06-19,94.4,4,29
"Cole, Gerrit",2024-06-19,95.9,3,29
"Gausman, Kevin",2024-06-19,94.6,2,31
"Gausman, Kevin",2024-06-19,95.5,1,31
"Gausman, Kevin",2024-06-19,94.4,7,30
"Cole, Gerrit",2024-06-19,95.8,5,28
"Cole, Gerrit",2024-06-19,94.7,4,28
"Gausman, Kevin",2024-06-19,96.6,5,30
"Gausman, Kevin",2024-06-19,95,4,30
"Cole, Gerrit",2024-06-19,93.9,2,28
"Cole, Gerrit",2024-06-19,93.6,4,27
"Gausman, Kevin",2024-06-19,96.5,5,29
"Gausman, Kevin",2024-06-19,94.2,4,29
"Gausman, Kevin",2024-06-19,92.7,2,29
"Gausman, Kevin",2024-06-19,92.2,1,29
"Cole, Gerrit",2024-06-19,96.3,4,23
"Gausman, Kevin",2024-06-19,95.8,3,23
"Gausman, Kevin",2024-06-19,95.5,2,23
"Gausman, Kevin",2024-06-19,96.3,5,21
"Gausman, Kevin",2024-06-19,96.3,4,21
"Gausman, Kevin",2024-06-19,94.8,2,21
"Gausman, Kevin",2024-06-19,95.1,1,21
"Cole, Gerrit",2024-06-19,97.5,8,21
"Gausman, Kevin",2024-06-19,95.9,3,20
"Gausman, Kevin",2024-06-19,93.3,2,20
"Cole, Gerrit",2024-06-19,94.7,6,21
"Gausman, Kevin",2024-06-19,93.9,1,20
"Cole, Gerrit",2024-06-19,96,5,21
"Gausman, Kevin",2024-06-19,90.8,1,19
"Cole, Gerrit",2024-06-19,95.1,3,21
"Gausman, Kevin",2024-06-19,94.5,1,13
"Gausman, Kevin",2024-06-19,93.4,6,12
"Cole, Gerrit",2024-06-19,94.7,1,21
"Gausman, Kevin",2024-06-19,95.3,5,12
"Gausman, Kevin",2024-06-19,93.6,4,12
"Cole, Gerrit",2024-06-19,95.9,5,20
"Gausman, Kevin",2024-06-19,94.3,3,12
"Gausman, Kevin",2024-06-19,94.2,2,12
"Gausman, Kevin",2024-06-19,93.6,1,12
"Cole, Gerrit",2024-06-19,94.5,2,20
"Cole, Gerrit",2024-06-19,93,1,20
"Cole, Gerrit",2024-06-19,94.7,1,14
"Gausman, Kevin",2024-06-19,93.4,1,11
"Cole, Gerrit",2024-06-19,94.6,2,13
"Cole, Gerrit",2024-06-19,93.8,4,12
"Gausman, Kevin",2024-06-19,93.4,2,10
"Cole, Gerrit",2024-06-19,93.6,3,12
"Gausman, Kevin",2024-06-19,89.9,1,10
"Cole, Gerrit",2024-06-19,93.5,1,12
"Gausman, Kevin",2024-06-19,95.5,3,4
"Cole, Gerrit",2024-06-19,95.2,1,5
"Gausman, Kevin",2024-06-19,94.4,2,4
"Gausman, Kevin",2024-06-19,94.9,5,3
"Gausman, Kevin",2024-06-19,93.1,2,3
"Cole, Gerrit",2024-06-19,95.7,4,2
"Gausman, Kevin",2024-06-19,92.9,1,3
"Cole, Gerrit",2024-06-19,96.6,3,2
"Gausman, Kevin",2024-06-19,92,1,2
"Gausman, Kevin",2024-06-19,94.4,4,1
"Cole, Gerrit",2024-06-19,97,1,2
"Gausman, Kevin",2024-06-19,94,2,1
"Cole, Gerrit",2024-06-19,94.1,2,1
"Gausman, Kevin",2024-06-19,93,1,1
"Cole, Gerrit",2024-06-19,94.2,1,1
"Webb, Logan",2024-06-18,93.2,4,37
"Webb, Logan",2024-06-18,93.1,4,5
"Gausman, Kevin",2024-06-30,94.4,8,43
"Gausman, Kevin",2024-06-30,95,7,43
"Gausman, Kevin",2024-06-30,96.3,4,43
"Gausman, Kevin",2024-06-30,95.7,3,43
"Gausman, Kevin",2024-06-30,94.4,1,43
"Gausman, Kevin",2024-06-30,96,2,42
"Gausman, Kevin",2024-06-30,95.8,1,42
"Gausman, Kevin",2024-06-30,96.6,5,41
"Gausman, Kevin",2024-06-30,93.8,4,41
"Gausman, Kevin",2024-06-30,92.8,1,41
"Gausman, Kevin",2024-06-30,94.7,3,40
"Gausman, Kevin",2024-06-30,91.7,2,40
"Cole, Gerrit",2024-06-30,96.5,6,49
"Gausman, Kevin",2024-06-30,92.9,1,40
"Gausman, Kevin",2024-06-30,96.2,2,36
"Gausman, Kevin",2024-06-30,95.9,1,36
"Gausman, Kevin",2024-06-30,95.4,3,35
"Cole, Gerrit",2024-06-30,94.6,2,49
"Gausman, Kevin",2024-06-30,96.5,2,35
"Gausman, Kevin",2024-06-30,96.7,1,35
"Cole, Gerrit",2024-06-30,96.2,4,48
"Cole, Gerrit",2024-06-30,93.8,3,48
"Gausman, Kevin",2024-06-30,95.8,5,34
"Gausman, Kevin",2024-06-30,94.7,1,34
"Cole, Gerrit",2024-06-30,93.1,1,47
"Cole, Gerrit",2024-06-30,96.6,6,39
"Gausman, Kevin",2024-06-30,94.8,7,33
"Gausman, Kevin",2024-06-30,94.6,6,33
"Cole, Gerrit",2024-06-30,96.9,5,39
"Gausman, Kevin",2024-06-30,93.2,5,33
"Cole, Gerrit",2024-06-30,95.1,2,39
"Gausman, Kevin",2024-06-30,93.9,2,33
"Cole, Gerrit",2024-06-30,95.7,1,39
"Gausman, Kevin",2024-06-30,93.1,2,32
"Cole, Gerrit",2024-06-30,95.4,3,37
"Gausman, Kevin",2024-06-30,91.3,1,32
"Gausman, Kevin",2024-06-30,94.8,8,25
"Cole, Gerrit",2024-06-30,96.7,4,30
"Gausman, Kevin",2024-06-30,95.8,7,25
"Cole, Gerrit",2024-06-30,96.2,3,30
"Gausman, Kevin",2024-06-30,94.7,6,25
"Gausman, Kevin",2024-06-30,96.2,4,25
"Cole, Gerrit",2024-06-30,96.4,1,30
"Cole, Gerrit",2024-06-30,96.9,5,29
"Gausman, Kevin",2024-06-30,94,2,25
"Cole, Gerrit",2024-06-30,96.3,4,29
"Gausman, Kevin",2024-06-30,93.7,2,24
"Gausman, Kevin",2024-06-30,92.7,1,24
"Cole, Gerrit",2024-06-30,96.7,1,29
"Cole, Gerrit",2024-06-30,96.5,6,28
"Gausman, Kevin",2024-06-30,91.4,1,23
"Gausman, Kevin",2024-06-30,93.8,2,17
"Cole, Gerrit",2024-06-30,97.2,4,28
"Cole, Gerrit",2024-06-30,95.8,2,28
"Gausman, Kevin",2024-06-30,95.1,1,16
"Cole, Gerrit",2024-06-30,97,8,27
"Gausman, Kevin",2024-06-30,94.1,4,15
"Cole, Gerrit",2024-06-30,97.6,7,27
"Gausman, Kevin",2024-06-30,95.5,3,15
"Gausman, Kevin",2024-06-30,93,2,15
"Cole, Gerrit",2024-06-30,97.6,5,27
"Cole, Gerrit",2024-06-30,96,4,27
"Cole, Gerrit",2024-06-30,95.7,1,27
"Cole, Gerrit",2024-06-30,96.7,5,22
"Gausman, Kevin",2024-06-30,95.9,4,13
"Gausman, Kevin",2024-06-30,93.7,3,13
"Cole, Gerrit",2024-06-30,96.7,4,22
"Gausman, Kevin",2024-06-30,94.3,1,13
"Cole, Gerrit",2024-06-30,96.4,2,22
"Cole, Gerrit",2024-06-30,96.9,1,22
"Gausman, Kevin",2024-06-30,95.5,6,11
"Cole, Gerrit",2024-06-30,96.2,3,21
"Cole, Gerrit",2024-06-30,95.5,2,21
"Gausman, Kevin",2024-06-30,94.4,4,11
"Gausman, Kevin",2024-06-30,93,3,11
"Cole, Gerrit",2024-06-30,97.5,2,20
"Gausman, Kevin",2024-06-30,94.2,2,11
"Cole, Gerrit",2024-06-30,95.9,1,20
"Cole, Gerrit",2024-06-30,96.1,8,19
"Gausman, Kevin",2024-06-30,94.5,7,10
"Cole, Gerrit",2024-06-30,96.3,6,19
"Gausman, Kevin",2024-06-30,94.2,5,10
"Cole, Gerrit",2024-06-30,96.7,5,19
"Cole, Gerrit",2024-06-30,95.8,4,19
"Cole, Gerrit",2024-06-30,95.2,2,19
"Cole, Gerrit",2024-06-30,95.4,1,19
"Gausman, Kevin",2024-06-30,92.7,1,10
"Gausman, Kevin",2024-06-30,93.1,1,5
"Cole, Gerrit",2024-06-30,94.1,2,18
"Gausman, Kevin",2024-06-30,94.6,1,4
"Gausman, Kevin",2024-06-30,94.5,2,3
"Cole, Gerrit",2024-06-30,95.7,2,9
"Gausman, Kevin",2024-06-30,95.9,1,3
"Cole, Gerrit",2024-06-30,95.5,1,9
"Gausman, Kevin",2024-06-30,94.3,6,2
"Cole, Gerrit",2024-06-30,94.7,3,8
"Gausman, Kevin",2024-06-30,95.3,4,2
"Gausman, Kevin",2024-06-30,94.8,3,2
"Cole, Gerrit",2024-06-30,95.2,2,8
"Gausman, Kevin",2024-06-30,93.9,2,2
"Gausman, Kevin",2024-06-30,94.6,1,2
"Cole, Gerrit",2024-06-30,95.8,3,7
"Gausman, Kevin",2024-06-30,94.1,5,1
"Cole, Gerrit",2024-06-30,94.7,1,7
"Gausman, Kevin",2024-06-30,93.1,3,1
"Cole, Gerrit",2024-06-30,94.7,2,6
"Gausman, Kevin",2024-06-30,93.3,1,1
"Cole, Gerrit",2024-06-30,94.4,1,6
"Webb, Logan",2024-06-28,92.2,5,52
"Webb, Logan",2024-06-28,92.6,3,3
"Webb, Logan",2024-06-28,94.4,2,3
"Wheeler, Zack",2024-06-27,96.3,10,55
"Wheeler, Zack",2024-06-27,95.3,7,55
"Wheeler, Zack",2024-06-27,95.8,4,55
"Wheeler, Zack",2024-06-27,96.3,1,55
"Wheeler, Zack",2024-06-27,96.3,4,54
"Wheeler, Zack",2024-06-27,95.5,3,54
"Wheeler, Zack",2024-06-27,94.7,6,47
"Wheeler, Zack",2024-06-27,95.4,4,47
"Wheeler, Zack",2024-06-27,94.7,2,47
"Wheeler, Zack",2024-06-27,94.2,1,47
"Wheeler, Zack",2024-06-27,94.8,1,46
"Wheeler, Zack",2024-06-27,94.8,4,45
"Wheeler, Zack",2024-06-27,93.3,2,45
"Wheeler, Zack",2024-06-27,94,1,45
"Wheeler, Zack",2024-06-27,96.5,8,38
"Wheeler, Zack",2024-06-27,96.2,7,38
"Wheeler, Zack",2024-06-27,95.2,3,38
"Wheeler, Zack",2024-06-27,95.3,1,38
"Wheeler, Zack",2024-06-27,94.3,2,37
"Wheeler, Zack",2024-06-27,95.3,2,30
"Wheeler, Zack",2024-06-27,96.4,1,30
"Wheeler, Zack",2024-06-27,95.8,3,29
"Wheeler, Zack",2024-06-27,96.6,3,24
"Wheeler, Zack",2024-06-27,96.7,1,24
"Wheeler, Zack",2024-06-27,95,7,23
"Wheeler, Zack",2024-06-27,95.6,5,23
"Wheeler, Zack",2024-06-27,96.6,2,23
"Wheeler, Zack",2024-06-27,96.2,6,22
"Wheeler, Zack",2024-06-27,95.4,4,22
"Wheeler, Zack",2024-06-27,95.9,3,22
"Wheeler, Zack",2024-06-27,95.6,3,21
"Wheeler, Zack",2024-06-27,94.5,2,21
"Wheeler, Zack",2024-06-27,96.9,1,12
"Wheeler, Zack",2024-06-27,95.7,2,11
"Wheeler, Zack",2024-06-27,97.3,1,11
"Wheeler, Zack",2024-06-27,96.6,6,10
"Wheeler, Zack",2024-06-27,95.2,1,9
"Wheeler, Zack",2024-06-27,97.1,3,3
"Wheeler, Zack",2024-06-27,96.7,2,3
"Wheeler, Zack",2024-06-27,97.7,5,2
"Wheeler, Zack",2024-06-27,97.5,2,2
"Wheeler, Zack",2024-06-27,97.9,1,2
"Wheeler, Zack",2024-06-27,97.6,7,1
"Wheeler, Zack",2024-06-27,96.5,2,1
"Wheeler, Zack",2024-06-27,96.2,1,1
"Gausman, Kevin",2024-06-25,96.3,6,55
"Gausman, Kevin",2024-06-25,96.5,5,55
"Gausman, Kevin",2024-06-25,96.2,2,55
"Gausman, Kevin",2024-06-25,95.3,1,55
"Gausman, Kevin",2024-06-25,95.7,2,54
"Gausman, Kevin",2024-06-25,92.1,1,54
"Gausman, Kevin",2024-06-25,95.4,6,53
"Gausman, Kevin",2024-06-25,93.9,4,53
"Gausman, Kevin",2024-06-25,92.4,3,53
"Gausman, Kevin",2024-06-25,90.6,1,53
"Gausman, Kevin",2024-06-25,93.8,2,46
"Gausman, Kevin",2024-06-25,96,3,45
"Gausman, Kevin",2024-06-25,93.2,2,45
"Gausman, Kevin",2024-06-25,91.2,1,45
"Cole, Gerrit",2024-06-25,95.3,2,40
"Cole, Gerrit",2024-06-25,93.8,1,40
"Gausman, Kevin",2024-06-25,97.5,3,40
"Gausman, Kevin",2024-06-25,95.3,1,40
"Cole, Gerrit",2024-06-25,94.8,4,36
"Gausman, Kevin",2024-06-25,93.4,2,38
"Gausman, Kevin",2024-06-25,93.5,2,37
"Gausman, Kevin",2024-06-25,93.8,1,37
"Cole, Gerrit",2024-06-25,92.3,1,35
"Gausman, Kevin",2024-06-25,95.4,8,36
"Gausman, Kevin",2024-06-25,93.4,7,36
"Cole, Gerrit",2024-06-25,93.8,7,28
"Gausman, Kevin",2024-06-25,95.4,5,36
"Cole, Gerrit",2024-06-25,94.8,6,28
"Cole, Gerrit",2024-06-25,93,5,28
"Gausman, Kevin",2024-06-25,93.2,1,36
"Gausman, Kevin",2024-06-25,95.3,3,29
"Gausman, Kevin",2024-06-25,95.6,5,28
"Cole, Gerrit",2024-06-25,95.5,4,26
"Gausman, Kevin",2024-06-25,92.3,2,28
"Gausman, Kevin",2024-06-25,92,1,28
"Cole, Gerrit",2024-06-25,95.1,3,21
"Gausman, Kevin",2024-06-25,91.8,2,27
"Gausman, Kevin",2024-06-25,90.8,1,27
"Gausman, Kevin",2024-06-25,89.6,1,26
"Cole, Gerrit",2024-06-25,94.7,5,20
"Cole, Gerrit",2024-06-25,95.5,3,20
"Gausman, Kevin",2024-06-25,94.6,4,14
"Cole, Gerrit",2024-06-25,93.2,1,19
"Cole, Gerrit",2024-06-25,92.9,3,18
"Cole, Gerrit",2024-06-25,93.6,2,18
"Cole, Gerrit",2024-06-25,94,1,18
"Cole, Gerrit",2024-06-25,91.5,3,17
"Gausman, Kevin",2024-06-25,95.1,2,13
"Gausman, Kevin",2024-06-25,95.7,1,13
"Cole, Gerrit",2024-06-25,97.7,8,11
"Gausman, Kevin",2024-06-25,93.4,3,12
"Gausman, Kevin",2024-06-25,95.9,2,12
"Cole, Gerrit",2024-06-25,98.9,6,11
"Gausman, Kevin",2024-06-25,95.8,1,12
"Gausman, Kevin",2024-06-25,95.6,6,11
"Cole, Gerrit",2024-06-25,97.7,5,11
"Cole, Gerrit",2024-06-25,96.8,3,11
"Cole, Gerrit",2024-06-25,96.5,2,11
"Cole, Gerrit",2024-06-25,97,1,11
"Gausman, Kevin",2024-06-25,94.1,1,11
"Cole, Gerrit",2024-06-25,97.4,6,10
"Gausman, Kevin",2024-06-25,95,5,10
"Cole, Gerrit",2024-06-25,96.5,4,10
"Gausman, Kevin",2024-06-25,93.6,3,10
"Cole, Gerrit",2024-06-25,97.1,2,10
"Gausman, Kevin",2024-06-25,92.5,2,10
"Gausman, Kevin",2024-06-25,92.4,1,10
"Gausman, Kevin",2024-06-25,94.6,4,6
"Gausman, Kevin",2024-06-25,94,3,6
"Cole, Gerrit",2024-06-25,96.6,7,8
"Gausman, Kevin",2024-06-25,94.6,2,6
"Cole, Gerrit",2024-06-25,98,6,8
"Gausman, Kevin",2024-06-25,94.5,1,6
"Cole, Gerrit",2024-06-25,94.7,5,8
"Gausman, Kevin",2024-06-25,95.8,6,5
"Gausman, Kevin",2024-06-25,94.6,5,5
"Cole, Gerrit",2024-06-25,96.6,2,8
"Gausman, Kevin",2024-06-25,93.9,3,5
"Gausman, Kevin",2024-06-25,92.8,1,5
"Gausman, Kevin",2024-06-25,92.6,2,4
"Gausman, Kevin",2024-06-25,93.2,1,4
"Cole, Gerrit",2024-06-25,95.2,1,7
"Cole, Gerrit",2024-07-06,96.1,3,41
"Cole, Gerrit",2024-07-06,96.4,5,40
"Cole, Gerrit",2024-07-06,95.3,4,40
"Cole, Gerrit",2024-07-06,93.3,2,40
"Cole, Gerrit",2024-07-06,94,1,40
"Cole, Gerrit",2024-07-06,95.8,4,35
"Cole, Gerrit",2024-07-06,95,2,34
"Cole, Gerrit",2024-07-06,96,3,33
"Cole, Gerrit",2024-07-06,97.5,2,27
"Cole, Gerrit",2024-07-06,97.7,3,26
"Cole, Gerrit",2024-07-06,98.5,4,25
"Cole, Gerrit",2024-07-06,97.4,4,24
"Cole, Gerrit",2024-07-06,97.5,1,23
"Cole, Gerrit",2024-07-06,98.5,6,22
"Cole, Gerrit",2024-07-06,97.6,5,22
"Cole, Gerrit",2024-07-06,97.9,4,22
"Cole, Gerrit",2024-07-06,97.3,2,22
"Cole, Gerrit",2024-07-06,96.4,3,20
"Cole, Gerrit",2024-07-06,95.4,2,20
"Cole, Gerrit",2024-07-06,97.1,4,13
"Cole, Gerrit",2024-07-06,98.3,3,13
"Cole, Gerrit",2024-07-06,96.6,2,13
"Cole, Gerrit",2024-07-06,97.8,1,13
"Cole, Gerrit",2024-07-06,97.2,5,12
"Cole, Gerrit",2024-07-06,96.6,6,11
"Cole, Gerrit",2024-07-06,97.2,4,11
"Cole, Gerrit",2024-07-06,96.7,3,11
"Cole, Gerrit",2024-07-06,94.9,2,11
"Cole, Gerrit",2024-07-06,96.6,2,10
"Cole, Gerrit",2024-07-06,95.6,3,9
"Cole, Gerrit",2024-07-06,95.2,3,8
"Cole, Gerrit",2024-07-06,96.6,6,3
"Cole, Gerrit",2024-07-06,96.4,4,3
"Cole, Gerrit",2024-07-06,97.2,3,3
"Cole, Gerrit",2024-07-06,95.3,2,3
"Cole, Gerrit",2024-07-06,96.2,5,2
"Cole, Gerrit",2024-07-06,95.1,3,2
"Cole, Gerrit",2024-07-06,96,6,1
"Cole, Gerrit",2024-07-06,94.4,4,1
"Cole, Gerrit",2024-07-06,94.1,2,1
"Cole, Gerrit",2024-07-06,93.5,1,1
"Gausman, Kevin",2024-07-05,95.9,4,47
"Gausman, Kevin",2024-07-05,95.8,3,47
"Gausman, Kevin",2024-07-05,95.4,2,47
"Gausman, Kevin",2024-07-05,95,1,47
"Gausman, Kevin",2024-07-05,96.2,3,46
"Gausman, Kevin",2024-07-05,94.9,2,45
"Gausman, Kevin",2024-07-05,94,1,44
"Gausman, Kevin",2024-07-05,93.8,5,39
"Gausman, Kevin",2024-07-05,95.3,5,37
"Gausman, Kevin",2024-07-05,93.4,4,37
"Gausman, Kevin",2024-07-05,92.7,1,37
"Gausman, Kevin",2024-07-05,97.1,5,33
"Gausman, Kevin",2024-07-05,96.9,3,33
"Gausman, Kevin",2024-07-05,95.8,1,33
"Gausman, Kevin",2024-07-05,96.3,7,32
"Gausman, Kevin",2024-07-05,96.2,6,32
"Gausman, Kevin",2024-07-05,96.2,5,32
"Gausman, Kevin",2024-07-05,95.1,4,32
"Gausman, Kevin",2024-07-05,95.2,3,32
"Gausman, Kevin",2024-07-05,95.2,2,32
"Gausman, Kevin",2024-07-05,95.2,4,31
"Gausman, Kevin",2024-07-05,95.4,3,31
"Gausman, Kevin",2024-07-05,93.2,2,31
"Gausman, Kevin",2024-07-05,94.9,5,30
"Gausman, Kevin",2024-07-05,95.9,4,30
"Gausman, Kevin",2024-07-05,95.9,3,30
"Gausman, Kevin",2024-07-05,94.6,2,30
"Gausman, Kevin",2024-07-05,94.8,1,30
"Gausman, Kevin",2024-07-05,92.9,1,29
"Gausman, Kevin",2024-07-05,94.5,1,24
"Gausman, Kevin",2024-07-05,94.6,2,23
"Gausman, Kevin",2024-07-05,94.6,1,23
"Gausman, Kevin",2024-07-05,96.5,6,21
"Gausman, Kevin",2024-07-05,96.6,5,21
"Gausman, Kevin",2024-07-05,95.3,3,21
"Gausman, Kevin",2024-07-05,95.9,1,21
"Gausman, Kevin",2024-07-05,96.3,4,20
"Gausman, Kevin",2024-07-05,95.6,3,20
"Gausman, Kevin",2024-07-05,95.2,2,20
"Gausman, Kevin",2024-07-05,96.8,6,19
"Gausman, Kevin",2024-07-05,95.8,4,19
"Gausman, Kevin",2024-07-05,95.2,3,19
"Gausman, Kevin",2024-07-05,94.2,1,19
"Gausman, Kevin",2024-07-05,96.1,3,15
"Gausman, Kevin",2024-07-05,96.3,2,15
"Gausman, Kevin",2024-07-05,95.6,1,15
"Gausman, Kevin",2024-07-05,95.7,6,13
"Gausman, Kevin",2024-07-05,94.2,2,13
"Gausman, Kevin",2024-07-05,95.8,1,13
"Gausman, Kevin",2024-07-05,95.1,6,12
"Gausman, Kevin",2024-07-05,95.8,4,12
"Gausman, Kevin",2024-07-05,96.2,3,12
"Gausman, Kevin",2024-07-05,95.9,2,12
"Gausman, Kevin",2024-07-05,95.1,1,12
"Gausman, Kevin",2024-07-05,96.2,3,8
"Gausman, Kevin",2024-07-05,96.8,2,8
"Gausman, Kevin",2024-07-05,95.8,1,7
"Gausman, Kevin",2024-07-05,95.4,2,6
"Gausman, Kevin",2024-07-05,94.5,1,6
"Gausman, Kevin",2024-07-05,95.7,1,5
"Gausman, Kevin",2024-07-05,96.2,3,4
"Gausman, Kevin",2024-07-05,94.7,2,4
"Gausman, Kevin",2024-07-05,92.9,1,4
"Webb, Logan",2024-07-04,92.3,4,57
"Webb, Logan",2024-07-04,93.2,3,57
"Webb, Logan",2024-07-04,92.8,3,49
"Webb, Logan",2024-07-04,92.3,4,47
"Webb, Logan",2024-07-04,92.8,5,21
"Webb, Logan",2024-07-04,91.5,4,7
"Webb, Logan",2024-07-04,93.4,3,4
"Wheeler, Zack",2024-07-03,95.5,8,51
"Wheeler, Zack",2024-07-03,94.9,7,51
"Wheeler, Zack",2024-07-03,94.9,6,51
"Wheeler, Zack",2024-07-03,94.5,3,51
"Wheeler, Zack",2024-07-03,93.9,2,51
"Wheeler, Zack",2024-07-03,93.5,1,51
"Wheeler, Zack",2024-07-03,94.3,5,48
"Wheeler, Zack",2024-07-03,92,2,48
"Wheeler, Zack",2024-07-03,94.7,5,41
"Wheeler, Zack",2024-07-03,95.4,3,41
"Wheeler, Zack",2024-07-03,95,2,41
"Wheeler, Zack",2024-07-03,95.4,5,40
"Wheeler, Zack",2024-07-03,94.6,2,40
"Wheeler, Zack",2024-07-03,94.4,1,40
"Wheeler, Zack",2024-07-03,95,3,39
"Wheeler, Zack",2024-07-03,94.6,2,39
"Wheeler, Zack",2024-07-03,94.6,1,39
"Wheeler, Zack",2024-07-03,94.4,4,38
"Wheeler, Zack",2024-07-03,96.6,6,33
"Wheeler, Zack",2024-07-03,95.7,4,33
"Wheeler, Zack",2024-07-03,95.2,1,32
"Wheeler, Zack",2024-07-03,95.3,2,31
"Wheeler, Zack",2024-07-03,95.1,1,31
"Wheeler, Zack",2024-07-03,96.4,7,29
"Wheeler, Zack",2024-07-03,95,6,29
"Wheeler, Zack",2024-07-03,95.2,3,29
"Wheeler, Zack",2024-07-03,94,1,29
"Wheeler, Zack",2024-07-03,96,3,24
"Wheeler, Zack",2024-07-03,95.2,2,24
"Wheeler, Zack",2024-07-03,96.6,5,23
"Wheeler, Zack",2024-07-03,96.1,4,23
"Wheeler, Zack",2024-07-03,96,3,23
"Wheeler, Zack",2024-07-03,95.5,1,22
"Wheeler, Zack",2024-07-03,95.2,4,21
"Wheeler, Zack",2024-07-03,95,3,21
"Wheeler, Zack",2024-07-03,94.2,1,21
"Wheeler, Zack",2024-07-03,95.5,6,13
"Wheeler, Zack",2024-07-03,95.7,4,13
"Wheeler, Zack",2024-07-03,94.8,2,13
"Wheeler, Zack",2024-07-03,94.5,3,12
"Wheeler, Zack",2024-07-03,95.4,1,8
"Wheeler, Zack",2024-07-03,95.5,3,7
"Wheeler, Zack",2024-07-03,95.1,1,7
"Wheeler, Zack",2024-07-03,95.3,1,6
"Wheeler, Zack",2024-07-03,95.2,2,5
"Wheeler, Zack",2024-07-03,92.6,1,5
"Cole, Gerrit",2024-07-12,98.4,4,50
"Cole, Gerrit",2024-07-12,96.8,2,50
"Cole, Gerrit",2024-07-12,96.2,2,49
"Cole, Gerrit",2024-07-12,96.6,2,48
"Cole, Gerrit",2024-07-12,95.9,1,48
"Cole, Gerrit",2024-07-12,95.6,2,47
"Cole, Gerrit",2024-07-12,98.7,5,43
"Cole, Gerrit",2024-07-12,97,3,43
"Cole, Gerrit",2024-07-12,95.9,2,43
"Cole, Gerrit",2024-07-12,98.1,6,42
"Cole, Gerrit",2024-07-12,97.1,3,41
"Cole, Gerrit",2024-07-12,97.3,2,41
"Cole, Gerrit",2024-07-12,96,9,40
"Cole, Gerrit",2024-07-12,96.6,8,40
"Cole, Gerrit",2024-07-12,95.7,4,40
"Cole, Gerrit",2024-07-12,94.9,2,40
"Cole, Gerrit",2024-07-12,95.2,1,40
"Cole, Gerrit",2024-07-12,96.3,3,34
"Cole, Gerrit",2024-07-12,95.7,2,34
"Cole, Gerrit",2024-07-12,94.9,1,34
"Cole, Gerrit",2024-07-12,95.6,1,33
"Cole, Gerrit",2024-07-12,95.2,1,28
"Cole, Gerrit",2024-07-12,97,9,27
"Cole, Gerrit",2024-07-12,97.2,8,27
"Cole, Gerrit",2024-07-12,97.3,5,27
"Cole, Gerrit",2024-07-12,96.8,4,27
"Cole, Gerrit",2024-07-12,96.7,1,27
"Cole, Gerrit",2024-07-12,95.2,1,26
"Cole, Gerrit",2024-07-12,96.9,3,21
"Cole, Gerrit",2024-07-12,97.9,1,21
"Cole, Gerrit",2024-07-12,98,6,20
"Cole, Gerrit",2024-07-12,97.9,5,20
"Cole, Gerrit",2024-07-12,97.9,4,20
"Cole, Gerrit",2024-07-12,96.2,2,20
"Cole, Gerrit",2024-07-12,96.9,5,19
"Cole, Gerrit",2024-07-12,96.4,1,19
"Cole, Gerrit",2024-07-12,96.5,4,18
"Cole, Gerrit",2024-07-12,94.4,2,18
"Cole, Gerrit",2024-07-12,93,2,17
"Cole, Gerrit",2024-07-12,95,1,17
"Cole, Gerrit",2024-07-12,97.8,3,11
"Cole, Gerrit",2024-07-12,98.1,5,9
"Cole, Gerrit",2024-07-12,97.9,2,9
"Cole, Gerrit",2024-07-12,96.5,6,8
"Cole, Gerrit",2024-07-12,96.3,2,8
"Cole, Gerrit",2024-07-12,95.7,1,8
"Cole, Gerrit",2024-07-12,96.6,6,7
"Cole, Gerrit",2024-07-12,95,4,7
"Cole, Gerrit",2024-07-12,95,2,7
"Gausman, Kevin",2024-07-11,96.4,3,57
"Gausman, Kevin",2024-07-11,94.1,1,57
"Gausman, Kevin",2024-07-11,91.5,2,56
"Gausman, Kevin",2024-07-11,91.6,1,55
"Gausman, Kevin",2024-07-11,95.3,5,51
"Gausman, Kevin",2024-07-11,96.1,4,51
"Gausman, Kevin",2024-07-11,94.2,3,51
"Gausman, Kevin",2024-07-11,93.7,1,51
"Gausman, Kevin",2024-07-11,93.2,1,50
"Gausman, Kevin",2024-07-11,94.5,6,49
"Gausman, Kevin",2024-07-11,93.6,5,49
"Gausman, Kevin",2024-07-11,91.7,4,49
"Gausman, Kevin",2024-07-11,92.7,3,49
"Gausman, Kevin",2024-07-11,94.1,2,49
"Gausman, Kevin",2024-07-11,94.5,1,49
"Gausman, Kevin",2024-07-11,93.6,7,48
"Gausman, Kevin",2024-07-11,96.1,6,48
"Gausman, Kevin",2024-07-11,95.3,5,48
"Gausman, Kevin",2024-07-11,92.8,3,48
"Gausman, Kevin",2024-07-11,92.6,2,48
"Gausman, Kevin",2024-07-11,91.4,1,48
"Gausman, Kevin",2024-07-11,96.5,5,44
"Gausman, Kevin",2024-07-11,94.8,3,44
"Gausman, Kevin",2024-07-11,93.4,2,44
"Gausman, Kevin",2024-07-11,93.8,1,44
"Gausman, Kevin",2024-07-11,96.8,6,43
"Gausman, Kevin",2024-07-11,94.4,3,43
"Gausman, Kevin",2024-07-11,93.6,2,43
"Gausman, Kevin",2024-07-11,94.1,1,43
"Gausman, Kevin",2024-07-11,92.5,1,42
"Gausman, Kevin",2024-07-11,91.9,1,41
"Gausman, Kevin",2024-07-11,93.4,1,35
"Gausman, Kevin",2024-07-11,91.6,1,34
"Gausman, Kevin",2024-07-11,95.5,2,33
"Gausman, Kevin",2024-07-11,93.4,1,33
"Gausman, Kevin",2024-07-11,94.8,3,32
"Gausman, Kevin",2024-07-11,92.5,2,32
"Gausman, Kevin",2024-07-11,91.1,1,32
"Gausman, Kevin",2024-07-11,94.9,4,25
"Gausman, Kevin",2024-07-11,94.9,2,25
"Gausman, Kevin",2024-07-11,94.6,1,25
"Gausman, Kevin",2024-07-11,93.6,4,24
"Gausman, Kevin",2024-07-11,93.8,2,24
"Gausman, Kevin",2024-07-11,95.3,1,24
"Gausman, Kevin",2024-07-11,96.2,5,23
"Gausman, Kevin",2024-07-11,95.1,2,23
"Gausman, Kevin",2024-07-11,95.2,1,23
"Gausman, Kevin",2024-07-11,96.6,4,22
"Gausman, Kevin",2024-07-11,94.7,3,22
"Gausman, Kevin",2024-07-11,93.4,2,22
"Gausman, Kevin",2024-07-11,92.7,1,22
"Gausman, Kevin",2024-07-11,94.9,1,18
"Gausman, Kevin",2024-07-11,95.5,1,17
"Gausman, Kevin",2024-07-11,95.9,4,16
"Gausman, Kevin",2024-07-11,93.7,3,16
"Gausman, Kevin",2024-07-11,93.4,1,16
"Gausman, Kevin",2024-07-11,95.6,2,12
"Gausman, Kevin",2024-07-11,95.7,1,12
"Gausman, Kevin",2024-07-11,95.3,5,11
"Gausman, Kevin",2024-07-11,95.7,1,11
"Gausman, Kevin",2024-07-11,95.9,3,10
"Gausman, Kevin",2024-07-11,95.5,2,10
"Gausman, Kevin",2024-07-11,94.1,1,10
"Gausman, Kevin",2024-07-11,93.2,5,9
"Gausman, Kevin",2024-07-11,93.7,2,9
"Gausman, Kevin",2024-07-11,93.4,1,9
"Gausman, Kevin",2024-07-11,93.1,5,8
"Gausman, Kevin",2024-07-11,92.1,4,8
"Gausman, Kevin",2024-07-11,91.6,3,8
"Gausman, Kevin",2024-07-11,93.2,2,8
"Gausman, Kevin",2024-07-11,91.6,1,8
"Webb, Logan",2024-07-10,91.5,4,39
"Webb, Logan",2024-07-10,91.6,4,37
"Webb, Logan",2024-07-10,93.5,4,33
"Webb, Logan",2024-07-10,94.6,3,2
"Wheeler, Zack",2024-07-09,96.2,3,45
"Wheeler, Zack",2024-07-09,95.5,4,44
"Wheeler, Zack",2024-07-09,95.1,3,44
"Wheeler, Zack",2024-07-09,96.3,4,43
"Wheeler, Zack",2024-07-09,95.3,5,42
"Wheeler, Zack",2024-07-09,95.3,3,42
"Wheeler, Zack",2024-07-09,95,2,42
"Wheeler, Zack",2024-07-09,95.8,4,41
"Wheeler, Zack",2024-07-09,95.1,6,40
"Wheeler, Zack",2024-07-09,95.2,5,40
"Wheeler, Zack",2024-07-09,94.2,3,40
"Wheeler, Zack",2024-07-09,93.8,1,40
"Wheeler, Zack",2024-07-09,95.2,3,29
"Wheeler, Zack",2024-07-09,94.1,1,29
"Wheeler, Zack",2024-07-09,94.9,4,28
"Wheeler, Zack",2024-07-09,96.2,1,22
"Wheeler, Zack",2024-07-09,96.4,5,21
"Wheeler, Zack",2024-07-09,95.2,4,21
"Wheeler, Zack",2024-07-09,95,4,19
"Wheeler, Zack",2024-07-09,94.3,1,19
"Wheeler, Zack",2024-07-09,96,1,12
"Wheeler, Zack",2024-07-09,95.4,1,11
"Wheeler, Zack",2024-07-09,94.8,1,10
"Wheeler, Zack",2024-07-09,95.7,2,5
"Wheeler, Zack",2024-07-09,96.4,1,4
"Wheeler, Zack",2024-07-09,96.3,2,3
"Wheeler, Zack",2024-07-09,96.6,6,2
"Gausman, Kevin",2024-07-21,94.8,3,55
"Gausman, Kevin",2024-07-21,93.7,1,55
"Gausman, Kevin",2024-07-21,94.6,3,54
"Gausman, Kevin",2024-07-21,94,2,47
"Gausman, Kevin",2024-07-21,94.3,7,46
"Gausman, Kevin",2024-07-21,95.1,6,46
"Gausman, Kevin",2024-07-21,93.1,5,46
"Gausman, Kevin",2024-07-21,92.4,4,46
"Gausman, Kevin",2024-07-21,93,1,46
"Gausman, Kevin",2024-07-21,95.3,2,39
"Gausman, Kevin",2024-07-21,95,1,39
"Gausman, Kevin",2024-07-21,93.6,5,38
"Gausman, Kevin",2024-07-21,93.1,4,38
"Gausman, Kevin",2024-07-21,93.5,3,38
"Gausman, Kevin",2024-07-21,94.7,2,38
"Gausman, Kevin",2024-07-21,93.7,1,38
"Gausman, Kevin",2024-07-21,94.8,5,37
"Gausman, Kevin",2024-07-21,94.9,1,37
"Gausman, Kevin",2024-07-21,94,1,36
"Gausman, Kevin",2024-07-21,93.2,5,35
"Gausman, Kevin",2024-07-21,93.7,4,35
"Gausman, Kevin",2024-07-21,94.1,2,35
"Gausman, Kevin",2024-07-21,94.3,1,35
"Gausman, Kevin",2024-07-21,93.6,2,34
"Gausman, Kevin",2024-07-21,95,1,34
"Gausman, Kevin",2024-07-21,93.5,3,28
"Gausman, Kevin",2024-07-21,93.6,2,28
"Gausman, Kevin",2024-07-21,93.3,1,28
"Gausman, Kevin",2024-07-21,95.1,5,27
"Gausman, Kevin",2024-07-21,94.5,4,27
"Gausman, Kevin",2024-07-21,94.3,2,27
"Gausman, Kevin",2024-07-21,95.1,4,26
"Gausman, Kevin",2024-07-21,94.8,3,26
"Gausman, Kevin",2024-07-21,93.8,2,26
"Gausman, Kevin",2024-07-21,95.1,8,25
"Gausman, Kevin",2024-07-21,95.2,6,25
"Gausman, Kevin",2024-07-21,95,5,25
"Gausman, Kevin",2024-07-21,92.9,1,25
"Gausman, Kevin",2024-07-21,94.6,4,19
"Gausman, Kevin",2024-07-21,94.3,3,19
"Gausman, Kevin",2024-07-21,95,2,19
"Gausman, Kevin",2024-07-21,95.6,6,18
"Gausman, Kevin",2024-07-21,95.5,5,18
"Gausman, Kevin",2024-07-21,94.5,3,18
"Gausman, Kevin",2024-07-21,93.8,1,17
"Gausman, Kevin",2024-07-21,95.5,7,16
"Gausman, Kevin",2024-07-21,95.3,6,16
"Gausman, Kevin",2024-07-21,94.4,1,16
"Gausman, Kevin",2024-07-21,94.1,1,12
"Gausman, Kevin",2024-07-21,93.9,1,11
"Gausman, Kevin",2024-07-21,94.3,4,10
"Gausman, Kevin",2024-07-21,93.4,1,10
"Gausman, Kevin",2024-07-21,93.2,1,5
"Gausman, Kevin",2024-07-21,94.2,4,4
"Gausman, Kevin",2024-07-21,95.2,3,4
"Gausman, Kevin",2024-07-21,94.6,1,4
"Gausman, Kevin",2024-07-21,95,1,3
"Gausman, Kevin",2024-07-21,92.9,1,2
"Gausman, Kevin",2024-07-21,93.7,1,1
"Webb, Logan",2024-07-20,91.9,2,41
"Webb, Logan",2024-07-20,91.1,4,39
"Webb, Logan",2024-07-20,91,2,39
"Webb, Logan",2024-07-20,92,1,39
"Webb, Logan",2024-07-20,92.2,3,38
"Webb, Logan",2024-07-20,92.1,1,32
"Webb, Logan",2024-07-20,92.9,2,24
"Webb, Logan",2024-07-20,92.5,4,22
"Webb, Logan",2024-07-20,92.4,3,22
"Webb, Logan",2024-07-20,93,4,17
"Webb, Logan",2024-07-20,93.4,3,5
"Webb, Logan",2024-07-20,93,7,4
"Webb, Logan",2024-07-20,94.1,4,4
"Webb, Logan",2024-07-20,93.2,2,4
"Webb, Logan",2024-07-20,92.3,1,4
"Cole, Gerrit",2024-07-19,96.7,4,51
"Cole, Gerrit",2024-07-19,95.7,1,51
"Cole, Gerrit",2024-07-19,96.5,4,49
"Cole, Gerrit",2024-07-19,95.8,3,49
"Cole, Gerrit",2024-07-19,95.9,1,49
"Cole, Gerrit",2024-07-19,93.9,1,48
"Cole, Gerrit",2024-07-19,94.2,4,47
"Cole, Gerrit",2024-07-19,92.8,3,47
"Cole, Gerrit",2024-07-19,97,6,40
"Cole, Gerrit",2024-07-19,96.7,5,40
"Cole, Gerrit",2024-07-19,96.8,1,40
"Cole, Gerrit",2024-07-19,95.3,5,39
"Cole, Gerrit",2024-07-19,96.2,3,39
"Cole, Gerrit",2024-07-19,94.8,2,39
"Cole, Gerrit",2024-07-19,94.9,6,37
"Cole, Gerrit",2024-07-19,94,4,37
"Cole, Gerrit",2024-07-19,93.8,3,37
"Cole, Gerrit",2024-07-19,96.2,3,32
"Cole, Gerrit",2024-07-19,96.6,1,32
"Cole, Gerrit",2024-07-19,96,1,31
"Cole, Gerrit",2024-07-19,96.4,1,30
"Cole, Gerrit",2024-07-19,96.1,7,29
"Cole, Gerrit",2024-07-19,95.8,5,29
"Cole, Gerrit",2024-07-19,93.7,3,29
"Cole, Gerrit",2024-07-19,93.8,1,29
"Cole, Gerrit",2024-07-19,97.1,2,20
"Cole, Gerrit",2024-07-19,97.1,3,19
"Cole, Gerrit",2024-07-19,94.6,1,19
"Cole, Gerrit",2024-07-19,96.5,4,18
"Cole, Gerrit",2024-07-19,95.9,2,18
"Cole, Gerrit",2024-07-19,95.7,1,18
"Cole, Gerrit",2024-07-19,96.6,4,12
"Cole, Gerrit",2024-07-19,97.3,1,12
"Cole, Gerrit",2024-07-19,97.2,6,10
"Cole, Gerrit",2024-07-19,96.5,5,10
"Cole, Gerrit",2024-07-19,96.4,4,10
"Cole, Gerrit",2024-07-19,96.3,3,10
"Cole, Gerrit",2024-07-19,97.4,2,10
"Cole, Gerrit",2024-07-19,97.3,1,4
"Cole, Gerrit",2024-07-19,97.9,6,3
"Cole, Gerrit",2024-07-19,98.1,5,3
"Cole, Gerrit",2024-07-19,97,1,3
"Cole, Gerrit",2024-07-19,97.4,5,2
"Cole, Gerrit",2024-07-19,97.7,4,2
"Cole, Gerrit",2024-07-19,95.9,3,2
"Cole, Gerrit",2024-07-19,96.7,4,1
"Cole, Gerrit",2024-07-19,95.8,1,1
"Gausman, Kevin",2024-07-27,96.6,3,76
"Gausman, Kevin",2024-07-27,94.6,1,76
"Gausman, Kevin",2024-07-27,96.6,6,75
"Gausman, Kevin",2024-07-27,94,5,75
"Gausman, Kevin",2024-07-27,96.4,6,74
"Gausman, Kevin",2024-07-27,96.6,3,74
"Gausman, Kevin",2024-07-27,95.6,2,74
"Gausman, Kevin",2024-07-27,95.1,1,74
"Gausman, Kevin",2024-07-27,96.1,5,73
"Gausman, Kevin",2024-07-27,92.6,3,73
"Gausman, Kevin",2024-07-27,95.7,4,67
"Gausman, Kevin",2024-07-27,95.3,2,67
"Gausman, Kevin",2024-07-27,96.5,5,65
"Gausman, Kevin",2024-07-27,93,1,58
"Gausman, Kevin",2024-07-27,92.9,1,57
"Gausman, Kevin",2024-07-27,95.3,1,50
"Gausman, Kevin",2024-07-27,95.5,3,49
"Gausman, Kevin",2024-07-27,94.2,1,49
"Gausman, Kevin",2024-07-27,93.3,1,48
"Gausman, Kevin",2024-07-27,94,2,41
"Gausman, Kevin",2024-07-27,92.9,2,39
"Gausman, Kevin",2024-07-27,93.7,1,39
"Gausman, Kevin",2024-07-27,94.9,4,34
"Gausman, Kevin",2024-07-27,94.9,3,34
"Gausman, Kevin",2024-07-27,91.9,1,34
"Gausman, Kevin",2024-07-27,94.2,2,33
"Gausman, Kevin",2024-07-27,96.5,4,28
"Gausman, Kevin",2024-07-27,95.1,3,28
"Gausman, Kevin",2024-07-27,94.9,1,28
"Gausman, Kevin",2024-07-27,96.3,5,27
"Gausman, Kevin",2024-07-27,96.3,2,26
"Gausman, Kevin",2024-07-27,95.7,1,26
"Gausman, Kevin",2024-07-27,95.6,1,25
"Gausman, Kevin",2024-07-27,96.2,9,23
"Gausman, Kevin",2024-07-27,97,7,23
"Gausman, Kevin",2024-07-27,94.9,6,23
"Gausman, Kevin",2024-07-27,95,5,23
"Gausman, Kevin",2024-07-27,96.5,4,23
"Gausman, Kevin",2024-07-27,94.8,3,19
"Gausman, Kevin",2024-07-27,94.7,2,19
"Gausman, Kevin",2024-07-27,95,1,19
"Gausman, Kevin",2024-07-27,95,1,18
"Gausman, Kevin",2024-07-27,93.7,2,17
"Gausman, Kevin",2024-07-27,92.9,1,17
"Gausman, Kevin",2024-07-27,95.1,2,6
"Gausman, Kevin",2024-07-27,95.9,1,6
"Gausman, Kevin",2024-07-27,95.1,5,5
"Gausman, Kevin",2024-07-27,94.8,4,5
"Gausman, Kevin",2024-07-27,95.8,2,5
"Gausman, Kevin",2024-07-27,96.9,1,5
"Gausman, Kevin",2024-07-27,96,1,4
"Gausman, Kevin",2024-07-27,96.3,5,3
"Gausman, Kevin",2024-07-27,95.9,4,3
"Gausman, Kevin",2024-07-27,95.5,3,3
"Gausman, Kevin",2024-07-27,96,2,3
"Gausman, Kevin",2024-07-27,94.5,1,3
"Gausman, Kevin",2024-07-27,97.5,4,2
"Gausman, Kevin",2024-07-27,96.1,2,2
"Gausman, Kevin",2024-07-27,95.1,1,1
"Webb, Logan",2024-07-25,90.7,2,49
"Webb, Logan",2024-07-25,91.4,4,48
"Webb, Logan",2024-07-25,92.1,2,47
"Webb, Logan",2024-07-25,91.3,5,34
"Webb, Logan",2024-07-25,91.1,3,8
"Webb, Logan",2024-07-25,92.4,2,8
"Webb, Logan",2024-07-25,93.6,4,7
"Webb, Logan",2024-07-25,90.9,5,6
"Webb, Logan",2024-07-25,92.1,4,6
"Webb, Logan",2024-07-25,90.6,3,6
"Cole, Gerrit",2024-07-24,97.5,2,50
"Cole, Gerrit",2024-07-24,97.1,5,49
"Cole, Gerrit",2024-07-24,97.5,3,49
"Cole, Gerrit",2024-07-24,97.5,2,49
"Cole, Gerrit",2024-07-24,97.1,7,48
"Cole, Gerrit",2024-07-24,96,3,48
"Cole, Gerrit",2024-07-24,96.6,1,48
"Cole, Gerrit",2024-07-24,95.9,5,47
"Cole, Gerrit",2024-07-24,94.6,2,47
"Cole, Gerrit",2024-07-24,95.2,4,46
"Cole, Gerrit",2024-07-24,94.8,1,46
"Cole, Gerrit",2024-07-24,95.3,1,39
"Cole, Gerrit",2024-07-24,95.5,4,38
"Cole, Gerrit",2024-07-24,95.9,1,38
"Cole, Gerrit",2024-07-24,95.3,3,37
"Cole, Gerrit",2024-07-24,95.1,2,37
"Cole, Gerrit",2024-07-24,95.3,5,35
"Cole, Gerrit",2024-07-24,94.2,4,35
"Cole, Gerrit",2024-07-24,96.8,5,28
"Cole, Gerrit",2024-07-24,95.9,2,28
"Cole, Gerrit",2024-07-24,97.3,1,27
"Cole, Gerrit",2024-07-24,96.3,7,24
"Cole, Gerrit",2024-07-24,95.6,3,24
"Cole, Gerrit",2024-07-24,95.9,1,19
"Cole, Gerrit",2024-07-24,95.4,6,17
"Cole, Gerrit",2024-07-24,96.4,2,17
"Cole, Gerrit",2024-07-24,96.2,3,11
"Cole, Gerrit",2024-07-24,96.1,1,11
"Cole, Gerrit",2024-07-24,94.7,2,9
"Cole, Gerrit",2024-07-24,95.3,1,9
"Cole, Gerrit",2024-07-24,95.4,1,3
"Cole, Gerrit",2024-07-24,96.9,6,2
"Cole, Gerrit",2024-07-24,96.1,2,2
"Cole, Gerrit",2024-07-24,95.1,1,2
"Cole, Gerrit",2024-07-24,95.6,8,1
"Cole, Gerrit",2024-07-24,96.6,6,1
"Cole, Gerrit",2024-07-24,95.7,5,1
"Cole, Gerrit",2024-07-24,95.8,4,1
"Cole, Gerrit",2024-07-24,94.2,2,1
"Cole, Gerrit",2024-07-24,94.6,1,1
"Wheeler, Zack",2024-07-23,94.7,5,50
"Wheeler, Zack",2024-07-23,94,4,49
"Wheeler, Zack",2024-07-23,94.8,4,48
"Wheeler, Zack",2024-07-23,94.5,4,42
"Wheeler, Zack",2024-07-23,94.9,1,41
"Wheeler, Zack",2024-07-23,94.1,2,40
"Wheeler, Zack",2024-07-23,94.5,1,40
"Wheeler, Zack",2024-07-23,93.3,1,39
"Wheeler, Zack",2024-07-23,94.7,1,34
"Wheeler, Zack",2024-07-23,95.4,3,33
"Wheeler, Zack",2024-07-23,94,2,32
"Wheeler, Zack",2024-07-23,94.8,1,32
"Wheeler, Zack",2024-07-23,94.8,3,28
"Wheeler, Zack",2024-07-23,92.3,1,28
"Wheeler, Zack",2024-07-23,94.6,3,26
"Wheeler, Zack",2024-07-23,94.9,4,21
"Wheeler, Zack",2024-07-23,93.8,3,20
"Wheeler, Zack",2024-07-23,94.6,3,19
"Wheeler, Zack",2024-07-23,94.8,3,14
"Wheeler, Zack",2024-07-23,95,1,14
"Wheeler, Zack",2024-07-23,95,2,12
"Wheeler, Zack",2024-07-23,94.7,2,11
"Wheeler, Zack",2024-07-23,95.1,4,6
"Wheeler, Zack",2024-07-23,96,9,5
"Wheeler, Zack",2024-07-23,95.8,8,5
"Wheeler, Zack",2024-07-23,95.7,6,5
"Wheeler, Zack",2024-07-23,96.5,3,5
"Wheeler, Zack",2024-07-23,95.1,2,5
"Wheeler, Zack",2024-07-23,97,1,5
"Wheeler, Zack",2024-07-23,96,8,4
"Wheeler, Zack",2024-07-23,96.1,7,4
"Wheeler, Zack",2024-07-23,96.5,6,4
"Wheeler, Zack",2024-07-23,96.9,4,4
"Wheeler, Zack",2024-07-23,95.9,3,4
"Wheeler, Zack",2024-07-23,96,2,4
"Wheeler, Zack",2024-07-23,96,1,4
"Wheeler, Zack",2024-08-04,94.4,7,61
"Wheeler, Zack",2024-08-04,94.3,5,61
"Cole, Gerrit",2024-08-04,95.7,6,46
"Cole, Gerrit",2024-08-04,95.1,4,46
"Wheeler, Zack",2024-08-04,94,2,61
"Cole, Gerrit",2024-08-04,96.4,1,46
"Wheeler, Zack",2024-08-04,92.9,1,60
"Cole, Gerrit",2024-08-04,96.8,8,45
"Wheeler, Zack",2024-08-04,95.3,4,50
"Cole, Gerrit",2024-08-04,96.4,7,45
"Cole, Gerrit",2024-08-04,95.1,5,45
"Wheeler, Zack",2024-08-04,94.4,5,48
"Wheeler, Zack",2024-08-04,93.9,4,48
"Wheeler, Zack",2024-08-04,94.3,3,48
"Wheeler, Zack",2024-08-04,94.3,4,44
"Cole, Gerrit",2024-08-04,96.3,4,36
"Cole, Gerrit",2024-08-04,96.1,3,36
"Cole, Gerrit",2024-08-04,97.1,6,35
"Cole, Gerrit",2024-08-04,97,5,35
"Wheeler, Zack",2024-08-04,93.8,3,42
"Cole, Gerrit",2024-08-04,95.9,3,35
"Cole, Gerrit",2024-08-04,95.2,2,35
"Wheeler, Zack",2024-08-04,94.8,3,37
"Cole, Gerrit",2024-08-04,97.4,4,31
"Wheeler, Zack",2024-08-04,95.1,1,37
"Cole, Gerrit",2024-08-04,97.5,1,31
"Cole, Gerrit",2024-08-04,97.1,3,30
"Wheeler, Zack",2024-08-04,94.1,1,36
"Wheeler, Zack",2024-08-04,92.5,1,35
"Wheeler, Zack",2024-08-04,95.4,2,31
"Cole, Gerrit",2024-08-04,96.2,1,29
"Cole, Gerrit",2024-08-04,96.7,5,23
"Wheeler, Zack",2024-08-04,93.7,3,30
"Cole, Gerrit",2024-08-04,96.9,3,23
"Wheeler, Zack",2024-08-04,94.2,2,30
"Wheeler, Zack",2024-08-04,95.1,4,29
"Cole, Gerrit",2024-08-04,97.8,7,22
"Cole, Gerrit",2024-08-04,98.1,6,22
"Wheeler, Zack",2024-08-04,95.1,1,29
"Wheeler, Zack",2024-08-04,94.9,5,28
"Wheeler, Zack",2024-08-04,95,4,28
"Cole, Gerrit",2024-08-04,96.4,1,22
"Wheeler, Zack",2024-08-04,94.6,2,28
"Wheeler, Zack",2024-08-04,94.9,5,22
"Cole, Gerrit",2024-08-04,98.7,6,17
"Cole, Gerrit",2024-08-04,98.1,5,17
"Wheeler, Zack",2024-08-04,95.5,2,22
"Cole, Gerrit",2024-08-04,97.3,2,17
"Wheeler, Zack",2024-08-04,95.4,3,21
"Cole, Gerrit",2024-08-04,97.1,1,16
"Cole, Gerrit",2024-08-04,97,2,15
"Cole, Gerrit",2024-08-04,96.9,1,15
"Wheeler, Zack",2024-08-04,95.8,1,20
"Cole, Gerrit",2024-08-04,96.6,2,13
"Cole, Gerrit",2024-08-04,96.5,1,13
"Wheeler, Zack",2024-08-04,94.3,7,19
"Cole, Gerrit",2024-08-04,97,7,12
"Wheeler, Zack",2024-08-04,95.6,6,19
"Wheeler, Zack",2024-08-04,94.9,5,19
"Cole, Gerrit",2024-08-04,97.6,6,12
"Wheeler, Zack",2024-08-04,95.2,4,19
"Cole, Gerrit",2024-08-04,97.1,4,12
"Wheeler, Zack",2024-08-04,95.4,2,19
"Cole, Gerrit",2024-08-04,95.8,2,12
"Wheeler, Zack",2024-08-04,94.6,1,19
"Cole, Gerrit",2024-08-04,96.6,1,12
"Wheeler, Zack",2024-08-04,93.1,2,14
"Cole, Gerrit",2024-08-04,95.5,4,11
"Cole, Gerrit",2024-08-04,94.8,2,11
"Wheeler, Zack",2024-08-04,95.8,1,13
"Cole, Gerrit",2024-08-04,95,1,11
"Cole, Gerrit",2024-08-04,97.3,5,4
"Wheeler, Zack",2024-08-04,94.8,1,12
"Cole, Gerrit",2024-08-04,98.6,4,4
"Wheeler, Zack",2024-08-04,96,5,8
"Cole, Gerrit",2024-08-04,97,2,4
"Cole, Gerrit",2024-08-04,96.4,1,4
"Wheeler, Zack",2024-08-04,95.5,4,8
"Cole, Gerrit",2024-08-04,95.9,1,3
"Cole, Gerrit",2024-08-04,96.5,6,2
"Cole, Gerrit",2024-08-04,96,5,2
"Wheeler, Zack",2024-08-04,96,1,7
"Wheeler, Zack",2024-08-04,96.8,2,6
"Wheeler, Zack",2024-08-04,96.5,1,6
"Cole, Gerrit",2024-08-04,95.5,2,2
"Cole, Gerrit",2024-08-04,94.7,1,2
"Wheeler, Zack",2024-08-04,96.1,2,5
"Cole, Gerrit",2024-08-04,94.6,1,1
"Gausman, Kevin",2024-08-02,94.1,2,49
"Gausman, Kevin",2024-08-02,94.8,6,48
"Gausman, Kevin",2024-08-02,94.1,6,47
"Gausman, Kevin",2024-08-02,94.3,4,47
"Gausman, Kevin",2024-08-02,93.9,2,47
"Gausman, Kevin",2024-08-02,94.6,1,47
"Gausman, Kevin",2024-08-02,92.8,5,46
"Gausman, Kevin",2024-08-02,93.4,4,46
"Gausman, Kevin",2024-08-02,93.4,3,46
"Gausman, Kevin",2024-08-02,94.2,1,46
"Gausman, Kevin",2024-08-02,95,3,45
"Gausman, Kevin",2024-08-02,93.4,2,45
"Gausman, Kevin",2024-08-02,93.9,1,45
"Gausman, Kevin",2024-08-02,92,5,43
"Gausman, Kevin",2024-08-02,92,3,43
"Gausman, Kevin",2024-08-02,90.1,2,43
"Gausman, Kevin",2024-08-02,93.9,7,39
"Gausman, Kevin",2024-08-02,94.5,6,39
"Gausman, Kevin",2024-08-02,93.4,4,39
"Gausman, Kevin",2024-08-02,92.8,1,39
"Gausman, Kevin",2024-08-02,92,2,38
"Gausman, Kevin",2024-08-02,92.4,1,38
"Gausman, Kevin",2024-08-02,94.5,3,37
"Gausman, Kevin",2024-08-02,93.4,1,37
"Gausman, Kevin",2024-08-02,93.3,2,32
"Gausman, Kevin",2024-08-02,94.1,2,31
"Gausman, Kevin",2024-08-02,93.9,7,30
"Gausman, Kevin",2024-08-02,92.3,4,30
"Gausman, Kevin",2024-08-02,92.7,3,30
"Gausman, Kevin",2024-08-02,93.3,5,29
"Gausman, Kevin",2024-08-02,92.2,2,29
"Gausman, Kevin",2024-08-02,91.5,1,29
"Gausman, Kevin",2024-08-02,93.5,3,19
"Gausman, Kevin",2024-08-02,94.8,1,19
"Gausman, Kevin",2024-08-02,94,3,18
"Gausman, Kevin",2024-08-02,94,1,18
"Gausman, Kevin",2024-08-02,93.6,5,17
"Gausman, Kevin",2024-08-02,94.5,2,17
"Gausman, Kevin",2024-08-02,94.3,1,17
"Gausman, Kevin",2024-08-02,93,2,16
"Gausman, Kevin",2024-08-02,94.2,1,12
"Gausman, Kevin",2024-08-02,96.6,5,11
"Gausman, Kevin",2024-08-02,94.8,3,11
"Gausman, Kevin",2024-08-02,95.3,5,10
"Gausman, Kevin",2024-08-02,93.9,4,10
"Gausman, Kevin",2024-08-02,95.2,3,10
"Gausman, Kevin",2024-08-02,94.8,1,10
"Gausman, Kevin",2024-08-02,95,2,9
"Gausman, Kevin",2024-08-02,94.7,1,9
"Gausman, Kevin",2024-08-02,94.8,3,8
"Gausman, Kevin",2024-08-02,93,1,8
"Webb, Logan",2024-07-31,92.4,3,47
"Webb, Logan",2024-07-31,91.3,2,33
"Webb, Logan",2024-07-31,91.9,3,27
"Webb, Logan",2024-07-31,90.6,2,26
"Wheeler, Zack",2024-07-29,95.3,6,40
"Wheeler, Zack",2024-07-29,95.9,5,40
"Wheeler, Zack",2024-07-29,94.3,3,40
"Wheeler, Zack",2024-07-29,95.6,1,40
"Wheeler, Zack",2024-07-29,95.2,4,39
"Wheeler, Zack",2024-07-29,95.4,1,38
"Wheeler, Zack",2024-07-29,95.9,6,37
"Wheeler, Zack",2024-07-29,94.8,1,37
"Wheeler, Zack",2024-07-29,94.4,3,36
"Wheeler, Zack",2024-07-29,93.3,2,36
"Wheeler, Zack",2024-07-29,93.8,1,33
"Wheeler, Zack",2024-07-29,96.1,6,27
"Wheeler, Zack",2024-07-29,94.3,3,27
"Wheeler, Zack",2024-07-29,95.4,5,26
"Wheeler, Zack",2024-07-29,95.8,3,26
"Wheeler, Zack",2024-07-29,95.7,2,26
"Wheeler, Zack",2024-07-29,94.9,1,26
"Wheeler, Zack",2024-07-29,94.7,4,25
"Wheeler, Zack",2024-07-29,94.3,1,25
"Wheeler, Zack",2024-07-29,95.7,5,18
"Wheeler, Zack",2024-07-29,95.3,4,18
"Wheeler, Zack",2024-07-29,95.2,2,18
"Wheeler, Zack",2024-07-29,95.5,1,18
"Wheeler, Zack",2024-07-29,95.4,6,16
"Wheeler, Zack",2024-07-29,95.5,6,12
"Wheeler, Zack",2024-07-29,95.6,4,12
"Wheeler, Zack",2024-07-29,95.5,2,11
"Webb, Logan",2024-08-10,94.3,2,54
"Webb, Logan",2024-08-10,93,2,53
"Webb, Logan",2024-08-10,93.2,6,52
"Webb, Logan",2024-08-10,93.4,3,52
"Webb, Logan",2024-08-10,91.8,2,52
"Cole, Gerrit",2024-08-10,96.4,1,43
"Webb, Logan",2024-08-10,92.2,3,51
"Cole, Gerrit",2024-08-10,97.9,4,38
"Cole, Gerrit",2024-08-10,96.7,3,38
"Cole, Gerrit",2024-08-10,95.1,1,38
"Webb, Logan",2024-08-10,92.6,4,45
"Cole, Gerrit",2024-08-10,97.4,1,37
"Cole, Gerrit",2024-08-10,95.9,1,36
"Cole, Gerrit",2024-08-10,97,3,31
"Cole, Gerrit",2024-08-10,97.1,1,31
"Cole, Gerrit",2024-08-10,97.9,4,29
"Cole, Gerrit",2024-08-10,97.3,1,28
"Webb, Logan",2024-08-10,93.4,1,33
"Cole, Gerrit",2024-08-10,97.8,5,27
"Cole, Gerrit",2024-08-10,96.8,3,27
"Cole, Gerrit",2024-08-10,96.9,2,27
"Cole, Gerrit",2024-08-10,95.8,4,26
"Webb, Logan",2024-08-10,93.6,2,31
"Cole, Gerrit",2024-08-10,95.8,2,26
"Cole, Gerrit",2024-08-10,95.2,1,26
"Cole, Gerrit",2024-08-10,96.5,4,21
"Cole, Gerrit",2024-08-10,97.1,2,21
"Webb, Logan",2024-08-10,93.1,4,30
"Cole, Gerrit",2024-08-10,97.3,1,21
"Cole, Gerrit",2024-08-10,97.4,3,20
"Webb, Logan",2024-08-10,93.3,2,29
"Cole, Gerrit",2024-08-10,95,2,18
"Webb, Logan",2024-08-10,92.2,1,29
"Cole, Gerrit",2024-08-10,97.2,6,17
"Cole, Gerrit",2024-08-10,95.5,4,17
"Cole, Gerrit",2024-08-10,96,3,17
"Cole, Gerrit",2024-08-10,94.3,2,17
"Cole, Gerrit",2024-08-10,95.6,1,17
"Cole, Gerrit",2024-08-10,97,3,11
"Cole, Gerrit",2024-08-10,96.7,2,11
"Cole, Gerrit",2024-08-10,97.5,6,10
"Cole, Gerrit",2024-08-10,97,5,10
"Cole, Gerrit",2024-08-10,96.4,3,10
"Cole, Gerrit",2024-08-10,97.2,3,9
"Webb, Logan",2024-08-10,93.7,4,16
"Cole, Gerrit",2024-08-10,96.7,1,9
"Cole, Gerrit",2024-08-10,95.5,2,8
"Cole, Gerrit",2024-08-10,95.9,1,8
"Cole, Gerrit",2024-08-10,97.1,2,3
"Cole, Gerrit",2024-08-10,99.1,6,2
"Cole, Gerrit",2024-08-10,97.8,5,2
"Webb, Logan",2024-08-10,94.6,3,10
"Cole, Gerrit",2024-08-10,95.3,2,2
"Cole, Gerrit",2024-08-10,96.2,5,1
"Cole, Gerrit",2024-08-10,95.6,4,1
"Cole, Gerrit",2024-08-10,95.8,2,1
"Cole, Gerrit",2024-08-10,96.2,1,1
"Wheeler, Zack",2024-08-09,95.4,4,44
"Wheeler, Zack",2024-08-09,95.2,4,43
"Wheeler, Zack",2024-08-09,95,3,43
"Wheeler, Zack",2024-08-09,94.9,1,43
"Wheeler, Zack",2024-08-09,95.6,1,38
"Wheeler, Zack",2024-08-09,96,7,37
"Wheeler, Zack",2024-08-09,95.2,1,37
"Wheeler, Zack",2024-08-09,94.8,4,36
"Wheeler, Zack",2024-08-09,95.4,1,35
"Wheeler, Zack",2024-08-09,95.7,5,29
"Wheeler, Zack",2024-08-09,95.3,1,29
"Wheeler, Zack",2024-08-09,94,1,27
"Wheeler, Zack",2024-08-09,95.6,3,23
"Wheeler, Zack",2024-08-09,96.1,2,23
"Wheeler, Zack",2024-08-09,96.2,6,22
"Wheeler, Zack",2024-08-09,95.5,3,21
"Wheeler, Zack",2024-08-09,94.5,1,21
"Wheeler, Zack",2024-08-09,95.4,4,16
"Wheeler, Zack",2024-08-09,96.2,3,16
"Wheeler, Zack",2024-08-09,95,3,15
"Wheeler, Zack",2024-08-09,95,1,15
"Wheeler, Zack",2024-08-09,95.4,3,14
"Wheeler, Zack",2024-08-09,95.6,1,14
"Wheeler, Zack",2024-08-09,96,4,13
"Wheeler, Zack",2024-08-09,96.5,1,9
"Wheeler, Zack",2024-08-09,96.2,1,8
"Wheeler, Zack",2024-08-09,96.5,3,7
"Wheeler, Zack",2024-08-09,96.4,1,7
"Wheeler, Zack",2024-08-09,96.8,6,6
"Wheeler, Zack",2024-08-09,97.2,5,6
"Wheeler, Zack",2024-08-09,96.4,3,6
"Wheeler, Zack",2024-08-09,97.1,1,6
"Wheeler, Zack",2024-08-09,97.8,6,5
"Wheeler, Zack",2024-08-09,96.4,5,5
"Wheeler, Zack",2024-08-09,96.5,1,5
"Wheeler, Zack",2024-08-09,97.2,2,4
"Wheeler, Zack",2024-08-09,96.8,1,4
"Gausman, Kevin",2024-08-08,96.1,3,63
"Gausman, Kevin",2024-08-08,96.1,2,63
"Gausman, Kevin",2024-08-08,95.8,1,63
"Gausman, Kevin",2024-08-08,94.4,3,62
"Gausman, Kevin",2024-08-08,94.7,3,58
"Gausman, Kevin",2024-08-08,94.9,1,58
"Gausman, Kevin",2024-08-08,93.5,2,57
"Gausman, Kevin",2024-08-08,92.5,1,56
"Gausman, Kevin",2024-08-08,95.6,1,49
"Gausman, Kevin",2024-08-08,94.9,3,47
"Gausman, Kevin",2024-08-08,94.9,2,47
"Gausman, Kevin",2024-08-08,94.3,1,47
"Gausman, Kevin",2024-08-08,94.1,2,39
"Gausman, Kevin",2024-08-08,92.9,1,39
"Gausman, Kevin",2024-08-08,95.4,2,38
"Gausman, Kevin",2024-08-08,95,6,37
"Gausman, Kevin",2024-08-08,93.8,5,37
"Gausman, Kevin",2024-08-08,93.4,1,33
"Gausman, Kevin",2024-08-08,94.7,3,32
"Gausman, Kevin",2024-08-08,95.1,2,32
"Gausman, Kevin",2024-08-08,93.7,1,32
"Gausman, Kevin",2024-08-08,93.4,4,31
"Gausman, Kevin",2024-08-08,94.2,2,30
"Gausman, Kevin",2024-08-08,94.1,1,30
"Gausman, Kevin",2024-08-08,95.4,8,24
"Gausman, Kevin",2024-08-08,96,6,24
"Gausman, Kevin",2024-08-08,96.7,4,23
"Gausman, Kevin",2024-08-08,95.8,2,23
"Gausman, Kevin",2024-08-08,96.4,1,23
"Gausman, Kevin",2024-08-08,94.6,1,21
"Gausman, Kevin",2024-08-08,95.1,3,20
"Gausman, Kevin",2024-08-08,95,2,20
"Gausman, Kevin",2024-08-08,95,1,20
"Gausman, Kevin",2024-08-08,93.5,1,19
"Gausman, Kevin",2024-08-08,96.2,4,13
"Gausman, Kevin",2024-08-08,93.8,2,13
"Gausman, Kevin",2024-08-08,95.3,1,13
"Gausman, Kevin",2024-08-08,94.2,1,12
"Gausman, Kevin",2024-08-08,92.6,2,11
"Gausman, Kevin",2024-08-08,92.5,1,11
"Gausman, Kevin",2024-08-08,94.5,1,3
"Gausman, Kevin",2024-08-08,95.1,3,2
"Gausman, Kevin",2024-08-08,93.6,2,2
"Gausman, Kevin",2024-08-08,94.3,1,2
"Gausman, Kevin",2024-08-08,94.5,1,1
"Cole, Gerrit",2024-08-16,96.1,5,47
"Cole, Gerrit",2024-08-16,96.3,3,47
"Cole, Gerrit",2024-08-16,96.2,2,47
"Cole, Gerrit",2024-08-16,96.4,2,45
"Cole, Gerrit",2024-08-16,95.1,6,44
"Cole, Gerrit",2024-08-16,96.1,5,44
"Cole, Gerrit",2024-08-16,93.9,3,44
"Cole, Gerrit",2024-08-16,94,2,43
"Cole, Gerrit",2024-08-16,93.7,1,43
"Cole, Gerrit",2024-08-16,95.8,5,38
"Cole, Gerrit",2024-08-16,94.4,2,38
"Cole, Gerrit",2024-08-16,94.5,4,37
"Cole, Gerrit",2024-08-16,93.8,2,37
"Cole, Gerrit",2024-08-16,94,1,37
"Cole, Gerrit",2024-08-16,96.2,3,31
"Cole, Gerrit",2024-08-16,94,5,30
"Cole, Gerrit",2024-08-16,94.4,3,30
"Cole, Gerrit",2024-08-16,94.6,2,30
"Cole, Gerrit",2024-08-16,94.6,1,29
"Cole, Gerrit",2024-08-16,96.6,7,25
"Cole, Gerrit",2024-08-16,96,5,25
"Cole, Gerrit",2024-08-16,96.1,3,25
"Cole, Gerrit",2024-08-16,96.4,1,25
"Cole, Gerrit",2024-08-16,97.5,4,24
"Cole, Gerrit",2024-08-16,96.1,3,24
"Cole, Gerrit",2024-08-16,94.6,3,23
"Cole, Gerrit",2024-08-16,93.4,2,22
"Cole, Gerrit",2024-08-16,97.6,4,18
"Cole, Gerrit",2024-08-16,96.9,3,17
"Cole, Gerrit",2024-08-16,96.5,4,16
"Cole, Gerrit",2024-08-16,96.2,2,16
"Cole, Gerrit",2024-08-16,96.8,1,16
"Cole, Gerrit",2024-08-16,96.3,7,15
"Cole, Gerrit",2024-08-16,96.3,6,15
"Cole, Gerrit",2024-08-16,95.1,3,15
"Cole, Gerrit",2024-08-16,95.3,2,15
"Cole, Gerrit",2024-08-16,94.8,5,14
"Cole, Gerrit",2024-08-16,94.3,4,14
"Cole, Gerrit",2024-08-16,94.9,4,9
"Cole, Gerrit",2024-08-16,95,2,9
"Cole, Gerrit",2024-08-16,94.8,1,9
"Cole, Gerrit",2024-08-16,94.1,1,8
"Cole, Gerrit",2024-08-16,95.1,1,7
"Webb, Logan",2024-08-15,93.2,5,59
"Wheeler, Zack",2024-08-15,95.2,3,52
"Wheeler, Zack",2024-08-15,95.7,2,51
"Webb, Logan",2024-08-15,92.6,4,50
"Wheeler, Zack",2024-08-15,94.4,3,49
"Wheeler, Zack",2024-08-15,94.9,2,49
"Wheeler, Zack",2024-08-15,94.5,1,48
"Webb, Logan",2024-08-15,92.2,3,49
"Wheeler, Zack",2024-08-15,94.5,3,44
"Wheeler, Zack",2024-08-15,94.5,2,44
"Wheeler, Zack",2024-08-15,94.9,6,43
"Wheeler, Zack",2024-08-15,95.4,3,43
"Wheeler, Zack",2024-08-15,94.4,1,42
"Wheeler, Zack",2024-08-15,93,1,41
"Webb, Logan",2024-08-15,93.1,2,34
"Wheeler, Zack",2024-08-15,96.2,2,29
"Wheeler, Zack",2024-08-15,95.5,5,28
"Wheeler, Zack",2024-08-15,95.8,4,28
"Wheeler, Zack",2024-08-15,95.1,1,28
"Wheeler, Zack",2024-08-15,95.5,6,27
"Wheeler, Zack",2024-08-15,95.4,6,23
"Wheeler, Zack",2024-08-15,94.4,1,22
"Wheeler, Zack",2024-08-15,94.5,2,21
"Wheeler, Zack",2024-08-15,94,1,21
"Webb, Logan",2024-08-15,93,4,19
"Wheeler, Zack",2024-08-15,95.3,1,16
"Wheeler, Zack",2024-08-15,94.6,3,15
"Wheeler, Zack",2024-08-15,94.9,2,15
"Wheeler, Zack",2024-08-15,94.5,1,14
"Wheeler, Zack",2024-08-15,95.3,5,13
"Wheeler, Zack",2024-08-15,95.1,4,13
"Wheeler, Zack",2024-08-15,94.5,2,13
"Wheeler, Zack",2024-08-15,94.9,1,13
"Webb, Logan",2024-08-15,93.5,5,8
"Wheeler, Zack",2024-08-15,96.5,2,3
"Wheeler, Zack",2024-08-15,95.8,1,3
"Wheeler, Zack",2024-08-15,96.6,5,2
"Webb, Logan",2024-08-15,93.3,1,8
"Wheeler, Zack",2024-08-15,96.2,9,1
"Wheeler, Zack",2024-08-15,96.4,8,1
"Wheeler, Zack",2024-08-15,96.7,7,1
"Wheeler, Zack",2024-08-15,95.6,5,1
"Webb, Logan",2024-08-15,94.6,4,1
"Wheeler, Zack",2024-08-15,96.7,4,1
"Wheeler, Zack",2024-08-15,95.9,3,1
"Wheeler, Zack",2024-08-15,95.3,1,1
"Gausman, Kevin",2024-08-13,94.5,7,58
"Gausman, Kevin",2024-08-13,95.3,6,58
"Gausman, Kevin",2024-08-13,96,4,58
"Gausman, Kevin",2024-08-13,93.7,3,58
"Gausman, Kevin",2024-08-13,94.6,2,58
"Gausman, Kevin",2024-08-13,96.2,1,58
"Gausman, Kevin",2024-08-13,95.2,8,57
"Gausman, Kevin",2024-08-13,94.6,7,57
"Gausman, Kevin",2024-08-13,95.2,6,57
"Gausman, Kevin",2024-08-13,93,2,57
"Gausman, Kevin",2024-08-13,93.2,1,57
"Gausman, Kevin",2024-08-13,90.6,3,56
"Gausman, Kevin",2024-08-13,92.5,1,50
"Gausman, Kevin",2024-08-13,91.8,1,49
"Gausman, Kevin",2024-08-13,91.6,3,48
"Gausman, Kevin",2024-08-13,93.4,1,44
"Gausman, Kevin",2024-08-13,94.2,3,43
"Gausman, Kevin",2024-08-13,93.2,2,43
"Gausman, Kevin",2024-08-13,92.4,5,41
"Gausman, Kevin",2024-08-13,92.7,3,41
"Gausman, Kevin",2024-08-13,92.2,2,41
"Gausman, Kevin",2024-08-13,95.1,6,40
"Gausman, Kevin",2024-08-13,93.2,4,40
"Gausman, Kevin",2024-08-13,92.2,1,40
"Gausman, Kevin",2024-08-13,93.3,9,36
"Gausman, Kevin",2024-08-13,94,8,36
"Gausman, Kevin",2024-08-13,94.9,7,36
"Gausman, Kevin",2024-08-13,94.9,6,36
"Gausman, Kevin",2024-08-13,94.4,1,36
"Gausman, Kevin",2024-08-13,95.6,3,35
"Gausman, Kevin",2024-08-13,94.2,5,34
"Gausman, Kevin",2024-08-13,93.3,2,29
"Gausman, Kevin",2024-08-13,93.4,3,28
"Gausman, Kevin",2024-08-13,92.8,2,28
"Gausman, Kevin",2024-08-13,90.7,1,28
"Gausman, Kevin",2024-08-13,93,4,27
"Gausman, Kevin",2024-08-13,91.1,1,27
"Gausman, Kevin",2024-08-13,92.1,1,26
"Gausman, Kevin",2024-08-13,93.1,1,19
"Gausman, Kevin",2024-08-13,93.6,7,18
"Gausman, Kevin",2024-08-13,93.2,4,18
"Gausman, Kevin",2024-08-13,90.8,3,18
"Gausman, Kevin",2024-08-13,94,1,18
"Gausman, Kevin",2024-08-13,92.2,4,17
"Gausman, Kevin",2024-08-13,94.3,3,17
"Gausman, Kevin",2024-08-13,93.4,2,17
"Gausman, Kevin",2024-08-13,92.1,1,17
"Gausman, Kevin",2024-08-13,94.7,5,16
"Gausman, Kevin",2024-08-13,92.5,2,16
"Gausman, Kevin",2024-08-13,92,1,16
"Gausman, Kevin",2024-08-13,91,1,15
"Gausman, Kevin",2024-08-13,92.4,2,11
"Gausman, Kevin",2024-08-13,94.1,1,11
"Gausman, Kevin",2024-08-13,93.6,3,10
"Gausman, Kevin",2024-08-13,92,1,10
"Gausman, Kevin",2024-08-13,92.6,1,9
"Gausman, Kevin",2024-08-13,91,4,8
"Gausman, Kevin",2024-08-13,90.9,2,8
"Gausman, Kevin",2024-08-13,91.1,1,8
"Gausman, Kevin",2024-08-25,96.1,3,51
"Gausman, Kevin",2024-08-25,95.1,2,51
"Gausman, Kevin",2024-08-25,93.2,1,51
"Gausman, Kevin",2024-08-25,96,7,49
"Gausman, Kevin",2024-08-25,95.6,6,49
"Gausman, Kevin",2024-08-25,94,1,43
"Gausman, Kevin",2024-08-25,92.2,4,41
"Gausman, Kevin",2024-08-25,93.9,1,35
"Gausman, Kevin",2024-08-25,97.3,3,34
"Gausman, Kevin",2024-08-25,93.7,7,26
"Gausman, Kevin",2024-08-25,95.4,6,26
"Gausman, Kevin",2024-08-25,93.7,3,26
"Gausman, Kevin",2024-08-25,91.6,2,26
"Gausman, Kevin",2024-08-25,93.4,1,26
"Gausman, Kevin",2024-08-25,92.7,3,24
"Gausman, Kevin",2024-08-25,94.2,1,24
"Gausman, Kevin",2024-08-25,94.1,1,16
"Gausman, Kevin",2024-08-25,96.3,6,15
"Gausman, Kevin",2024-08-25,95.2,3,15
"Gausman, Kevin",2024-08-25,95.9,2,15
"Gausman, Kevin",2024-08-25,92.5,1,15
"Gausman, Kevin",2024-08-25,94.7,5,14
"Gausman, Kevin",2024-08-25,96.2,4,14
"Gausman, Kevin",2024-08-25,93.9,1,14
"Gausman, Kevin",2024-08-25,94.4,2,10
"Gausman, Kevin",2024-08-25,93.3,2,9
"Gausman, Kevin",2024-08-25,92.7,1,9
"Gausman, Kevin",2024-08-25,92.3,3,8
"Gausman, Kevin",2024-08-25,95,3,3
"Gausman, Kevin",2024-08-25,93.1,2,3
"Gausman, Kevin",2024-08-25,94.7,1,3
"Gausman, Kevin",2024-08-25,95.7,6,2
"Gausman, Kevin",2024-08-25,94.3,1,2
"Gausman, Kevin",2024-08-25,94,3,1
"Gausman, Kevin",2024-08-25,93.5,2,1
"Gausman, Kevin",2024-08-25,94.9,1,1
"Cole, Gerrit",2024-08-22,97.3,5,46
"Cole, Gerrit",2024-08-22,95.3,4,45
"Cole, Gerrit",2024-08-22,96.6,1,45
"Cole, Gerrit",2024-08-22,94.2,1,44
"Cole, Gerrit",2024-08-22,97.5,2,36
"Cole, Gerrit",2024-08-22,97.3,5,35
"Cole, Gerrit",2024-08-22,97.5,3,35
"Cole, Gerrit",2024-08-22,95.4,2,35
"Cole, Gerrit",2024-08-22,95.2,2,34
"Cole, Gerrit",2024-08-22,95.4,1,34
"Cole, Gerrit",2024-08-22,97,1,25
"Cole, Gerrit",2024-08-22,94.5,3,24
"Cole, Gerrit",2024-08-22,98.8,4,20
"Cole, Gerrit",2024-08-22,98.3,2,20
"Cole, Gerrit",2024-08-22,97.6,2,19
"Cole, Gerrit",2024-08-22,97.9,9,18
"Cole, Gerrit",2024-08-22,97.8,7,18
"Cole, Gerrit",2024-08-22,97.2,6,18
"Cole, Gerrit",2024-08-22,96.9,5,18
"Cole, Gerrit",2024-08-22,96.8,4,18
"Cole, Gerrit",2024-08-22,96.7,3,18
"Cole, Gerrit",2024-08-22,95.5,1,18
"Cole, Gerrit",2024-08-22,96.7,3,17
"Cole, Gerrit",2024-08-22,95.9,2,16
"Cole, Gerrit",2024-08-22,97.3,5,12
"Cole, Gerrit",2024-08-22,97.3,3,12
"Cole, Gerrit",2024-08-22,96.9,2,12
"Cole, Gerrit",2024-08-22,97.8,1,12
"Cole, Gerrit",2024-08-22,96.4,4,11
"Cole, Gerrit",2024-08-22,97.3,3,11
"Cole, Gerrit",2024-08-22,98,3,10
"Cole, Gerrit",2024-08-22,97.8,1,10
"Cole, Gerrit",2024-08-22,95.8,4,9
"Cole, Gerrit",2024-08-22,94.7,3,9
"Cole, Gerrit",2024-08-22,97.1,4,4
"Cole, Gerrit",2024-08-22,97.1,2,4
"Cole, Gerrit",2024-08-22,96.9,4,3
"Cole, Gerrit",2024-08-22,97.1,5,2
"Cole, Gerrit",2024-08-22,96.1,3,2
"Cole, Gerrit",2024-08-22,95.5,1,2
"Cole, Gerrit",2024-08-22,94.6,2,1
"Cole, Gerrit",2024-08-22,95.4,1,1
"Webb, Logan",2024-08-21,93,4,40
"Wheeler, Zack",2024-08-20,95.9,6,48
"Wheeler, Zack",2024-08-20,94.3,4,47
"Wheeler, Zack",2024-08-20,94.1,3,46
"Wheeler, Zack",2024-08-20,94.7,3,45
"Wheeler, Zack",2024-08-20,94.9,1,41
"Wheeler, Zack",2024-08-20,93.1,2,40
"Wheeler, Zack",2024-08-20,95.6,1,40
"Wheeler, Zack",2024-08-20,95.3,3,39
"Wheeler, Zack",2024-08-20,95,1,39
"Wheeler, Zack",2024-08-20,94.3,4,38
"Wheeler, Zack",2024-08-20,94.8,3,38
"Wheeler, Zack",2024-08-20,95.3,4,34
"Wheeler, Zack",2024-08-20,95,2,34
"Wheeler, Zack",2024-08-20,95.8,7,25
"Wheeler, Zack",2024-08-20,94.2,3,25
"Wheeler, Zack",2024-08-20,94.6,2,25
"Wheeler, Zack",2024-08-20,94.4,1,25
"Wheeler, Zack",2024-08-20,94.4,4,24
"Wheeler, Zack",2024-08-20,93.8,4,23
"Wheeler, Zack",2024-08-20,94.9,3,23
"Wheeler, Zack",2024-08-20,94.7,5,21
"Wheeler, Zack",2024-08-20,95.1,4,21
"Wheeler, Zack",2024-08-20,95.4,3,21
"Wheeler, Zack",2024-08-20,94.4,1,21
"Wheeler, Zack",2024-08-20,94.6,2,17
"Wheeler, Zack",2024-08-20,94.4,1,17
"Wheeler, Zack",2024-08-20,95.6,4,15
"Wheeler, Zack",2024-08-20,95.2,1,15
"Wheeler, Zack",2024-08-20,95.4,6,7
"Wheeler, Zack",2024-08-20,96.2,5,7
"Wheeler, Zack",2024-08-20,95.6,4,7
"Wheeler, Zack",2024-08-20,95.5,1,7
"Wheeler, Zack",2024-08-20,96.4,5,6
"Wheeler, Zack",2024-08-20,96,3,6
"Wheeler, Zack",2024-08-20,95.6,1,6
"Wheeler, Zack",2024-08-20,96.1,6,5
"Wheeler, Zack",2024-08-20,95.8,5,5
"Wheeler, Zack",2024-08-20,96.6,3,5
"Wheeler, Zack",2024-08-20,96.3,2,5
"Wheeler, Zack",2024-08-20,95.9,4,4
"Wheeler, Zack",2024-08-20,95,2,4
"Wheeler, Zack",2024-08-20,95.8,1,4
"Gausman, Kevin",2024-08-19,94.1,5,43
"Gausman, Kevin",2024-08-19,95.1,4,43
"Gausman, Kevin",2024-08-19,93.9,7,42
"Webb, Logan",2024-09-01,92.1,1,50
"Webb, Logan",2024-09-01,93.3,1,38
"Wheeler, Zack",2024-08-31,94,2,47
"Wheeler, Zack",2024-08-31,95.5,2,42
"Wheeler, Zack",2024-08-31,95.2,2,41
"Wheeler, Zack",2024-08-31,95.6,1,41
"Wheeler, Zack",2024-08-31,95.9,4,40
"Wheeler, Zack",2024-08-31,95.6,3,40
"Wheeler, Zack",2024-08-31,95.3,3,36
"Wheeler, Zack",2024-08-31,96.1,6,35
"Wheeler, Zack",2024-08-31,95,5,35
"Wheeler, Zack",2024-08-31,94.9,2,35
"Wheeler, Zack",2024-08-31,95.8,8,34
"Wheeler, Zack",2024-08-31,95.2,6,34
"Wheeler, Zack",2024-08-31,96.2,3,34
"Wheeler, Zack",2024-08-31,95.7,2,34
"Wheeler, Zack",2024-08-31,95.6,1,34
"Wheeler, Zack",2024-08-31,96.1,2,33
"Wheeler, Zack",2024-08-31,94.8,1,33
"Wheeler, Zack",2024-08-31,95.2,5,27
"Wheeler, Zack",2024-08-31,95.2,4,27
"Wheeler, Zack",2024-08-31,94.7,1,27
"Wheeler, Zack",2024-08-31,95.8,1,26
"Wheeler, Zack",2024-08-31,95.1,3,25
"Wheeler, Zack",2024-08-31,95.6,2,25
"Wheeler, Zack",2024-08-31,95.1,2,18
"Wheeler, Zack",2024-08-31,95.8,3,17
"Wheeler, Zack",2024-08-31,95.1,1,16
"Wheeler, Zack",2024-08-31,94.7,4,14
"Wheeler, Zack",2024-08-31,96.7,3,9
"Wheeler, Zack",2024-08-31,95.4,2,9
"Wheeler, Zack",2024-08-31,95.6,3,8
"Wheeler, Zack",2024-08-31,95.8,2,8
"Wheeler, Zack",2024-08-31,95.6,1,8
"Wheeler, Zack",2024-08-31,94.2,1,7
"Wheeler, Zack",2024-08-31,96.1,5,3
"Wheeler, Zack",2024-08-31,96.2,1,2
"Wheeler, Zack",2024-08-31,96.2,1,1
"Gausman, Kevin",2024-08-30,95.4,7,43
"Gausman, Kevin",2024-08-30,95.9,4,43
"Gausman, Kevin",2024-08-30,94.2,3,43
"Gausman, Kevin",2024-08-30,93.9,2,43
"Gausman, Kevin",2024-08-30,94.3,1,43
"Gausman, Kevin",2024-08-30,92.7,4,42
"Gausman, Kevin",2024-08-30,92.3,1,42
"Gausman, Kevin",2024-08-30,96,3,37
"Gausman, Kevin",2024-08-30,94.7,2,37
"Gausman, Kevin",2024-08-30,95.1,1,37
"Gausman, Kevin",2024-08-30,94.9,5,36
"Gausman, Kevin",2024-08-30,94.5,1,36
"Gausman, Kevin",2024-08-30,93.6,3,35
"Gausman, Kevin",2024-08-30,92.4,2,35
"Gausman, Kevin",2024-08-30,92.2,1,35
"Gausman, Kevin",2024-08-30,92.8,1,34
"Gausman, Kevin",2024-08-30,94.9,5,32
"Gausman, Kevin",2024-08-30,92.4,3,32
"Gausman, Kevin",2024-08-30,91.6,2,32
"Gausman, Kevin",2024-08-30,95.7,3,26
"Gausman, Kevin",2024-08-30,94.9,2,26
"Gausman, Kevin",2024-08-30,94.2,1,26
"Gausman, Kevin",2024-08-30,97.1,4,25
"Gausman, Kevin",2024-08-30,96.2,4,24
"Gausman, Kevin",2024-08-30,95.6,3,24
"Gausman, Kevin",2024-08-30,94.1,2,24
"Gausman, Kevin",2024-08-30,95.8,1,24
"Gausman, Kevin",2024-08-30,93.1,6,23
"Gausman, Kevin",2024-08-30,93.9,3,23
"Gausman, Kevin",2024-08-30,91.2,1,23
"Gausman, Kevin",2024-08-30,94.3,1,19
"Gausman, Kevin",2024-08-30,94.7,6,18
"Gausman, Kevin",2024-08-30,94.6,4,18
"Gausman, Kevin",2024-08-30,93.7,3,18
"Gausman, Kevin",2024-08-30,91.4,2,18
"Gausman, Kevin",2024-08-30,92,1,18
"Gausman, Kevin",2024-08-30,92,1,17
"Gausman, Kevin",2024-08-30,95.4,7,13
"Gausman, Kevin",2024-08-30,96.4,6,13
"Gausman, Kevin",2024-08-30,96,5,13
"Gausman, Kevin",2024-08-30,96.4,4,13
"Gausman, Kevin",2024-08-30,94.8,1,13
"Gausman, Kevin",2024-08-30,96.3,6,12
"Gausman, Kevin",2024-08-30,96.2,4,12
"Gausman, Kevin",2024-08-30,94.7,2,12
"Gausman, Kevin",2024-08-30,94.9,1,12
"Gausman, Kevin",2024-08-30,91.9,4,11
"Gausman, Kevin",2024-08-30,91.8,3,11
"Gausman, Kevin",2024-08-30,93,1,11
"Gausman, Kevin",2024-08-30,91.1,2,10
"Gausman, Kevin",2024-08-30,90.9,1,10
"Gausman, Kevin",2024-08-30,94,2,6
"Gausman, Kevin",2024-08-30,94.6,1,6
"Gausman, Kevin",2024-08-30,92.1,4,5
"Gausman, Kevin",2024-08-30,92.1,1,5
"Gausman, Kevin",2024-08-30,94.4,4,4
"Gausman, Kevin",2024-08-30,93.4,3,4
"Gausman, Kevin",2024-08-30,92.2,2,4
"Gausman, Kevin",2024-08-30,92.6,1,4
"Cole, Gerrit",2024-08-27,97.3,3,41
"Cole, Gerrit",2024-08-27,97.9,1,41
"Cole, Gerrit",2024-08-27,98,2,40
"Cole, Gerrit",2024-08-27,96.2,5,38
"Webb, Logan",2024-08-27,93.2,4,30
"Cole, Gerrit",2024-08-27,94.1,8,34
"Cole, Gerrit",2024-08-27,96.9,7,34
"Cole, Gerrit",2024-08-27,97.5,3,34
"Cole, Gerrit",2024-08-27,96.4,6,32
"Cole, Gerrit",2024-08-27,95.8,3,32
"Cole, Gerrit",2024-08-27,96.1,2,32
"Cole, Gerrit",2024-08-27,95.3,2,31
"Cole, Gerrit",2024-08-27,96.4,1,30
"Cole, Gerrit",2024-08-27,95.5,5,29
"Cole, Gerrit",2024-08-27,94.8,2,29
"Cole, Gerrit",2024-08-27,94.6,1,29
"Cole, Gerrit",2024-08-27,97,3,24
"Cole, Gerrit",2024-08-27,95.4,5,22
"Cole, Gerrit",2024-08-27,95.3,3,22
"Cole, Gerrit",2024-08-27,95.8,2,22
"Cole, Gerrit",2024-08-27,94.2,5,21
"Cole, Gerrit",2024-08-27,94.1,1,21
"Cole, Gerrit",2024-08-27,95.7,2,16
"Cole, Gerrit",2024-08-27,95.8,2,15
"Cole, Gerrit",2024-08-27,96.2,1,15
"Cole, Gerrit",2024-08-27,95.3,2,14
"Cole, Gerrit",2024-08-27,96.5,1,14
"Cole, Gerrit",2024-08-27,95,3,13
"Cole, Gerrit",2024-08-27,94.7,1,13
"Cole, Gerrit",2024-08-27,95.5,5,12
"Cole, Gerrit",2024-08-27,93,3,12
"Cole, Gerrit",2024-08-27,94,2,12
"Cole, Gerrit",2024-08-27,96.6,3,8
"Cole, Gerrit",2024-08-27,95.7,2,8
"Cole, Gerrit",2024-08-27,96.7,4,7
"Webb, Logan",2024-08-27,93.7,5,4
"Cole, Gerrit",2024-09-08,98.1,7,48
"Cole, Gerrit",2024-09-08,95.6,5,48
"Cole, Gerrit",2024-09-08,95.9,4,48
"Cole, Gerrit",2024-09-08,96,3,48
"Cole, Gerrit",2024-09-08,95.5,4,47
"Cole, Gerrit",2024-09-08,93.9,3,47
"Cole, Gerrit",2024-09-08,94.6,2,46
"Cole, Gerrit",2024-09-08,96.7,4,41
"Cole, Gerrit",2024-09-08,96.5,3,41
"Cole, Gerrit",2024-09-08,95.7,5,40
"Cole, Gerrit",2024-09-08,96.3,2,40
"Cole, Gerrit",2024-09-08,94.9,4,39
"Cole, Gerrit",2024-09-08,96.2,3,34
"Cole, Gerrit",2024-09-08,95,2,34
"Cole, Gerrit",2024-09-08,96.3,1,33
"Cole, Gerrit",2024-09-08,95.6,2,32
"Cole, Gerrit",2024-09-08,97,1,32
"Cole, Gerrit",2024-09-08,96.4,5,28
"Cole, Gerrit",2024-09-08,95.4,2,28
"Cole, Gerrit",2024-09-08,97,6,27
"Cole, Gerrit",2024-09-08,96.8,4,27
"Cole, Gerrit",2024-09-08,96.9,1,27
"Cole, Gerrit",2024-09-08,96.6,3,26
"Cole, Gerrit",2024-09-08,96.8,2,26
"Cole, Gerrit",2024-09-08,96.2,1,26
"Cole, Gerrit",2024-09-08,94.7,4,25
"Cole, Gerrit",2024-09-08,97.1,5,18
"Cole, Gerrit",2024-09-08,95.4,4,18
"Cole, Gerrit",2024-09-08,95.1,1,18
"Cole, Gerrit",2024-09-08,94.7,1,17
"Cole, Gerrit",2024-09-08,95.4,4,11
"Cole, Gerrit",2024-09-08,96.5,2,11
"Cole, Gerrit",2024-09-08,96.5,10,9
"Cole, Gerrit",2024-09-08,97.1,8,9
"Cole, Gerrit",2024-09-08,95.8,5,9
"Cole, Gerrit",2024-09-08,97.6,4,9
"Cole, Gerrit",2024-09-08,96,2,9
"Cole, Gerrit",2024-09-08,95.7,3,8
"Cole, Gerrit",2024-09-08,95.6,1,8
"Cole, Gerrit",2024-09-08,95.4,1,7
"Cole, Gerrit",2024-09-08,94.9,3,6
"Cole, Gerrit",2024-09-08,95,2,6
"Cole, Gerrit",2024-09-08,94.3,3,5
"Cole, Gerrit",2024-09-08,94.5,2,5
"Cole, Gerrit",2024-09-08,93.8,1,5
"Webb, Logan",2024-09-07,93.3,6,50
"Webb, Logan",2024-09-07,93,2,43
"Webb, Logan",2024-09-07,93.3,6,42
"Webb, Logan",2024-09-07,93,4,42
"Webb, Logan",2024-09-07,94.1,3,24
"Webb, Logan",2024-09-07,93.4,3,18
"Webb, Logan",2024-09-07,94,5,7
"Webb, Logan",2024-09-07,94.2,4,7
"Webb, Logan",2024-09-07,93.8,2,7
"Gausman, Kevin",2024-09-06,96,5,51
"Gausman, Kevin",2024-09-06,95.7,2,51
"Gausman, Kevin",2024-09-06,96.1,3,50
"Gausman, Kevin",2024-09-06,96.5,2,50
"Gausman, Kevin",2024-09-06,95.3,1,50
"Gausman, Kevin",2024-09-06,94.4,3,49
"Gausman, Kevin",2024-09-06,92,1,49
"Gausman, Kevin",2024-09-06,92.8,1,48
"Gausman, Kevin",2024-09-06,95.2,5,42
"Gausman, Kevin",2024-09-06,95.4,4,41
"Gausman, Kevin",2024-09-06,93.5,1,41
"Gausman, Kevin",2024-09-06,93.9,6,40
"Wheeler, Zack",2024-09-06,95.6,1,59
"Gausman, Kevin",2024-09-06,95.5,1,36
"Gausman, Kevin",2024-09-06,93.6,2,35
"Gausman, Kevin",2024-09-06,94.2,1,35
"Wheeler, Zack",2024-09-06,91.8,4,48
"Wheeler, Zack",2024-09-06,94.3,2,48
"Gausman, Kevin",2024-09-06,93.5,2,34
"Wheeler, Zack",2024-09-06,94.6,3,47
"Wheeler, Zack",2024-09-06,93.4,1,47
"Gausman, Kevin",2024-09-06,93.8,5,28
"Wheeler, Zack",2024-09-06,96.5,8,39
"Gausman, Kevin",2024-09-06,94.8,4,28
"Wheeler, Zack",2024-09-06,95.2,6,39
"Gausman, Kevin",2024-09-06,94.7,3,28
"Wheeler, Zack",2024-09-06,95.6,5,39
"Wheeler, Zack",2024-09-06,95.7,3,39
"Wheeler, Zack",2024-09-06,95.9,2,39
"Gausman, Kevin",2024-09-06,94.9,5,27
"Gausman, Kevin",2024-09-06,94.7,4,27
"Wheeler, Zack",2024-09-06,95.5,1,39
"Gausman, Kevin",2024-09-06,95.5,2,27
"Wheeler, Zack",2024-09-06,96.1,2,38
"Gausman, Kevin",2024-09-06,93.8,1,27
"Gausman, Kevin",2024-09-06,94,1,21
"Wheeler, Zack",2024-09-06,95.5,3,37
"Wheeler, Zack",2024-09-06,95.9,2,37
"Gausman, Kevin",2024-09-06,95.5,3,20
"Wheeler, Zack",2024-09-06,95.4,4,36
"Gausman, Kevin",2024-09-06,94.2,6,19
"Gausman, Kevin",2024-09-06,93.9,5,19
"Gausman, Kevin",2024-09-06,95.7,2,19
"Gausman, Kevin",2024-09-06,93.1,1,19
"Wheeler, Zack",2024-09-06,95,1,34
"Wheeler, Zack",2024-09-06,95.8,6,29
"Gausman, Kevin",2024-09-06,95.9,3,17
"Gausman, Kevin",2024-09-06,96.3,2,17
"Wheeler, Zack",2024-09-06,95.9,4,29
"Gausman, Kevin",2024-09-06,95.7,1,17
"Wheeler, Zack",2024-09-06,96.8,3,29
"Wheeler, Zack",2024-09-06,96.3,2,29
"Gausman, Kevin",2024-09-06,94.8,3,16
"Wheeler, Zack",2024-09-06,95.6,9,28
"Wheeler, Zack",2024-09-06,96.8,8,28
"Wheeler, Zack",2024-09-06,94.9,6,28
"Gausman, Kevin",2024-09-06,94.7,4,15
"Wheeler, Zack",2024-09-06,94.3,5,28
"Wheeler, Zack",2024-09-06,96.7,1,28
"Gausman, Kevin",2024-09-06,93.6,3,14
"Wheeler, Zack",2024-09-06,95.6,4,27
"Gausman, Kevin",2024-09-06,94.4,1,14
"Wheeler, Zack",2024-09-06,96.2,3,27
"Wheeler, Zack",2024-09-06,94.4,1,27
"Wheeler, Zack",2024-09-06,95.5,3,22
"Gausman, Kevin",2024-09-06,94.5,3,13
"Gausman, Kevin",2024-09-06,94.3,2,13
"Wheeler, Zack",2024-09-06,95.6,1,22
"Gausman, Kevin",2024-09-06,93.3,1,13
"Gausman, Kevin",2024-09-06,95.9,6,8
"Gausman, Kevin",2024-09-06,94.7,5,8
"Wheeler, Zack",2024-09-06,95.7,2,21
"Wheeler, Zack",2024-09-06,95.5,1,21
"Gausman, Kevin",2024-09-06,95.2,3,8
"Wheeler, Zack",2024-09-06,94.5,2,20
"Gausman, Kevin",2024-09-06,95.1,1,8
"Gausman, Kevin",2024-09-06,94.2,1,7
"Gausman, Kevin",2024-09-06,93.9,5,6
"Wheeler, Zack",2024-09-06,96.6,3,10
"Gausman, Kevin",2024-09-06,94.4,2,6
"Gausman, Kevin",2024-09-06,93.9,1,6
"Wheeler, Zack",2024-09-06,97.2,1,10
"Gausman, Kevin",2024-09-06,93.6,2,5
"Gausman, Kevin",2024-09-06,93.3,1,5
"Wheeler, Zack",2024-09-06,96.8,1,9
"Cole, Gerrit",2024-09-02,95.3,5,50
"Cole, Gerrit",2024-09-02,95.2,4,50
"Cole, Gerrit",2024-09-02,94.1,2,50
"Cole, Gerrit",2024-09-02,92.8,1,50
"Cole, Gerrit",2024-09-02,93.4,1,48
"Cole, Gerrit",2024-09-02,94.7,4,38
"Cole, Gerrit",2024-09-02,95.8,3,38
"Cole, Gerrit",2024-09-02,97.5,6,36
"Cole, Gerrit",2024-09-02,95.3,5,36
"Cole, Gerrit",2024-09-02,95.1,4,36
"Cole, Gerrit",2024-09-02,94.4,3,36
"Cole, Gerrit",2024-09-02,97.7,1,32
"Cole, Gerrit",2024-09-02,96.8,2,30
"Cole, Gerrit",2024-09-02,97.2,7,29
"Cole, Gerrit",2024-09-02,94.9,2,29
"Cole, Gerrit",2024-09-14,97.1,1,38
"Cole, Gerrit",2024-09-14,97.4,1,37
"Cole, Gerrit",2024-09-14,97.1,1,36
"Cole, Gerrit",2024-09-14,96.9,1,35
"Cole, Gerrit",2024-09-14,96.7,3,34
"Cole, Gerrit",2024-09-14,96.7,5,33
"Cole, Gerrit",2024-09-14,96.2,2,33
"Cole, Gerrit",2024-09-14,95.5,1,28
"Cole, Gerrit",2024-09-14,97.7,1,26
"Cole, Gerrit",2024-09-14,98.3,6,25
"Cole, Gerrit",2024-09-14,97.9,5,25
"Cole, Gerrit",2024-09-14,96.8,4,25
"Cole, Gerrit",2024-09-14,96.2,2,25
"Cole, Gerrit",2024-09-14,95.7,1,23
"Cole, Gerrit",2024-09-14,97.1,5,16
"Cole, Gerrit",2024-09-14,95.5,3,16
"Cole, Gerrit",2024-09-14,96.1,5,15
"Cole, Gerrit",2024-09-14,95.4,3,15
"Cole, Gerrit",2024-09-14,94.7,2,15
"Cole, Gerrit",2024-09-14,94.7,1,14
"Cole, Gerrit",2024-09-14,97,7,9
"Cole, Gerrit",2024-09-14,96.8,5,9
"Cole, Gerrit",2024-09-14,95.4,2,9
"Cole, Gerrit",2024-09-14,94.8,1,9
"Cole, Gerrit",2024-09-14,96.3,5,8
"Cole, Gerrit",2024-09-14,95.4,4,8
"Cole, Gerrit",2024-09-14,95.1,2,8
"Cole, Gerrit",2024-09-14,94.8,1,7
"Cole, Gerrit",2024-09-14,94.4,1,2
"Cole, Gerrit",2024-09-14,94.3,2,1
"Cole, Gerrit",2024-09-14,93.4,1,1
"Gausman, Kevin",2024-09-13,96.8,1,55
"Gausman, Kevin",2024-09-13,95.4,2,53
"Gausman, Kevin",2024-09-13,94.8,1,53
"Gausman, Kevin",2024-09-13,94.1,2,52
"Gausman, Kevin",2024-09-13,97.6,4,47
"Gausman, Kevin",2024-09-13,95.5,2,47
"Gausman, Kevin",2024-09-13,96,1,47
"Gausman, Kevin",2024-09-13,95.9,3,45
"Gausman, Kevin",2024-09-13,94.9,1,45
"Gausman, Kevin",2024-09-13,94,4,43
"Gausman, Kevin",2024-09-13,91.5,2,43
"Gausman, Kevin",2024-09-13,92.5,1,43
"Gausman, Kevin",2024-09-13,96.7,2,38
"Gausman, Kevin",2024-09-13,94.3,1,37
"Webb, Logan",2024-09-13,91.3,4,23
"Gausman, Kevin",2024-09-13,95.5,1,26
"Webb, Logan",2024-09-13,92.7,2,23
"Gausman, Kevin",2024-09-13,95.2,3,25
"Gausman, Kevin",2024-09-13,94.7,2,25
"Gausman, Kevin",2024-09-13,94.6,1,25
"Gausman, Kevin",2024-09-13,95.5,7,24
"Gausman, Kevin",2024-09-13,95.6,6,24
"Gausman, Kevin",2024-09-13,91.3,2,24
"Gausman, Kevin",2024-09-13,92.6,1,24
"Gausman, Kevin",2024-09-13,92.2,1,23
"Gausman, Kevin",2024-09-13,95.8,2,19
"Gausman, Kevin",2024-09-13,94.4,1,19
"Gausman, Kevin",2024-09-13,96.2,5,18
"Gausman, Kevin",2024-09-13,94.9,2,18
"Gausman, Kevin",2024-09-13,93.1,1,18
"Gausman, Kevin",2024-09-13,92.1,1,17
"Gausman, Kevin",2024-09-13,94.7,1,13
"Gausman, Kevin",2024-09-13,94.9,3,12
"Gausman, Kevin",2024-09-13,92.6,2,12
"Gausman, Kevin",2024-09-13,91.3,1,12
"Gausman, Kevin",2024-09-13,92.3,1,11
"Gausman, Kevin",2024-09-13,97,7,7
"Gausman, Kevin",2024-09-13,95.3,6,7
"Gausman, Kevin",2024-09-13,96.7,3,7
"Gausman, Kevin",2024-09-13,94.7,2,7
"Gausman, Kevin",2024-09-13,94.8,1,7
"Gausman, Kevin",2024-09-13,95.9,1,6
"Gausman, Kevin",2024-09-13,96.6,6,5
"Gausman, Kevin",2024-09-13,94.9,5,5
"Gausman, Kevin",2024-09-13,93.9,4,5
"Gausman, Kevin",2024-09-13,94.5,3,5
"Gausman, Kevin",2024-09-13,94.5,2,5
"Gausman, Kevin",2024-09-13,94.9,1,5
"Webb, Logan",2024-09-13,93.2,5,5
"Gausman, Kevin",2024-09-13,92.8,1,3
"Gausman, Kevin",2024-09-13,93.3,1,2
"Gausman, Kevin",2024-09-13,95.6,6,1
"Gausman, Kevin",2024-09-13,95,4,1
"Gausman, Kevin",2024-09-13,93.7,3,1
"Gausman, Kevin",2024-09-13,92.8,2,1
"Gausman, Kevin",2024-09-13,92.1,1,1
"Wheeler, Zack",2024-09-11,95.9,3,45
"Wheeler, Zack",2024-09-11,95.8,2,45
"Wheeler, Zack",2024-09-11,95.8,1,45
"Wheeler, Zack",2024-09-11,96.2,6,43
"Wheeler, Zack",2024-09-11,95.6,4,43
"Wheeler, Zack",2024-09-11,95.5,3,43
"Wheeler, Zack",2024-09-11,95.7,4,42
"Wheeler, Zack",2024-09-11,94.5,1,42
"Wheeler, Zack",2024-09-11,95.3,2,38
"Wheeler, Zack",2024-09-11,95.4,5,36
"Wheeler, Zack",2024-09-11,95.2,3,36
"Wheeler, Zack",2024-09-11,95.4,6,31
"Wheeler, Zack",2024-09-11,95.6,2,31
"Wheeler, Zack",2024-09-11,95.2,1,31
"Wheeler, Zack",2024-09-11,95,1,28
"Wheeler, Zack",2024-09-11,96.2,3,24
"Wheeler, Zack",2024-09-11,96.3,1,24
"Wheeler, Zack",2024-09-11,95.6,4,23
"Wheeler, Zack",2024-09-11,95.8,3,23
"Wheeler, Zack",2024-09-11,95.7,1,23
"Wheeler, Zack",2024-09-11,94.9,3,21
"Wheeler, Zack",2024-09-11,96.9,2,15
"Wheeler, Zack",2024-09-11,95.4,4,14
"Wheeler, Zack",2024-09-11,96.3,2,14
"Wheeler, Zack",2024-09-11,95.4,6,13
"Wheeler, Zack",2024-09-11,95.5,4,13
"Wheeler, Zack",2024-09-11,96.1,1,13
"Wheeler, Zack",2024-09-11,95.6,3,12
"Wheeler, Zack",2024-09-11,95.2,4,11
"Wheeler, Zack",2024-09-11,95.1,3,11
"Wheeler, Zack",2024-09-11,95.4,1,11
"Wheeler, Zack",2024-09-11,96.2,5,10
"Wheeler, Zack",2024-09-11,95.6,4,10
"Wheeler, Zack",2024-09-11,94.7,2,10
"Wheeler, Zack",2024-09-11,94.8,1,10
"Wheeler, Zack",2024-09-11,96.1,5,4
"Wheeler, Zack",2024-09-11,96.6,3,4
"Wheeler, Zack",2024-09-11,95.9,2,4
"Wheeler, Zack",2024-09-11,96.1,1,4
"Wheeler, Zack",2024-09-11,97,1,3
"Wheeler, Zack",2024-09-11,97.5,3,2
"Wheeler, Zack",2024-09-11,96.3,2,2
"Wheeler, Zack",2024-09-11,97.8,1,2
"Wheeler, Zack",2024-09-11,96.3,1,1
"Wheeler, Zack",2024-09-22,95.5,3,59
"Wheeler, Zack",2024-09-22,96.8,4,52
"Wheeler, Zack",2024-09-22,96.7,6,51
"Wheeler, Zack",2024-09-22,96,5,51
"Wheeler, Zack",2024-09-22,95.9,4,51
"Wheeler, Zack",2024-09-22,96.4,3,47
"Wheeler, Zack",2024-09-22,94.2,1,44
"Wheeler, Zack",2024-09-22,95.9,2,40
"Wheeler, Zack",2024-09-22,94.9,2,38
"Wheeler, Zack",2024-09-22,96.3,1,34
"Wheeler, Zack",2024-09-22,96.6,4,33
"Wheeler, Zack",2024-09-22,97,2,33
"Wheeler, Zack",2024-09-22,95.4,5,32
"Wheeler, Zack",2024-09-22,95.7,4,32
"Wheeler, Zack",2024-09-22,94.8,3,32
"Wheeler, Zack",2024-09-22,96,4,26
"Wheeler, Zack",2024-09-22,97.4,2,26
"Wheeler, Zack",2024-09-22,95.8,2,25
"Wheeler, Zack",2024-09-22,97.1,1,25
"Wheeler, Zack",2024-09-22,95.4,3,24
"Wheeler, Zack",2024-09-22,95.2,1,24
"Wheeler, Zack",2024-09-22,96.5,3,20
"Wheeler, Zack",2024-09-22,96.5,2,20
"Wheeler, Zack",2024-09-22,95,3,18
"Wheeler, Zack",2024-09-22,96.9,1,18
"Wheeler, Zack",2024-09-22,96.1,2,15
"Wheeler, Zack",2024-09-22,96.5,3,11
"Wheeler, Zack",2024-09-22,97.1,2,11
"Wheeler, Zack",2024-09-22,97.4,1,10
"Wheeler, Zack",2024-09-22,95.8,1,9
"Wheeler, Zack",2024-09-22,96.9,1,8
"Cole, Gerrit",2024-09-20,95.4,4,61
"Cole, Gerrit",2024-09-20,95.4,2,61
"Cole, Gerrit",2024-09-20,96.1,1,61
"Cole, Gerrit",2024-09-20,96.2,2,60
"Cole, Gerrit",2024-09-20,96.9,6,59
"Cole, Gerrit",2024-09-20,96.1,2,59
"Cole, Gerrit",2024-09-20,95.6,2,53
"Cole, Gerrit",2024-09-20,96.9,4,48
"Cole, Gerrit",2024-09-20,95.5,2,48
"Cole, Gerrit",2024-09-20,94.9,1,48
"Cole, Gerrit",2024-09-20,96.5,3,47
"Cole, Gerrit",2024-09-20,93,1,47
"Cole, Gerrit",2024-09-20,93.9,5,46
"Cole, Gerrit",2024-09-20,95,4,46
"Cole, Gerrit",2024-09-20,94.9,1,46
"Cole, Gerrit",2024-09-20,95.1,2,42
"Cole, Gerrit",2024-09-20,96,6,41
"Cole, Gerrit",2024-09-20,94.7,5,41
"Cole, Gerrit",2024-09-20,95.2,4,41
"Cole, Gerrit",2024-09-20,94.3,2,41
"Cole, Gerrit",2024-09-20,94.3,1,41
"Cole, Gerrit",2024-09-20,95.7,1,40
"Cole, Gerrit",2024-09-20,95,2,35
"Cole, Gerrit",2024-09-20,94.8,5,33
"Cole, Gerrit",2024-09-20,92.7,2,33
"Cole, Gerrit",2024-09-20,94.5,1,33
"Cole, Gerrit",2024-09-20,97.6,4,25
"Cole, Gerrit",2024-09-20,95.9,2,25
"Cole, Gerrit",2024-09-20,94.4,1,23
"Cole, Gerrit",2024-09-20,96.8,4,18
"Cole, Gerrit",2024-09-20,95.1,3,18
"Cole, Gerrit",2024-09-20,93.6,1,18
"Cole, Gerrit",2024-09-20,94.8,3,17
"Cole, Gerrit",2024-09-20,94.5,1,17
"Cole, Gerrit",2024-09-20,94.3,1,16
"Cole, Gerrit",2024-09-20,95.6,6,12
"Cole, Gerrit",2024-09-20,95,4,12
"Cole, Gerrit",2024-09-20,94.7,6,11
"Cole, Gerrit",2024-09-20,96.2,4,11
"Cole, Gerrit",2024-09-20,94.7,2,11
"Cole, Gerrit",2024-09-20,95.5,5,10
"Cole, Gerrit",2024-09-20,94.3,4,10
"Cole, Gerrit",2024-09-20,93.3,1,10
"Cole, Gerrit",2024-09-20,94.7,4,5
"Cole, Gerrit",2024-09-20,93.4,1,5
"Webb, Logan",2024-09-19,93,6,32
"Webb, Logan",2024-09-19,92.6,4,30
"Webb, Logan",2024-09-19,93.3,4,29
"Gausman, Kevin",2024-09-19,95,3,42
"Webb, Logan",2024-09-19,92.5,3,22
"Gausman, Kevin",2024-09-19,94.4,3,41
"Gausman, Kevin",2024-09-19,93.3,2,41
"Gausman, Kevin",2024-09-19,91.2,4,40
"Webb, Logan",2024-09-19,92.9,5,21
"Gausman, Kevin",2024-09-19,91,3,40
"Webb, Logan",2024-09-19,93.5,4,21
"Gausman, Kevin",2024-09-19,91.9,1,40
"Gausman, Kevin",2024-09-19,93.7,3,39
"Webb, Logan",2024-09-19,93.9,4,20
"Gausman, Kevin",2024-09-19,93.1,2,33
"Gausman, Kevin",2024-09-19,92.3,1,33
"Webb, Logan",2024-09-19,92.8,4,19
"Gausman, Kevin",2024-09-19,92.1,1,32
"Gausman, Kevin",2024-09-19,92.3,2,31
"Gausman, Kevin",2024-09-19,92.6,5,26
"Gausman, Kevin",2024-09-19,93.8,4,26
"Gausman, Kevin",2024-09-19,93.2,3,26
"Webb, Logan",2024-09-19,94.1,3,13
"Gausman, Kevin",2024-09-19,92,2,26
"Gausman, Kevin",2024-09-19,90.2,1,24
"Gausman, Kevin",2024-09-19,92.2,2,17
"Gausman, Kevin",2024-09-19,91.8,1,17
"Gausman, Kevin",2024-09-19,93.4,4,16
"Gausman, Kevin",2024-09-19,92.6,2,16
"Gausman, Kevin",2024-09-19,91.9,1,16
"Webb, Logan",2024-09-19,93.5,6,6
"Gausman, Kevin",2024-09-19,92,1,15
"Gausman, Kevin",2024-09-19,93.4,1,8
"Gausman, Kevin",2024-09-19,92.6,4,7
"Webb, Logan",2024-09-19,92.9,4,5
"Gausman, Kevin",2024-09-19,92,1,7
"Gausman, Kevin",2024-09-19,92,1,6
"Wheeler, Zack",2024-09-17,94.6,3,56
"Wheeler, Zack",2024-09-17,94.6,2,56
"Wheeler, Zack",2024-09-17,95.4,2,55
"Wheeler, Zack",2024-09-17,93.5,1,55
"Wheeler, Zack",2024-09-17,93.7,3,54
"Wheeler, Zack",2024-09-17,94,2,54
"Wheeler, Zack",2024-09-17,93.5,1,54
"Wheeler, Zack",2024-09-17,95.4,1,47
"Wheeler, Zack",2024-09-17,95.7,3,46
"Wheeler, Zack",2024-09-17,94.9,2,46
"Wheeler, Zack",2024-09-17,95.2,1,46
"Wheeler, Zack",2024-09-17,95.5,4,45
"Wheeler, Zack",2024-09-17,94.6,3,45
"Wheeler, Zack",2024-09-17,94.5,2,45
"Wheeler, Zack",2024-09-17,95.9,6,37
"Wheeler, Zack",2024-09-17,96,5,37
"Wheeler, Zack",2024-09-17,95.6,2,37
"Wheeler, Zack",2024-09-17,96,3,36
"Wheeler, Zack",2024-09-17,94.8,1,36
"Wheeler, Zack",2024-09-17,96.2,1,35
"Wheeler, Zack",2024-09-17,95.8,2,31
"Wheeler, Zack",2024-09-17,95.3,3,30
"Wheeler, Zack",2024-09-17,96.3,2,30
"Wheeler, Zack",2024-09-17,95.9,4,29
"Wheeler, Zack",2024-09-17,95.1,2,29
"Wheeler, Zack",2024-09-17,95.3,1,29
"Wheeler, Zack",2024-09-17,96.3,5,28
"Wheeler, Zack",2024-09-17,96.4,2,28
"Wheeler, Zack",2024-09-17,96.8,1,28
"Wheeler, Zack",2024-09-17,97,6,27
"Wheeler, Zack",2024-09-17,94.8,5,27
"Wheeler, Zack",2024-09-17,96,3,27
"Wheeler, Zack",2024-09-17,95.9,2,27
"Wheeler, Zack",2024-09-17,96,1,27
"Wheeler, Zack",2024-09-17,95.4,7,23
"Wheeler, Zack",2024-09-17,96.3,6,23
"Wheeler, Zack",2024-09-17,95.8,4,23
"Wheeler, Zack",2024-09-17,95.9,3,23
"Wheeler, Zack",2024-09-17,95.5,1,23
"Wheeler, Zack",2024-09-17,95.1,2,22
"Wheeler, Zack",2024-09-17,95.3,3,21
"Wheeler, Zack",2024-09-17,94.3,2,21
"Wheeler, Zack",2024-09-17,95,1,21
"Wheeler, Zack",2024-09-17,96.8,2,16
"Wheeler, Zack",2024-09-17,96.7,1,16
"Wheeler, Zack",2024-09-17,95.9,6,15
"Wheeler, Zack",2024-09-17,96,4,15
"Wheeler, Zack",2024-09-17,95.3,2,15
"Wheeler, Zack",2024-09-17,95.9,3,14
"Wheeler, Zack",2024-09-17,96.1,1,14
"Wheeler, Zack",2024-09-17,95.6,6,13
"Wheeler, Zack",2024-09-17,95.8,5,13
"Wheeler, Zack",2024-09-17,96.1,4,13
"Wheeler, Zack",2024-09-17,94.8,3,13
"Wheeler, Zack",2024-09-17,95.2,2,13
"Wheeler, Zack",2024-09-17,94.9,1,13
"Wheeler, Zack",2024-09-17,96.7,1,6
"Wheeler, Zack",2024-09-28,95.7,5,48
"Wheeler, Zack",2024-09-28,96.5,6,43
"Wheeler, Zack",2024-09-28,96.5,2,43
"Wheeler, Zack",2024-09-28,95.9,6,42
"Wheeler, Zack",2024-09-28,96.3,4,42
"Wheeler, Zack",2024-09-28,94.6,4,41
"Wheeler, Zack",2024-09-28,95.1,3,41
"Wheeler, Zack",2024-09-28,95.2,2,41
"Wheeler, Zack",2024-09-28,94.9,1,39
"Wheeler, Zack",2024-09-28,95.1,3,34
"Wheeler, Zack",2024-09-28,94.9,2,34
"Wheeler, Zack",2024-09-28,94.6,1,34
"Wheeler, Zack",2024-09-28,95.4,4,33
"Wheeler, Zack",2024-09-28,93.5,2,28
"Wheeler, Zack",2024-09-28,95.9,3,27
"Wheeler, Zack",2024-09-28,95.6,1,27
"Wheeler, Zack",2024-09-28,96,5,26
"Wheeler, Zack",2024-09-28,95.2,4,26
"Wheeler, Zack",2024-09-28,96.5,2,22
"Wheeler, Zack",2024-09-28,96.3,1,22
"Wheeler, Zack",2024-09-28,95.8,9,20
"Wheeler, Zack",2024-09-28,96.9,7,20
"Wheeler, Zack",2024-09-28,94.8,3,20
"Wheeler, Zack",2024-09-28,94.7,1,20
"Wheeler, Zack",2024-09-28,96.6,5,15
"Wheeler, Zack",2024-09-28,96.4,4,15
"Wheeler, Zack",2024-09-28,95.6,2,15
"Wheeler, Zack",2024-09-28,95.2,1,15
"Wheeler, Zack",2024-09-28,96.8,2,14
"Wheeler, Zack",2024-09-28,96.1,1,14
"Wheeler, Zack",2024-09-28,94.9,5,13
"Wheeler, Zack",2024-09-28,93.9,3,13
"Wheeler, Zack",2024-09-28,96.2,2,8
"Wheeler, Zack",2024-09-28,96.6,2,7
"Wheeler, Zack",2024-09-28,96.2,6,6
"Wheeler, Zack",2024-09-28,96.1,5,6
"Wheeler, Zack",2024-09-28,96.2,4,6
"Wheeler, Zack",2024-09-28,97,2,6
"Wheeler, Zack",2024-09-28,95.3,1,6
"Wheeler, Zack",2024-09-28,95.9,2,5
"Wheeler, Zack",2024-09-28,96.3,1,5
"Cole, Gerrit",2024-09-26,93.5,3,50
"Cole, Gerrit",2024-09-26,93,1,49
"Cole, Gerrit",2024-09-26,98.1,5,38
"Cole, Gerrit",2024-09-26,97.3,3,38
"Cole, Gerrit",2024-09-26,96.9,2,38
"Cole, Gerrit",2024-09-26,97.2,1,38
"Cole, Gerrit",2024-09-26,96.4,7,31
"Cole, Gerrit",2024-09-26,97.2,5,31
"Cole, Gerrit",2024-09-26,97.3,4,31
"Cole, Gerrit",2024-09-26,96.9,1,31
"Cole, Gerrit",2024-09-26,97.4,7,28
"Cole, Gerrit",2024-09-26,95.7,1,28
"Cole, Gerrit",2024-09-26,96.9,5,24
"Cole, Gerrit",2024-09-26,96.9,4,24
"Cole, Gerrit",2024-09-26,95.2,2,24
"Cole, Gerrit",2024-09-26,94.9,5,23
"Cole, Gerrit",2024-09-26,96,4,23
"Cole, Gerrit",2024-09-26,94.6,2,23
"Cole, Gerrit",2024-09-26,95.1,1,22
"Cole, Gerrit",2024-09-26,97.3,3,18
"Cole, Gerrit",2024-09-26,98.4,6,17
"Cole, Gerrit",2024-09-26,96.6,1,17
"Cole, Gerrit",2024-09-26,97.9,5,16
"Cole, Gerrit",2024-09-26,95.7,1,16
"Cole, Gerrit",2024-09-26,95,5,15
"Cole, Gerrit",2024-09-26,95,3,15
"Cole, Gerrit",2024-09-26,95.7,1,15
"Cole, Gerrit",2024-09-26,95.6,1,9
"Cole, Gerrit",2024-09-26,95.7,3,8
"Cole, Gerrit",2024-09-26,96.4,4,7
"Cole, Gerrit",2024-09-26,95.1,3,7
"Cole, Gerrit",2024-09-26,93.6,1,7
"Cole, Gerrit",2024-09-26,96,2,3
"Cole, Gerrit",2024-09-26,96.1,1,3
"Cole, Gerrit",2024-09-26,95.6,4,2
"Cole, Gerrit",2024-09-26,93.6,2,2
"Cole, Gerrit",2024-09-26,93.9,1,2
"Cole, Gerrit",2024-09-26,95,5,1
"Cole, Gerrit",2024-09-26,95.1,3,1
"Cole, Gerrit",2024-09-26,95.5,1,1
"Gausman, Kevin",2024-09-25,97.3,4,47
"Gausman, Kevin",2024-09-25,97.9,3,47
"Gausman, Kevin",2024-09-25,96.6,2,47
"Gausman, Kevin",2024-09-25,96.4,6,46
"Gausman, Kevin",2024-09-25,97.5,5,46
"Gausman, Kevin",2024-09-25,95.6,4,46
"Gausman, Kevin",2024-09-25,94.9,2,46
"Gausman, Kevin",2024-09-25,95.5,1,46
"Gausman, Kevin",2024-09-25,94.3,5,45
"Gausman, Kevin",2024-09-25,93.3,4,45
"Gausman, Kevin",2024-09-25,93.7,2,45
"Gausman, Kevin",2024-09-25,94.8,1,45
"Gausman, Kevin",2024-09-25,95.1,1,44
"Gausman, Kevin",2024-09-25,92.9,3,43
"Gausman, Kevin",2024-09-25,93.3,2,43
"Gausman, Kevin",2024-09-25,91.4,4,42
"Gausman, Kevin",2024-09-25,92.7,3,42
"Gausman, Kevin",2024-09-25,93.4,2,42
"Gausman, Kevin",2024-09-25,92.8,1,41
"Gausman, Kevin",2024-09-25,92.2,1,33
"Gausman, Kevin",2024-09-25,96.9,6,24
"Gausman, Kevin",2024-09-25,96.2,5,24
"Gausman, Kevin",2024-09-25,92.8,1,24
"Gausman, Kevin",2024-09-25,92.2,3,23
"Gausman, Kevin",2024-09-25,93.5,5,18
"Gausman, Kevin",2024-09-25,93.6,4,18
"Gausman, Kevin",2024-09-25,94.1,3,18
"Gausman, Kevin",2024-09-25,93.3,2,18
"Gausman, Kevin",2024-09-25,92.9,1,18
"Gausman, Kevin",2024-09-25,93.4,2,16
"Gausman, Kevin",2024-09-25,90.7,1,16
"Gausman, Kevin",2024-09-25,96.1,3,12
"Gausman, Kevin",2024-09-25,95.1,6,11
"Gausman, Kevin",2024-09-25,95.5,4,11
"Gausman, Kevin",2024-09-25,95.9,2,11
"Gausman, Kevin",2024-09-25,90.8,1,11
"Gausman, Kevin",2024-09-25,94.9,7,10
"Gausman, Kevin",2024-09-25,94,6,10
"Gausman, Kevin",2024-09-25,94.5,5,10
"Gausman, Kevin",2024-09-25,95.6,4,10
"Gausman, Kevin",2024-09-25,94.5,3,10
"Gausman, Kevin",2024-09-25,93.5,2,9
"Gausman, Kevin",2024-09-25,93.1,1,8
"Gausman, Kevin",2024-09-25,94,5,3
"Gausman, Kevin",2024-09-25,94.9,4,3
"Gausman, Kevin",2024-09-25,94.4,3,3
"Gausman, Kevin",2024-09-25,93.5,2,3
"Gausman, Kevin",2024-09-25,93.8,1,3
"Gausman, Kevin",2024-09-25,93.1,1,2
"Gausman, Kevin",2024-09-25,95.3,4,1
"Gausman, Kevin",2024-09-25,94.5,3,1
"Gausman, Kevin",2024-09-25,94.7,2,1
"Gausman, Kevin",2024-09-25,92.5,1,1
"Webb, Logan",2024-09-24,94.9,3,51
"Webb, Logan",2024-09-24,93.5,3,36
"Webb, Logan",2024-09-24,93.6,3,7
