player_name,game_date,season,inning,at_bat_number,pitch_number,release_speed,release_spin_rate,pfx_x,pfx_z,release_extension,balls,strikes
"Cole, Gerrit",2019-04-03,2019,6,49,2,97.9,2605,-0.97,1.31,6,0,1
"Cole, Gerrit",2019-04-03,2019,6,48,5,98.8,2634,-0.66,1.32,6,1,2
"Cole, Gerrit",2019-04-03,2019,6,48,3,97.3,2541,-0.71,1.55,6.3,1,1
"Cole, Gerrit",2019-04-03,2019,6,47,5,97.6,2641,-1,1.47,5.9,2,2
"Cole, Gerrit",2019-04-03,2019,6,47,1,96.7,2648,-0.95,1.51,6,0,0
"Cole, Gerrit",2019-04-03,2019,5,42,2,96.8,2580,-0.7,1.6,6.4,0,1
"Cole, Gerrit",2019-04-03,2019,5,41,2,98.4,2484,-0.93,1.33,6.3,1,0
"Cole, Gerrit",2019-04-03,2019,5,40,3,98.8,2614,-1.11,1.37,6.2,0,2
"Cole, Gerrit",2019-04-03,2019,5,40,2,98.1,2589,-0.91,1.18,6.3,0,1
"Cole, Gerrit",2019-04-03,2019,5,39,6,97.1,2575,-0.83,1.37,6.1,3,2
"Cole, Gerrit",2019-04-03,2019,5,39,2,95.4,2537,-0.74,1.61,6,1,0
"Cole, Gerrit",2019-04-03,2019,4,34,3,97.7,2518,-0.89,1.51,6,0,2
"Cole, Gerrit",2019-04-03,2019,4,34,2,96.2,2474,-0.96,1.44,6.4,0,1
"Cole, Gerrit",2019-04-03,2019,4,34,1,97.2,2454,-0.51,1.65,6.5,0,0
"Cole, Gerrit",2019-04-03,2019,4,33,3,96.3,2375,-1.11,1.39,6.3,1,1
"Cole, Gerrit",2019-04-03,2019,4,33,1,96.7,2495,-0.82,1.5,6.2,0,0
"Cole, Gerrit",2019-04-03,2019,4,32,1,98,2480,-0.77,1.43,6.3,0,0
"Cole, Gerrit",2019-04-03,2019,4,30,6,98.1,2549,-0.81,1.55,6.5,3,2
"Cole, Gerrit",2019-04-03,2019,4,30,4,96.5,2534,-1.1,1.46,6.8,3,0
"Cole, Gerrit",2019-04-03,2019,4,30,3,97.2,2606,-1.41,1.55,5.8,2,0
"Cole, Gerrit",2019-04-03,2019,4,29,5,97.8,2540,-0.92,1.43,5.9,1,2
"Cole, Gerrit",2019-04-03,2019,4,29,4,97.6,2571,-0.74,1.74,6.1,1,2
"Cole, Gerrit",2019-04-03,2019,4,29,1,96.5,2650,-1.17,1.67,6.4,0,0
"Cole, Gerrit",2019-04-03,2019,3,24,7,98,2492,-0.68,1.41,6.3,3,2
"Cole, Gerrit",2019-04-03,2019,3,24,5,97.5,2474,-0.61,1.39,6.4,2,2
"Cole, Gerrit",2019-04-03,2019,3,24,4,98.7,2658,-0.81,1.49,6.3,1,2
"Cole, Gerrit",2019-04-03,2019,3,24,3,97.1,2520,-0.69,1.55,6.4,1,1
"Cole, Gerrit",2019-04-03,2019,3,24,1,95.2,2514,-1.22,1.58,6,0,0
"Cole, Gerrit",2019-04-03,2019,3,23,2,96.5,2421,-0.75,1.52,5.8,0,1
"Cole, Gerrit",2019-04-03,2019,3,23,1,96.1,2494,-0.8,1.42,6.1,0,0
"Cole, Gerrit",2019-04-03,2019,3,22,1,95.5,2572,-0.95,1.67,6.1,0,0
"Cole, Gerrit",2019-04-03,2019,2,17,6,97.7,2640,-0.87,1.51,6.1,3,2
"Cole, Gerrit",2019-04-03,2019,2,17,5,97.4,2577,-0.7,1.45,6,2,2
"Cole, Gerrit",2019-04-03,2019,2,17,4,97.4,2617,-1.05,1.48,6.1,1,2
"Cole, Gerrit",2019-04-03,2019,2,17,3,96,2570,-0.88,1.44,6.1,1,1
"Cole, Gerrit",2019-04-03,2019,2,17,1,96.1,2555,-0.7,1.7,6.2,0,0
"Cole, Gerrit",2019-04-03,2019,2,16,3,96,2463,-0.62,1.6,6,1,1
"Cole, Gerrit",2019-04-03,2019,2,16,1,96.7,2553,-0.81,1.5,5.9,0,0
"Cole, Gerrit",2019-04-03,2019,2,15,4,97.1,2477,-0.75,1.59,6.2,1,2
"Cole, Gerrit",2019-04-03,2019,2,15,1,94.3,2508,-0.96,1.48,5.8,0,0
"Cole, Gerrit",2019-04-03,2019,1,10,4,98.5,2532,-0.88,1.58,5.9,0,2
"Cole, Gerrit",2019-04-03,2019,1,10,2,97,2559,-1.17,1.21,6.3,0,1
"Cole, Gerrit",2019-04-03,2019,1,10,1,98.8,2526,-0.69,1.61,6.6,0,0
"Cole, Gerrit",2019-04-03,2019,1,9,5,98.2,2596,-0.86,1.56,6,2,2
"Cole, Gerrit",2019-04-03,2019,1,9,4,96.7,2575,-0.95,1.66,6.1,2,1
"Cole, Gerrit",2019-04-03,2019,1,9,2,96.1,2475,-1.05,1.25,6.3,1,0
"Cole, Gerrit",2019-04-03,2019,1,8,2,97.7,2528,-1.1,1.32,6,1,0
"Cole, Gerrit",2019-04-03,2019,1,8,1,95.8,2510,-0.94,1.47,6,0,0
"Cole, Gerrit",2019-04-03,2019,1,7,1,95.4,2546,-0.55,1.36,6.4,0,0
"Cole, Gerrit",2019-04-03,2019,1,6,3,96.5,2598,-0.8,1.8,5.8,1,1
"Cole, Gerrit",2019-04-03,2019,1,6,1,96.3,2634,-1.05,1.5,5.8,0,0
"Cole, Gerrit",2019-04-03,2019,1,5,5,98.8,2563,-0.66,1.49,6.3,2,2
"Cole, Gerrit",2019-04-03,2019,1,5,2,95.3,2578,-0.98,1.87,6.2,1,0
"Cole, Gerrit",2019-04-03,2019,1,5,1,95.9,2710,-0.89,1.82,5.9,0,0
"Wheeler, Zack",2019-03-31,2019,5,43,3,96.3,2340,-0.95,1.4,6.5,0,2
"Alcantara, Sandy",2019-03-31,2019,8,54,8,96,2304,-0.88,1.14,5.6,3,2
"Alcantara, Sandy",2019-03-31,2019,8,54,7,94.9,2344,-0.84,1.07,5.8,3,2
"Alcantara, Sandy",2019-03-31,2019,8,54,5,94.3,2183,-0.88,1.23,5.6,3,1
"Alcantara, Sandy",2019-03-31,2019,8,54,4,93.6,2211,-0.65,1.29,6,3,0
"Alcantara, Sandy",2019-03-31,2019,8,54,3,93.6,2104,-0.78,1.17,5.6,2,0
"Wheeler, Zack",2019-03-31,2019,5,41,4,97,2325,-0.96,1.54,6.9,2,1
"Alcantara, Sandy",2019-03-31,2019,8,53,5,95.7,2198,-0.62,1.14,6,1,2
"Wheeler, Zack",2019-03-31,2019,5,41,1,96.2,2348,-1.08,1.6,6.9,0,0
"Wheeler, Zack",2019-03-31,2019,5,39,6,97.5,2327,-1.03,1.22,6.5,3,2
"Alcantara, Sandy",2019-03-31,2019,7,45,4,94.7,2263,-0.61,1.09,5.6,2,1
"Alcantara, Sandy",2019-03-31,2019,7,45,3,95.4,2326,-0.58,1.15,5.7,2,0
"Wheeler, Zack",2019-03-31,2019,4,34,1,94.4,2194,-1.1,1.3,6.9,0,0
"Alcantara, Sandy",2019-03-31,2019,7,45,2,95.5,2328,-0.64,1.26,5.7,1,0
"Alcantara, Sandy",2019-03-31,2019,7,45,1,95.4,2180,-0.67,1.06,5.4,0,0
"Alcantara, Sandy",2019-03-31,2019,7,44,3,96.3,2241,-0.79,1.36,5.7,1,1
"Alcantara, Sandy",2019-03-31,2019,7,44,2,95.1,2268,-0.8,1.31,6,1,0
"Alcantara, Sandy",2019-03-31,2019,6,39,3,96.9,2369,-0.74,1.26,5.9,1,1
"Wheeler, Zack",2019-03-31,2019,4,32,3,96.5,2175,-0.93,1.43,6.3,0,2
"Wheeler, Zack",2019-03-31,2019,3,27,6,98.1,2461,-0.55,1.58,6.8,3,2
"Alcantara, Sandy",2019-03-31,2019,6,38,4,99.3,2432,-0.51,1.29,5.7,1,2
"Alcantara, Sandy",2019-03-31,2019,6,38,3,99,2366,-0.81,1.06,5.8,0,2
"Wheeler, Zack",2019-03-31,2019,3,27,3,97.1,2412,-0.82,0.97,6.8,1,1
"Alcantara, Sandy",2019-03-31,2019,6,37,2,96.2,2383,-0.71,1.3,5.6,0,1
"Wheeler, Zack",2019-03-31,2019,3,26,6,98.7,2478,-1.11,1.43,6.7,3,2
"Alcantara, Sandy",2019-03-31,2019,6,37,1,93.7,2374,-0.8,1.26,5.6,0,0
"Alcantara, Sandy",2019-03-31,2019,4,24,1,95.5,2353,-0.7,1.33,5.7,0,0
"Alcantara, Sandy",2019-03-31,2019,4,23,2,98.3,2378,-0.79,1.31,5.6,0,1
"Alcantara, Sandy",2019-03-31,2019,4,23,1,97.1,2306,-0.79,1.4,5.6,0,0
"Wheeler, Zack",2019-03-31,2019,2,16,4,98.1,2364,-1.18,1.52,6.8,1,2
"Alcantara, Sandy",2019-03-31,2019,4,22,4,98.2,2323,-0.71,1.23,5.8,1,2
"Wheeler, Zack",2019-03-31,2019,2,16,3,97.4,2314,-1.08,1.4,6.6,0,2
"Alcantara, Sandy",2019-03-31,2019,3,18,2,97.3,2447,-0.53,1.11,5.9,1,0
"Wheeler, Zack",2019-03-31,2019,2,15,4,98.2,2504,-1,1.5,6.9,2,1
"Wheeler, Zack",2019-03-31,2019,2,15,2,97.1,2395,-0.69,1.64,6.4,1,0
"Alcantara, Sandy",2019-03-31,2019,3,16,2,94.1,2206,-0.88,1.22,5.8,0,1
"Alcantara, Sandy",2019-03-31,2019,3,16,1,96.6,2385,-0.69,1.36,5.6,0,0
"Wheeler, Zack",2019-03-31,2019,2,14,1,96.8,2324,-1.12,1.45,6.4,0,0
"Alcantara, Sandy",2019-03-31,2019,2,10,1,97.4,2346,-0.69,1.37,4.6,0,0
"Wheeler, Zack",2019-03-31,2019,1,8,2,97.6,2517,-1.29,1.69,6.7,1,0
"Wheeler, Zack",2019-03-31,2019,1,7,7,98.3,2406,-1.06,1.57,7.1,3,2
"Wheeler, Zack",2019-03-31,2019,1,7,5,97.2,2244,-0.74,1.43,7,3,1
"Wheeler, Zack",2019-03-31,2019,1,7,2,96.4,2127,-0.93,1.36,7.1,1,0
"Wheeler, Zack",2019-03-31,2019,1,7,1,96.7,2206,-1.1,1.36,7.4,0,0
"Alcantara, Sandy",2019-03-31,2019,1,3,1,96.8,2369,-0.63,1.46,5.4,0,0
"Wheeler, Zack",2019-03-31,2019,1,6,4,98.1,2291,-1.01,1.41,7.1,1,2
"Alcantara, Sandy",2019-03-31,2019,1,1,3,99.2,2588,-0.66,1.27,5.5,0,2
"Cole, Gerrit",2019-03-29,2019,6,49,6,99.2,2615,-1.16,1.41,6.3,2,2
"Cole, Gerrit",2019-03-29,2019,6,49,2,97.4,2583,-0.94,1.51,6.3,0,1
"Cole, Gerrit",2019-03-29,2019,6,49,1,95.8,2539,-0.67,1.72,6.3,0,0
"Cole, Gerrit",2019-03-29,2019,6,46,3,95.5,2519,-0.82,1.58,6.4,2,0
"Cole, Gerrit",2019-03-29,2019,6,46,1,94.9,2580,-0.79,1.6,6.3,0,0
"Cole, Gerrit",2019-03-29,2019,5,40,4,98.2,2633,-0.93,1.54,6.5,0,2
"Cole, Gerrit",2019-03-29,2019,5,38,1,94.4,2610,-1.04,1.86,6.2,0,0
"Cole, Gerrit",2019-03-29,2019,4,33,3,97.7,2608,-1.03,1.83,6.1,0,2
"Cole, Gerrit",2019-03-29,2019,4,33,1,95.8,2646,-0.87,1.92,6.2,0,0
"Cole, Gerrit",2019-03-29,2019,4,32,4,98,2556,-1.04,1.62,6.4,1,2
"Cole, Gerrit",2019-03-29,2019,4,32,1,95.8,2533,-1,1.57,6.1,0,0
"Cole, Gerrit",2019-03-29,2019,4,31,2,95.2,2425,-0.73,1.72,6.3,1,0
"Cole, Gerrit",2019-03-29,2019,3,27,1,96.5,2486,-0.89,1.68,6.1,0,0
"Cole, Gerrit",2019-03-29,2019,3,26,3,98.4,2655,-0.87,1.75,6.4,1,1
"Cole, Gerrit",2019-03-29,2019,3,26,1,96.4,2535,-1.02,1.7,6.2,0,0
"Cole, Gerrit",2019-03-29,2019,3,25,2,98.2,2456,-0.93,1.4,6.1,0,1
"Cole, Gerrit",2019-03-29,2019,3,24,6,99.2,2599,-1.12,1.5,6.4,3,2
"Cole, Gerrit",2019-03-29,2019,3,24,4,97,2500,-1.13,1.55,6.5,1,2
"Cole, Gerrit",2019-03-29,2019,3,24,2,97.9,2650,-1.09,1.61,6.1,0,1
"Cole, Gerrit",2019-03-29,2019,3,24,1,95.5,2544,-0.96,1.84,6.7,0,0
"Cole, Gerrit",2019-03-29,2019,3,23,2,97.2,2569,-1.3,1.49,6.2,0,1
"Cole, Gerrit",2019-03-29,2019,3,22,2,97.1,2468,-0.84,1.45,6.1,1,0
"Cole, Gerrit",2019-03-29,2019,3,21,3,97.8,2497,-0.84,1.67,6.2,0,2
"Cole, Gerrit",2019-03-29,2019,3,21,2,95.4,2402,-0.96,1.67,6.2,0,1
"Cole, Gerrit",2019-03-29,2019,3,21,1,95.2,2384,-0.84,1.63,6.2,0,0
"Cole, Gerrit",2019-03-29,2019,2,14,6,98.5,2476,-0.73,1.56,6.3,3,2
"Cole, Gerrit",2019-03-29,2019,2,14,5,96,2426,-0.71,1.62,6.3,3,1
"Cole, Gerrit",2019-03-29,2019,2,14,4,95.6,2365,-0.7,1.56,6.4,3,0
"Cole, Gerrit",2019-03-29,2019,2,14,3,96.4,2439,-0.61,1.65,6.6,2,0
"Cole, Gerrit",2019-03-29,2019,2,14,1,96.4,2366,-0.67,1.48,6.7,0,0
"Cole, Gerrit",2019-03-29,2019,2,13,4,98.2,2457,-0.76,1.55,6.1,1,2
"Cole, Gerrit",2019-03-29,2019,2,13,3,97.4,2593,-1.26,1.47,6.8,1,1
"Cole, Gerrit",2019-03-29,2019,2,13,1,96.7,2741,-1.13,1.75,5.9,0,0
"Cole, Gerrit",2019-03-29,2019,2,12,4,97.1,2588,-1.01,1.76,6.1,1,2
"Cole, Gerrit",2019-03-29,2019,2,12,2,95.9,2555,-1.18,1.78,6.1,0,1
"Cole, Gerrit",2019-03-29,2019,2,12,1,95,2523,-0.93,1.96,6.1,0,0
"Cole, Gerrit",2019-03-29,2019,1,6,2,97.2,2567,-0.96,1.47,6.2,0,1
"Cole, Gerrit",2019-03-29,2019,1,6,1,97.3,2501,-0.99,1.6,6.2,0,0
"Cole, Gerrit",2019-03-29,2019,1,5,4,97.8,2573,-1.01,1.63,6.3,1,2
"Cole, Gerrit",2019-03-29,2019,1,5,3,98,2603,-0.95,1.6,6.3,0,2
"Cole, Gerrit",2019-03-29,2019,1,5,2,96.4,2547,-1.13,1.58,6.3,0,1
"Cole, Gerrit",2019-03-29,2019,1,5,1,95.7,2475,-0.98,1.62,6.5,0,0
"Cole, Gerrit",2019-03-29,2019,1,4,8,97,2519,-0.77,1.69,6.3,3,2
"Cole, Gerrit",2019-03-29,2019,1,4,7,97.3,2524,-0.94,1.71,6.1,3,2
"Cole, Gerrit",2019-03-29,2019,1,4,4,96.3,2566,-0.97,1.75,6.1,2,1
"Cole, Gerrit",2019-03-29,2019,1,4,1,96.2,2574,-0.99,1.89,6,0,0
"Cole, Gerrit",2019-04-09,2019,7,54,4,96,2531,-0.86,1.46,6.2,0,2
"Cole, Gerrit",2019-04-09,2019,7,54,3,96.8,2438,-0.8,1.61,6.2,0,2
"Cole, Gerrit",2019-04-09,2019,7,53,4,95.7,2512,-1.11,1.59,6,1,2
"Cole, Gerrit",2019-04-09,2019,7,53,1,95.1,2547,-1.05,1.55,6,0,0
"Cole, Gerrit",2019-04-09,2019,7,52,2,95.9,2459,-1.09,1.55,5.8,1,0
"Cole, Gerrit",2019-04-09,2019,7,52,1,95.2,2452,-0.98,1.56,6.5,0,0
"Cole, Gerrit",2019-04-09,2019,6,47,9,99,2609,-0.82,1.49,6.5,2,2
"Cole, Gerrit",2019-04-09,2019,6,47,6,98,2542,-0.96,1.25,6.3,2,2
"Cole, Gerrit",2019-04-09,2019,6,47,3,97.5,2550,-0.99,1.64,6.6,1,1
"Cole, Gerrit",2019-04-09,2019,6,47,2,97.9,2629,-1.09,1.5,6.3,0,1
"Cole, Gerrit",2019-04-09,2019,6,47,1,97.3,2550,-0.9,1.45,6.2,0,0
"Cole, Gerrit",2019-04-09,2019,6,46,5,98.2,2547,-1.08,1.38,6.2,1,2
"Cole, Gerrit",2019-04-09,2019,6,46,3,98.3,2543,-0.87,1.34,6.3,1,1
"Cole, Gerrit",2019-04-09,2019,6,46,1,97.3,2581,-1.23,1.39,6.5,0,0
"Cole, Gerrit",2019-04-09,2019,6,45,2,97.1,2592,-1.18,1.5,6.2,1,0
"Cole, Gerrit",2019-04-09,2019,6,45,1,98.2,2671,-1.23,1.52,6.3,0,0
"Cole, Gerrit",2019-04-09,2019,6,43,2,98.5,2466,-0.71,1.52,6.1,0,1
"Cole, Gerrit",2019-04-09,2019,6,42,4,96.8,2473,-0.85,1.55,6.5,3,0
"Cole, Gerrit",2019-04-09,2019,6,42,3,95.5,2442,-1.07,1.38,6.2,2,0
"Cole, Gerrit",2019-04-09,2019,6,42,2,96.1,2554,-1.12,1.33,6.5,1,0
"Cole, Gerrit",2019-04-09,2019,6,42,1,96.9,2486,-1.07,1.48,6.4,0,0
"Cole, Gerrit",2019-04-09,2019,5,36,4,97.4,2499,-0.93,1.42,6.5,2,1
"Cole, Gerrit",2019-04-09,2019,5,36,2,96.7,2667,-1.13,1.55,6.3,1,0
"Cole, Gerrit",2019-04-09,2019,5,36,1,96.3,2642,-1.01,1.56,6.2,0,0
"Cole, Gerrit",2019-04-09,2019,5,35,1,97,2559,-0.94,1.62,5.9,0,0
"Cole, Gerrit",2019-04-09,2019,5,34,3,96.6,2498,-1.02,1.53,6,2,0
"Cole, Gerrit",2019-04-09,2019,5,34,2,98,2559,-0.85,1.69,5.9,1,0
"Cole, Gerrit",2019-04-09,2019,4,29,3,98.6,2434,-0.83,1.66,6.1,1,1
"Cole, Gerrit",2019-04-09,2019,4,28,2,97.7,2493,-0.93,1.6,6.2,0,1
"Cole, Gerrit",2019-04-09,2019,4,27,1,96.5,2664,-1.3,1.25,6.1,0,0
"Cole, Gerrit",2019-04-09,2019,3,20,6,99.7,2420,-0.91,1.64,6.2,3,2
"Cole, Gerrit",2019-04-09,2019,3,20,4,99.4,2511,-0.97,1.65,6.1,1,2
"Cole, Gerrit",2019-04-09,2019,3,20,3,97.9,2421,-0.91,1.32,6.1,1,1
"Cole, Gerrit",2019-04-09,2019,3,19,1,96,2415,-1.06,1.34,6.2,0,0
"Cole, Gerrit",2019-04-09,2019,3,18,1,96.9,2426,-0.99,1.53,6.1,0,0
"Cole, Gerrit",2019-04-09,2019,3,17,5,96.4,2434,-0.84,1.61,6,3,1
"Cole, Gerrit",2019-04-09,2019,3,17,3,96.1,2540,-0.87,1.94,6.1,1,1
"Cole, Gerrit",2019-04-09,2019,3,17,2,95,2550,-0.98,1.66,6.1,1,0
"Cole, Gerrit",2019-04-09,2019,3,17,1,93.4,2563,-1.17,1.41,6.4,0,0
"Cole, Gerrit",2019-04-09,2019,2,10,5,99,2527,-0.78,1.7,6.2,2,2
"Cole, Gerrit",2019-04-09,2019,2,10,3,97,2370,-0.86,1.51,6.6,2,0
"Cole, Gerrit",2019-04-09,2019,2,9,1,95.8,2492,-0.92,1.51,6.1,0,0
"Cole, Gerrit",2019-04-09,2019,2,8,2,96,2466,-0.9,1.61,6,0,1
"Cole, Gerrit",2019-04-09,2019,1,4,5,96.6,2539,-0.95,1.66,6.3,3,1
"Cole, Gerrit",2019-04-09,2019,1,4,3,96.5,2564,-0.78,1.75,6.2,1,1
"Cole, Gerrit",2019-04-09,2019,1,4,1,95.9,2559,-0.7,1.71,6.3,0,0
"Cole, Gerrit",2019-04-09,2019,1,3,1,96.3,2705,-0.97,1.58,6,0,0
"Cole, Gerrit",2019-04-09,2019,1,2,1,95.3,2399,-0.99,1.58,5.9,0,0
"Cole, Gerrit",2019-04-09,2019,1,1,3,97.1,2505,-1.03,1.66,6.1,0,2
"Cole, Gerrit",2019-04-09,2019,1,1,2,95.7,2558,-1.15,1.64,6.2,0,1
"Cole, Gerrit",2019-04-09,2019,1,1,1,95.3,2598,-0.85,1.78,6.1,0,0
"Wheeler, Zack",2019-04-07,2019,5,39,5,96.2,2345,-0.69,1.49,7.2,3,1
"Wheeler, Zack",2019-04-07,2019,5,39,4,96.4,2436,-0.91,1.34,6.6,2,1
"Wheeler, Zack",2019-04-07,2019,5,39,3,95.6,2355,-1.03,1.33,7.4,1,1
"Wheeler, Zack",2019-04-07,2019,5,38,6,97,2407,-0.89,1.35,6.6,2,2
"Wheeler, Zack",2019-04-07,2019,5,38,4,95.6,2368,-0.73,1.4,7,2,1
"Wheeler, Zack",2019-04-07,2019,5,37,2,95.8,2400,-0.77,1.34,6.8,0,1
"Wheeler, Zack",2019-04-07,2019,5,37,1,95.5,2249,-1.16,1.33,6.8,0,0
"Wheeler, Zack",2019-04-07,2019,5,36,6,96.6,2344,-0.92,1.22,6.8,3,2
"Wheeler, Zack",2019-04-07,2019,5,36,5,96.8,2316,-0.95,1.25,6.8,3,1
"Wheeler, Zack",2019-04-07,2019,5,36,1,95.5,2350,-0.92,1.14,6.7,0,0
"Wheeler, Zack",2019-04-07,2019,5,35,3,96.4,2368,-0.79,1.27,6.5,1,1
"Wheeler, Zack",2019-04-07,2019,5,35,1,96.4,2355,-0.99,1.33,6.5,0,0
"Wheeler, Zack",2019-04-07,2019,5,34,3,95.3,2389,-1.02,1.35,6.5,1,1
"Wheeler, Zack",2019-04-07,2019,4,30,2,97,2397,-0.77,1.44,6.9,1,0
"Wheeler, Zack",2019-04-07,2019,4,29,1,96.3,2432,-0.91,1.43,7.2,0,0
"Wheeler, Zack",2019-04-07,2019,4,28,3,96.6,2408,-0.69,1.37,6.9,1,1
"Wheeler, Zack",2019-04-07,2019,3,23,2,96.4,2460,-1.05,1.36,6.9,0,1
"Wheeler, Zack",2019-04-07,2019,3,21,3,97.1,2399,-0.84,1.27,6.8,0,2
"Wheeler, Zack",2019-04-07,2019,3,21,2,96.9,2390,-0.83,1.22,6.8,0,1
"Wheeler, Zack",2019-04-07,2019,2,15,1,96.9,2515,-0.8,1.42,6.9,0,0
"Wheeler, Zack",2019-04-07,2019,2,13,7,97.3,2413,-1.17,1.34,6.4,3,2
"Wheeler, Zack",2019-04-07,2019,2,13,5,96.3,2371,-0.83,1.5,6.5,3,1
"Wheeler, Zack",2019-04-07,2019,2,13,4,95.9,2349,-0.71,1.43,7,3,0
"Wheeler, Zack",2019-04-07,2019,2,13,3,97.2,2417,-0.64,1.28,7.1,2,0
"Wheeler, Zack",2019-04-07,2019,2,13,2,96.5,2444,-1.02,1.3,6.9,1,0
"Wheeler, Zack",2019-04-07,2019,2,12,3,97.4,2449,-0.88,1.39,6.7,2,0
"Wheeler, Zack",2019-04-07,2019,2,12,2,98,2438,-0.88,1.36,6.6,1,0
"Wheeler, Zack",2019-04-07,2019,2,11,4,98.5,2434,-1.04,1.21,7.1,2,1
"Wheeler, Zack",2019-04-07,2019,2,11,3,97.5,2415,-0.7,1.44,7,1,1
"Wheeler, Zack",2019-04-07,2019,2,11,2,97.2,2414,-0.97,1.19,6.6,1,0
"Wheeler, Zack",2019-04-07,2019,2,11,1,97.7,2369,-0.6,1.25,7.3,0,0
"Wheeler, Zack",2019-04-07,2019,2,10,5,97.2,2389,-0.9,1.34,6.7,3,1
"Wheeler, Zack",2019-04-07,2019,2,10,4,97.7,2273,-1.18,1.45,6.7,2,1
"Wheeler, Zack",2019-04-07,2019,2,8,1,98.4,2446,-0.63,1.52,6.9,0,0
"Wheeler, Zack",2019-04-07,2019,2,7,3,98.6,2396,-0.88,1.18,7.1,1,1
"Wheeler, Zack",2019-04-07,2019,2,7,2,96.9,2362,-0.93,1.14,6.8,1,0
"Wheeler, Zack",2019-04-07,2019,1,3,1,98.4,2428,-0.67,1.48,6.7,0,0
"Wheeler, Zack",2019-04-07,2019,1,2,5,97.8,2296,-1.24,1.51,7,2,2
"Wheeler, Zack",2019-04-07,2019,1,2,1,96.3,2238,-0.91,1.3,6.9,0,0
"Wheeler, Zack",2019-04-07,2019,1,1,4,97.6,2396,-1.09,1.43,6.6,3,0
"Wheeler, Zack",2019-04-07,2019,1,1,3,96.9,2210,-0.91,1.39,6.6,2,0
"Wheeler, Zack",2019-04-07,2019,1,1,1,96.7,2271,-0.92,1.39,6.6,0,0
"Alcantara, Sandy",2019-04-06,2019,4,34,3,97.8,2152,-0.6,1.14,5.6,0,2
"Alcantara, Sandy",2019-04-06,2019,4,34,2,95.6,2095,-0.33,1.07,5.8,0,1
"Alcantara, Sandy",2019-04-06,2019,4,34,1,95.9,2216,-0.66,1.14,5.6,0,0
"Alcantara, Sandy",2019-04-06,2019,4,33,5,96.4,2143,-0.55,1.1,5.3,0,2
"Alcantara, Sandy",2019-04-06,2019,4,33,3,96.6,2250,-0.53,1.22,5.8,0,2
"Alcantara, Sandy",2019-04-06,2019,4,33,1,96.3,2276,-0.6,1.09,5.8,0,0
"Alcantara, Sandy",2019-04-06,2019,4,31,2,95.2,2214,-0.52,1.13,5.7,0,1
"Alcantara, Sandy",2019-04-06,2019,4,31,1,94.5,2196,-0.54,1.1,5.5,0,0
"Alcantara, Sandy",2019-04-06,2019,4,28,7,96,2088,-0.6,1.22,5.7,3,2
"Alcantara, Sandy",2019-04-06,2019,3,24,3,95.6,2238,-0.62,1.16,5.5,1,1
"Alcantara, Sandy",2019-04-06,2019,3,22,4,93.9,2290,-0.33,1.14,5.4,2,1
"Alcantara, Sandy",2019-04-06,2019,3,22,1,94.5,2355,-0.71,1.43,5.6,0,0
"Alcantara, Sandy",2019-04-06,2019,3,21,3,95.9,2397,-0.55,1.23,5.6,1,1
"Alcantara, Sandy",2019-04-06,2019,3,20,5,96.7,2240,-0.5,1.31,5.8,1,2
"Alcantara, Sandy",2019-04-06,2019,3,20,4,97.6,2292,-0.38,1.4,5.6,1,2
"Alcantara, Sandy",2019-04-06,2019,2,15,1,94,2143,-0.59,0.97,5.7,0,0
"Alcantara, Sandy",2019-04-06,2019,2,12,1,94,2225,-0.59,1.17,5.5,0,0
"Alcantara, Sandy",2019-04-06,2019,1,8,1,95.5,2312,-0.92,1.28,6,0,0
"Alcantara, Sandy",2019-04-06,2019,1,7,3,95.4,2346,-0.9,1.13,5.7,1,1
"Alcantara, Sandy",2019-04-06,2019,1,7,1,96.7,2305,-0.67,1.21,5.8,0,0
"Alcantara, Sandy",2019-04-06,2019,1,6,1,93.2,2283,-0.76,1.18,5.6,0,0
"Alcantara, Sandy",2019-04-06,2019,1,5,3,93.7,2291,-0.71,1.27,6,1,1
"Alcantara, Sandy",2019-04-06,2019,1,5,2,91.5,2230,-0.46,1.36,6.1,1,0
"Alcantara, Sandy",2019-04-06,2019,1,5,1,93.8,2081,-0.45,1.1,5.5,0,0
"Alcantara, Sandy",2019-04-06,2019,1,4,7,94.5,2158,-0.42,1.1,5.3,3,2
"Alcantara, Sandy",2019-04-06,2019,1,4,6,96.5,2192,-0.52,1.34,5.3,2,2
"Alcantara, Sandy",2019-04-06,2019,1,4,5,96.4,2155,-0.61,1.3,5.3,2,2
"Alcantara, Sandy",2019-04-06,2019,1,4,3,98.7,2182,-0.74,1.18,5.6,0,2
"Alcantara, Sandy",2019-04-06,2019,1,4,2,96.2,2177,-0.69,1.02,5.8,0,1
"Alcantara, Sandy",2019-04-06,2019,1,4,1,94.5,2203,-0.67,1.31,5.3,0,0
"Gausman, Kevin",2019-04-05,2019,7,49,4,95.5,2287,-1.11,1.23,6.4,1,2
"Gausman, Kevin",2019-04-05,2019,7,49,3,93.1,2176,-0.79,1.49,5.9,1,1
"Gausman, Kevin",2019-04-05,2019,7,49,2,92.3,2187,-0.82,1.46,6,1,0
"Gausman, Kevin",2019-04-05,2019,7,49,1,92.4,2265,-0.86,1.49,6.3,0,0
"Gausman, Kevin",2019-04-05,2019,7,48,1,92.3,2206,-0.84,1.47,5.9,0,0
"Gausman, Kevin",2019-04-05,2019,7,47,2,92.1,2219,-0.85,1.41,5.9,1,0
"Gausman, Kevin",2019-04-05,2019,7,47,1,91.3,2102,-0.83,1.27,6,0,0
"Gausman, Kevin",2019-04-05,2019,6,42,6,95.1,2096,-1.17,1.13,5.9,3,2
"Gausman, Kevin",2019-04-05,2019,6,42,2,93.8,2266,-0.94,1.43,6,0,1
"Gausman, Kevin",2019-04-05,2019,6,41,6,95.9,2301,-0.98,1.39,6.1,3,2
"Gausman, Kevin",2019-04-05,2019,6,41,3,94.3,2312,-0.88,1.37,6.3,1,1
"Gausman, Kevin",2019-04-05,2019,6,40,4,92.9,2043,-0.69,1.16,6.4,1,2
"Gausman, Kevin",2019-04-05,2019,5,36,4,94.4,2392,-0.79,1.42,6.3,2,1
"Gausman, Kevin",2019-04-05,2019,5,35,3,93.8,2362,-0.76,1.61,6.2,1,1
"Gausman, Kevin",2019-04-05,2019,5,35,2,91.3,2131,-1.26,0.99,6.4,0,1
"Gausman, Kevin",2019-04-05,2019,5,34,5,95.1,2409,-0.92,1.4,6.5,1,2
"Gausman, Kevin",2019-04-05,2019,5,34,4,96.4,2299,-0.8,1.41,6.1,1,2
"Gausman, Kevin",2019-04-05,2019,5,34,2,92.4,2306,-1.01,1.42,6.1,1,0
"Gausman, Kevin",2019-04-05,2019,5,34,1,91.8,2253,-0.88,1.45,5.9,0,0
"Gausman, Kevin",2019-04-05,2019,4,23,6,94.7,2304,-0.92,1.38,6.3,3,2
"Gausman, Kevin",2019-04-05,2019,4,23,4,91.1,2134,-0.86,1.24,6.2,3,0
"Gausman, Kevin",2019-04-05,2019,4,23,3,92.5,2316,-0.75,1.42,6,2,0
"Gausman, Kevin",2019-04-05,2019,4,23,2,92,2328,-0.69,1.46,6.1,1,0
"Gausman, Kevin",2019-04-05,2019,4,23,1,91.7,2119,-0.78,1.34,6.1,0,0
"Gausman, Kevin",2019-04-05,2019,3,18,3,96.1,2415,-0.99,1.37,5.9,0,2
"Gausman, Kevin",2019-04-05,2019,3,18,1,93.2,2327,-0.92,1.35,6,0,0
"Gausman, Kevin",2019-04-05,2019,3,17,3,94.6,2333,-1.14,1.29,6.2,0,2
"Gausman, Kevin",2019-04-05,2019,3,17,1,92.7,2222,-0.87,1.26,6,0,0
"Gausman, Kevin",2019-04-05,2019,3,16,2,93.3,2338,-0.73,1.56,6.2,1,0
"Gausman, Kevin",2019-04-05,2019,2,11,3,92.8,2347,-1.05,1.45,6,2,0
"Gausman, Kevin",2019-04-05,2019,2,11,2,93.6,2245,-0.89,1.37,6.1,1,0
"Gausman, Kevin",2019-04-05,2019,2,10,2,91.8,2301,-0.93,1.47,6.2,1,0
"Gausman, Kevin",2019-04-05,2019,2,10,1,92.5,2249,-0.78,1.57,6.1,0,0
"Gausman, Kevin",2019-04-05,2019,2,9,3,94.5,2140,-1.05,1.37,6,1,1
"Gausman, Kevin",2019-04-05,2019,2,9,2,92.9,2300,-1.01,1.4,5.7,0,1
"Gausman, Kevin",2019-04-05,2019,2,9,1,91.6,2076,-0.84,1.34,5.9,0,0
"Gausman, Kevin",2019-04-05,2019,1,4,3,94.8,2317,-0.64,1.31,6.3,1,1
"Gausman, Kevin",2019-04-05,2019,1,4,1,92.6,2232,-0.78,1.36,5.8,0,0
"Gausman, Kevin",2019-04-05,2019,1,3,1,92.6,2328,-1.11,1.32,6.3,0,0
"Gausman, Kevin",2019-04-05,2019,1,2,5,94.9,2377,-0.92,1.44,6,2,2
"Gausman, Kevin",2019-04-05,2019,1,2,3,93.6,2224,-0.95,1.23,5.9,1,1
"Gausman, Kevin",2019-04-05,2019,1,2,2,93.7,2325,-0.87,1.29,6.4,1,0
"Gausman, Kevin",2019-04-05,2019,1,2,1,92.2,2154,-0.65,1.44,5.8,0,0
"Gausman, Kevin",2019-04-05,2019,1,1,4,92.4,2238,-0.9,1.34,6.3,3,0
"Gausman, Kevin",2019-04-05,2019,1,1,2,92.4,2215,-0.79,1.39,6,1,0
"Gausman, Kevin",2019-04-05,2019,1,1,1,91.8,2081,-1.01,1.23,5.8,0,0
"Wheeler, Zack",2019-04-17,2019,7,54,7,96.7,2159,-0.98,1.22,6.6,3,2
"Wheeler, Zack",2019-04-17,2019,7,54,1,96.8,2246,-1.03,1.2,7,0,0
"Gausman, Kevin",2019-04-17,2019,7,49,4,97.4,2330,-0.7,1.46,6.5,1,2
"Wheeler, Zack",2019-04-17,2019,7,52,1,94.1,2214,-0.93,1.31,6.5,0,0
"Gausman, Kevin",2019-04-17,2019,7,49,2,95.3,2313,-1.01,1.42,6.5,0,1
"Gausman, Kevin",2019-04-17,2019,7,49,1,94.7,2357,-1.01,1.47,6,0,0
"Gausman, Kevin",2019-04-17,2019,7,47,4,95.8,2239,-0.72,1.37,6.4,2,1
"Gausman, Kevin",2019-04-17,2019,7,47,3,95.2,2265,-0.91,1.34,6.4,2,0
"Gausman, Kevin",2019-04-17,2019,7,47,2,94.9,2261,-0.9,1.34,6.4,1,0
"Gausman, Kevin",2019-04-17,2019,7,46,1,92.9,2184,-0.96,1.46,6.4,0,0
"Gausman, Kevin",2019-04-17,2019,7,45,2,92.3,2137,-0.8,1.36,6.1,0,1
"Wheeler, Zack",2019-04-17,2019,5,37,4,97.1,2275,-0.96,1.4,6.5,1,2
"Gausman, Kevin",2019-04-17,2019,6,39,3,97.5,2379,-0.84,1.61,6.1,0,2
"Alcantara, Sandy",2019-04-17,2019,5,34,3,98.1,2228,-0.61,1.31,5.7,0,2
"Gausman, Kevin",2019-04-17,2019,6,39,2,94.7,2186,-0.89,1.24,6.2,0,1
"Wheeler, Zack",2019-04-17,2019,5,36,6,97,2362,-0.74,1.35,6.8,3,2
"Gausman, Kevin",2019-04-17,2019,6,38,5,95.8,2258,-1.1,1.34,6,2,2
"Wheeler, Zack",2019-04-17,2019,5,36,5,97.7,2329,-0.99,1.31,6.7,3,1
"Gausman, Kevin",2019-04-17,2019,6,37,4,94,2125,-1.03,1.28,6.1,0,2
"Gausman, Kevin",2019-04-17,2019,6,37,3,92.3,2013,-1.01,1.17,5.9,0,2
"Gausman, Kevin",2019-04-17,2019,6,37,1,91,2082,-0.81,1.26,6.2,0,0
"Gausman, Kevin",2019-04-17,2019,5,33,3,93.3,2145,-1.02,1.38,5.9,1,1
"Wheeler, Zack",2019-04-17,2019,4,31,4,96.6,2284,-1.02,1.28,6.8,2,1
"Gausman, Kevin",2019-04-17,2019,5,33,2,95.9,2228,-0.98,1.17,5.9,0,1
"Wheeler, Zack",2019-04-17,2019,4,31,3,96.4,2488,-0.88,1.3,6.7,2,0
"Gausman, Kevin",2019-04-17,2019,5,33,1,95.6,2202,-1.02,1.06,6.1,0,0
"Gausman, Kevin",2019-04-17,2019,5,32,5,96.6,2323,-0.89,1.28,6.2,2,2
"Wheeler, Zack",2019-04-17,2019,4,30,3,95.2,2461,-0.98,1.36,7,0,2
"Gausman, Kevin",2019-04-17,2019,5,32,2,94,2162,-1.03,1.29,6.2,1,0
"Gausman, Kevin",2019-04-17,2019,5,32,1,94.2,2096,-0.85,1.14,6,0,0
"Wheeler, Zack",2019-04-17,2019,3,26,3,96,2425,-0.77,1.49,6.8,0,2
"Gausman, Kevin",2019-04-17,2019,5,31,3,96.2,2195,-0.92,1.32,5.9,0,2
"Gausman, Kevin",2019-04-17,2019,5,31,1,91.5,1989,-1.08,1.3,6.4,0,0
"Wheeler, Zack",2019-04-17,2019,3,24,5,96.7,2347,-0.84,1.37,6.9,3,1
"Gausman, Kevin",2019-04-17,2019,4,27,6,96.8,2371,-0.62,1.33,5.9,2,2
"Wheeler, Zack",2019-04-17,2019,3,24,4,95.7,2344,-0.9,1.24,7,2,1
"Wheeler, Zack",2019-04-17,2019,3,24,3,96.6,2421,-0.96,1.53,6.4,1,1
"Gausman, Kevin",2019-04-17,2019,4,27,4,97.1,2270,-1.06,1.34,6,1,2
"Wheeler, Zack",2019-04-17,2019,3,24,1,95.4,2376,-0.88,1.16,6.9,0,0
"Gausman, Kevin",2019-04-17,2019,4,27,3,95.9,2275,-0.86,1.34,6,1,1
"Gausman, Kevin",2019-04-17,2019,4,27,2,96.3,2367,-0.82,1.3,5.9,0,1
"Gausman, Kevin",2019-04-17,2019,4,27,1,94.9,2257,-0.81,1.45,6,0,0
"Wheeler, Zack",2019-04-17,2019,3,23,3,96.7,2238,-0.89,1.55,6.8,2,0
"Gausman, Kevin",2019-04-17,2019,4,25,5,96.6,2407,-1.14,1.52,5.9,2,2
"Gausman, Kevin",2019-04-17,2019,4,25,4,94.5,2276,-1.08,1.36,5.8,2,1
"Gausman, Kevin",2019-04-17,2019,4,25,3,92.9,2275,-1.27,1.26,5.8,2,0
"Wheeler, Zack",2019-04-17,2019,3,22,4,96.6,2394,-0.8,1.16,7,1,2
"Gausman, Kevin",2019-04-17,2019,4,24,2,92,2198,-1.14,1.33,5.9,1,0
"Gausman, Kevin",2019-04-17,2019,3,20,4,94.8,2308,-1.17,1.26,6.1,1,2
"Wheeler, Zack",2019-04-17,2019,3,21,2,95.6,2457,-0.64,1.62,7,0,1
"Gausman, Kevin",2019-04-17,2019,3,20,3,95.8,2237,-1,1.28,6.2,0,2
"Gausman, Kevin",2019-04-17,2019,3,20,2,94.7,2213,-0.95,1.28,6.1,0,1
"Gausman, Kevin",2019-04-17,2019,3,20,1,91.9,2054,-1.01,1.17,6.1,0,0
"Gausman, Kevin",2019-04-17,2019,3,19,4,94.6,2139,-0.86,1.3,6.2,1,2
"Gausman, Kevin",2019-04-17,2019,3,19,3,93.1,2296,-1.04,1.33,5.7,1,1
"Wheeler, Zack",2019-04-17,2019,2,16,4,95.7,2246,-1.12,1.3,6.8,1,2
"Gausman, Kevin",2019-04-17,2019,3,19,1,91.3,2035,-0.79,1.16,6.5,0,0
"Gausman, Kevin",2019-04-17,2019,3,18,3,94.6,2336,-0.96,1.24,5.9,2,0
"Gausman, Kevin",2019-04-17,2019,3,18,2,91.9,2255,-1.18,1.39,5.7,1,0
"Gausman, Kevin",2019-04-17,2019,3,18,1,91.5,1973,-0.8,1.4,5.7,0,0
"Wheeler, Zack",2019-04-17,2019,2,15,9,96.5,2306,-1.03,1.32,6.7,3,2
"Gausman, Kevin",2019-04-17,2019,2,11,2,94.6,2353,-0.98,1.36,6,1,0
"Gausman, Kevin",2019-04-17,2019,2,10,6,94.8,2294,-0.92,1.34,6.4,3,2
"Wheeler, Zack",2019-04-17,2019,2,15,7,97.3,2400,-0.82,1.24,7.1,3,2
"Gausman, Kevin",2019-04-17,2019,2,10,5,94.3,2341,-1,1.29,6,2,2
"Wheeler, Zack",2019-04-17,2019,2,15,6,97.4,2532,-0.99,1.26,6.6,2,2
"Gausman, Kevin",2019-04-17,2019,2,10,4,94.7,2325,-0.94,1.29,5.9,1,2
"Gausman, Kevin",2019-04-17,2019,2,10,2,94,2201,-1.19,1.18,6.1,0,1
"Wheeler, Zack",2019-04-17,2019,2,15,3,97,2449,-0.99,1.25,6.7,0,2
"Wheeler, Zack",2019-04-17,2019,2,15,2,96.7,2445,-0.8,1.34,6.9,0,1
"Gausman, Kevin",2019-04-17,2019,2,9,4,92.5,2309,-0.85,1.53,6.3,3,0
"Gausman, Kevin",2019-04-17,2019,2,9,2,94.9,2256,-0.99,1.12,5.9,1,0
"Wheeler, Zack",2019-04-17,2019,2,14,2,94.5,2429,-0.92,1.52,7,1,0
"Wheeler, Zack",2019-04-17,2019,2,14,1,95,2317,-0.92,1.34,6.5,0,0
"Gausman, Kevin",2019-04-17,2019,2,9,1,94,1993,-0.87,1.05,6,0,0
"Wheeler, Zack",2019-04-17,2019,2,12,4,96.2,2257,-0.7,1.53,6.6,2,1
"Gausman, Kevin",2019-04-17,2019,2,8,2,93,2022,-0.71,1.23,6.1,0,1
"Gausman, Kevin",2019-04-17,2019,2,8,1,92.2,1996,-0.88,1.17,6.2,0,0
"Gausman, Kevin",2019-04-17,2019,1,3,4,96.4,2354,-1.07,1.25,6.1,1,2
"Gausman, Kevin",2019-04-17,2019,1,3,2,92.6,2220,-0.85,1.24,6.1,1,0
"Wheeler, Zack",2019-04-17,2019,1,6,3,97.7,2455,-0.98,1.41,6.6,1,1
"Gausman, Kevin",2019-04-17,2019,1,3,1,94,2025,-0.97,0.98,6.2,0,0
"Gausman, Kevin",2019-04-17,2019,1,2,3,93.8,2258,-0.79,1.41,6.4,1,1
"Alcantara, Sandy",2019-04-17,2019,1,2,2,95.2,2159,-0.68,1.14,5.8,1,0
"Alcantara, Sandy",2019-04-17,2019,1,2,1,96,2259,-0.61,1.41,5.8,0,0
"Gausman, Kevin",2019-04-17,2019,1,2,2,94.8,2346,-0.84,1.52,6.1,0,1
"Gausman, Kevin",2019-04-17,2019,1,2,1,93.2,2140,-1.08,1.08,6.2,0,0
"Gausman, Kevin",2019-04-17,2019,1,1,2,94.6,2220,-0.97,1.14,6,0,1
"Alcantara, Sandy",2019-04-17,2019,1,1,2,93.5,2331,-0.8,1.48,5.4,1,0
"Alcantara, Sandy",2019-04-17,2019,1,1,1,94,2269,-0.78,1.37,5.4,0,0
"Gausman, Kevin",2019-04-17,2019,1,1,1,92.2,2142,-0.96,1.02,6.1,0,0
"Wheeler, Zack",2019-04-17,2019,1,4,1,96.3,2285,-1.04,1.28,6.4,0,0
"Cole, Gerrit",2019-04-14,2019,6,45,6,98.1,2526,-0.99,1.52,6.1,3,2
"Cole, Gerrit",2019-04-14,2019,6,45,5,97.9,2528,-0.59,1.62,6.6,3,1
"Cole, Gerrit",2019-04-14,2019,6,45,1,95.7,2397,-0.91,1.34,6.1,0,0
"Cole, Gerrit",2019-04-14,2019,6,44,2,94.4,2323,-0.63,1.61,6,1,0
"Cole, Gerrit",2019-04-14,2019,6,43,6,97.5,2519,-0.77,1.63,6,3,2
"Cole, Gerrit",2019-04-14,2019,6,43,5,96.5,2438,-0.86,1.44,6,3,1
"Cole, Gerrit",2019-04-14,2019,6,43,4,95.6,2370,-0.68,1.35,6.1,2,1
"Cole, Gerrit",2019-04-14,2019,6,43,1,94.8,2451,-0.57,1.49,5.9,0,0
"Cole, Gerrit",2019-04-14,2019,5,35,6,98.5,2405,-0.79,1.51,6.2,3,2
"Cole, Gerrit",2019-04-14,2019,5,35,5,97.9,2360,-0.69,1.46,6.2,3,1
"Cole, Gerrit",2019-04-14,2019,5,35,3,96.3,2420,-0.82,1.6,6.3,2,0
"Cole, Gerrit",2019-04-14,2019,5,35,1,94.3,2597,-0.86,1.69,6,0,0
"Cole, Gerrit",2019-04-14,2019,5,34,2,95.5,2419,-0.96,1.47,6,1,0
"Cole, Gerrit",2019-04-14,2019,5,33,1,94.9,2501,-1.11,1.49,6.5,0,0
"Cole, Gerrit",2019-04-14,2019,4,29,4,97.2,2342,-0.66,1.49,6.4,0,2
"Cole, Gerrit",2019-04-14,2019,4,29,3,97.8,2453,-0.86,1.52,6.1,0,2
"Cole, Gerrit",2019-04-14,2019,4,28,6,97.8,2479,-0.8,1.58,6,2,2
"Cole, Gerrit",2019-04-14,2019,4,28,5,97.2,2471,-0.7,1.57,6.1,2,2
"Cole, Gerrit",2019-04-14,2019,4,28,3,97,2604,-1,1.59,6.2,1,1
"Cole, Gerrit",2019-04-14,2019,4,27,8,97.5,2507,-0.74,1.77,6.2,3,2
"Cole, Gerrit",2019-04-14,2019,4,27,4,96.7,2597,-0.89,1.49,6.2,1,2
"Cole, Gerrit",2019-04-14,2019,4,27,2,96,2578,-0.75,1.56,6.2,1,0
"Cole, Gerrit",2019-04-14,2019,4,27,1,94.9,2580,-0.81,1.55,6.1,0,0
"Cole, Gerrit",2019-04-14,2019,3,23,5,98.1,2540,-0.79,1.65,6.3,2,2
"Cole, Gerrit",2019-04-14,2019,3,23,2,96.8,2408,-0.95,1.54,5.9,1,0
"Cole, Gerrit",2019-04-14,2019,3,22,3,97.4,2472,-0.74,1.62,6,2,0
"Cole, Gerrit",2019-04-14,2019,3,22,2,96.4,2400,-0.68,1.57,6.1,1,0
"Cole, Gerrit",2019-04-14,2019,3,22,1,96.1,2370,-0.32,1.6,6,0,0
"Cole, Gerrit",2019-04-14,2019,3,20,4,95.9,2457,-1.05,1.48,6,1,2
"Cole, Gerrit",2019-04-14,2019,3,20,3,96,2458,-0.86,1.69,6.1,0,2
"Cole, Gerrit",2019-04-14,2019,3,20,1,95,2510,-0.85,1.74,6.1,0,0
"Cole, Gerrit",2019-04-14,2019,3,19,3,95,2478,-0.97,1.43,6,1,1
"Cole, Gerrit",2019-04-14,2019,3,19,2,95.1,2596,-1.03,1.66,5.8,0,1
"Cole, Gerrit",2019-04-14,2019,3,19,1,94.6,2585,-0.92,1.61,6,0,0
"Cole, Gerrit",2019-04-14,2019,2,14,7,98.6,2477,-1,1.26,6.2,3,2
"Cole, Gerrit",2019-04-14,2019,2,14,6,97.5,2498,-0.69,1.52,6.5,3,2
"Cole, Gerrit",2019-04-14,2019,2,14,5,96.7,2439,-1.12,1.48,6.3,3,1
"Cole, Gerrit",2019-04-14,2019,2,14,4,95.4,2383,-1.02,1.6,6,2,1
"Cole, Gerrit",2019-04-14,2019,2,14,2,95.3,2425,-1.04,1.28,6.3,0,1
"Cole, Gerrit",2019-04-14,2019,2,14,1,95.2,2469,-1.07,1.27,6.4,0,0
"Cole, Gerrit",2019-04-14,2019,2,13,3,95.2,2372,-0.91,1.44,6.4,1,1
"Cole, Gerrit",2019-04-14,2019,2,13,1,93.5,2513,-0.9,1.53,6,0,0
"Cole, Gerrit",2019-04-14,2019,2,12,6,96.2,2355,-0.81,1.33,6.3,3,2
"Cole, Gerrit",2019-04-14,2019,2,12,5,95.3,2329,-0.8,1.42,6,3,1
"Cole, Gerrit",2019-04-14,2019,2,12,3,93.3,2377,-0.61,1.42,6.2,1,1
"Cole, Gerrit",2019-04-14,2019,2,12,1,92,2439,-0.81,1.51,5.9,0,0
"Cole, Gerrit",2019-04-14,2019,1,7,2,93.6,2347,-0.8,1.47,5.7,1,0
"Cole, Gerrit",2019-04-14,2019,1,6,2,94.3,2357,-0.79,1.62,6.1,0,1
"Cole, Gerrit",2019-04-14,2019,1,6,1,93.5,2387,-0.79,1.53,5.9,0,0
"Cole, Gerrit",2019-04-14,2019,1,5,3,95.1,2441,-0.75,1.77,6.2,0,2
"Cole, Gerrit",2019-04-14,2019,1,5,1,93.4,2321,-0.7,1.58,5.9,0,0
"Cole, Gerrit",2019-04-14,2019,1,4,2,93.5,2435,-0.89,1.6,5.8,0,1
"Cole, Gerrit",2019-04-14,2019,1,4,1,93.2,2498,-0.96,1.55,6.1,0,0
"Wheeler, Zack",2019-04-12,2019,6,58,3,97.5,2351,-0.71,1.32,6.8,1,1
"Wheeler, Zack",2019-04-12,2019,6,55,8,98.3,2369,-0.82,1.06,6.6,3,2
"Wheeler, Zack",2019-04-12,2019,6,55,7,98.7,2251,-0.8,1.07,6.3,3,2
"Alcantara, Sandy",2019-04-12,2019,5,43,3,92.7,2203,-0.56,1.24,5.7,1,1
"Alcantara, Sandy",2019-04-12,2019,5,43,2,94.8,2382,-0.68,1.48,5.8,0,1
"Alcantara, Sandy",2019-04-12,2019,5,43,1,93.5,2326,-0.65,1.5,5.7,0,0
"Wheeler, Zack",2019-04-12,2019,5,51,4,97.9,2422,-0.87,1.11,6.7,1,2
"Wheeler, Zack",2019-04-12,2019,5,51,1,97.8,2342,-0.83,1.05,6.6,0,0
"Alcantara, Sandy",2019-04-12,2019,5,41,3,93.9,2309,-0.63,1.28,5.5,1,1
"Alcantara, Sandy",2019-04-12,2019,5,41,2,93.6,2263,-0.44,1.48,6.2,0,1
"Wheeler, Zack",2019-04-12,2019,5,50,1,98.3,2349,-0.89,1.14,6.7,0,0
"Wheeler, Zack",2019-04-12,2019,5,49,4,98,2402,-0.91,1.15,6.6,3,0
"Alcantara, Sandy",2019-04-12,2019,5,39,4,95.3,2148,-0.75,1.28,5.6,1,2
"Wheeler, Zack",2019-04-12,2019,5,48,5,99.2,2302,-0.93,1.18,6.5,2,2
"Wheeler, Zack",2019-04-12,2019,5,48,2,97.8,2290,-0.7,1.43,6.3,1,0
"Wheeler, Zack",2019-04-12,2019,5,48,1,97.3,2194,-0.7,1.38,6.3,0,0
"Alcantara, Sandy",2019-04-12,2019,4,33,2,94.7,2261,-0.64,1.43,5.9,0,1
"Alcantara, Sandy",2019-04-12,2019,4,33,1,95.2,2338,-0.87,1.4,5.8,0,0
"Alcantara, Sandy",2019-04-12,2019,4,32,2,96.6,2426,-0.61,1.37,5.7,1,0
"Wheeler, Zack",2019-04-12,2019,4,40,3,97,2321,-0.79,1.1,6.7,1,1
"Alcantara, Sandy",2019-04-12,2019,4,31,1,94.5,2157,-0.82,1.22,5.6,0,0
"Alcantara, Sandy",2019-04-12,2019,3,25,4,94,2318,-0.72,1.49,5.8,2,1
"Alcantara, Sandy",2019-04-12,2019,3,25,3,93.3,2280,-0.79,1.34,5.8,2,0
"Alcantara, Sandy",2019-04-12,2019,3,25,2,94,2327,-0.82,1.41,5.6,1,0
"Alcantara, Sandy",2019-04-12,2019,3,25,1,94.9,2309,-0.64,1.49,5.8,0,0
"Wheeler, Zack",2019-04-12,2019,4,39,2,96.1,2339,-0.76,1.24,6.7,0,1
"Wheeler, Zack",2019-04-12,2019,3,28,5,99.4,2472,-0.98,1.33,6.6,1,2
"Wheeler, Zack",2019-04-12,2019,3,28,2,98.7,2363,-0.84,1.23,6.7,1,0
"Alcantara, Sandy",2019-04-12,2019,3,19,2,94.7,2388,-0.73,1.35,5.8,0,1
"Alcantara, Sandy",2019-04-12,2019,3,19,1,96,2286,-0.85,1.2,5.9,0,0
"Alcantara, Sandy",2019-04-12,2019,3,17,3,95.8,2406,-0.8,1.54,5.7,1,1
"Wheeler, Zack",2019-04-12,2019,2,19,1,98.7,2366,-0.64,1.34,6.3,0,0
"Alcantara, Sandy",2019-04-12,2019,3,16,5,93.4,2356,-0.8,1.52,5.7,3,1
"Alcantara, Sandy",2019-04-12,2019,3,16,4,94,2229,-0.74,1.44,5.6,3,0
"Wheeler, Zack",2019-04-12,2019,2,18,4,98.9,2384,-0.67,1.2,6.8,2,1
"Alcantara, Sandy",2019-04-12,2019,3,16,3,93.6,2259,-0.64,1.44,5.9,2,0
"Wheeler, Zack",2019-04-12,2019,2,18,3,99.6,2407,-0.71,1.29,6.6,1,1
"Alcantara, Sandy",2019-04-12,2019,3,16,2,93.8,2266,-0.81,1.4,5.6,1,0
"Alcantara, Sandy",2019-04-12,2019,3,16,1,95.1,2274,-0.64,1.38,5.9,0,0
"Wheeler, Zack",2019-04-12,2019,2,18,1,98.9,2201,-0.66,1.26,6.6,0,0
"Alcantara, Sandy",2019-04-12,2019,2,12,5,97.7,2368,-0.71,1.25,5.6,2,2
"Alcantara, Sandy",2019-04-12,2019,2,12,3,96.4,2289,-0.74,1.22,5.7,1,1
"Wheeler, Zack",2019-04-12,2019,2,17,4,99,2266,-0.8,1.22,6.7,1,2
"Wheeler, Zack",2019-04-12,2019,2,17,2,97.7,2331,-0.82,1.14,6.9,1,0
"Wheeler, Zack",2019-04-12,2019,2,17,1,98,2184,-1.02,1.28,6.9,0,0
"Wheeler, Zack",2019-04-12,2019,1,10,4,99.4,2440,-0.89,1.23,6.6,1,2
"Alcantara, Sandy",2019-04-12,2019,2,10,3,96.1,2066,-0.79,1.06,5.5,0,2
"Alcantara, Sandy",2019-04-12,2019,2,10,2,94.9,2233,-0.77,1.31,5.5,0,1
"Wheeler, Zack",2019-04-12,2019,1,9,1,99.4,2456,-0.73,1.18,7,0,0
"Wheeler, Zack",2019-04-12,2019,1,8,6,98.4,2359,-0.88,1.07,6.9,3,2
"Wheeler, Zack",2019-04-12,2019,1,8,5,98.5,2459,-0.88,1.19,6.7,3,1
"Wheeler, Zack",2019-04-12,2019,1,8,4,98.2,2498,-0.79,1.33,6.8,2,1
"Wheeler, Zack",2019-04-12,2019,1,8,3,99.6,2467,-0.87,1.07,6.8,2,0
"Alcantara, Sandy",2019-04-12,2019,1,4,3,96.2,2226,-0.67,1.33,5.6,0,2
"Alcantara, Sandy",2019-04-12,2019,1,4,2,94.9,2125,-0.34,1.45,6,0,1
"Wheeler, Zack",2019-04-12,2019,1,7,4,98.8,2425,-0.86,1.26,6.4,3,0
"Alcantara, Sandy",2019-04-12,2019,1,3,3,95.3,2237,-0.45,1.51,5.7,1,1
"Wheeler, Zack",2019-04-12,2019,1,7,3,99.1,2449,-0.87,1.23,6.7,2,0
"Alcantara, Sandy",2019-04-12,2019,1,3,2,95.5,2361,-0.51,1.36,5.7,0,1
"Wheeler, Zack",2019-04-12,2019,1,7,1,100,2460,-0.87,1.34,6.8,0,0
"Wheeler, Zack",2019-04-12,2019,1,6,5,100.6,2373,-1.02,1.22,6.7,1,2
"Alcantara, Sandy",2019-04-12,2019,1,2,4,96.7,2274,-0.76,1.37,5.5,1,2
"Alcantara, Sandy",2019-04-12,2019,1,2,1,95.5,2273,-0.91,1.21,5.9,0,0
"Alcantara, Sandy",2019-04-12,2019,1,1,5,96.1,2321,-0.75,1.26,5.9,3,1
"Alcantara, Sandy",2019-04-12,2019,1,1,4,96.4,2275,-0.88,1.32,5.9,2,1
"Wheeler, Zack",2019-04-12,2019,1,5,3,98.5,2399,-0.86,1.33,6.5,1,1
"Wheeler, Zack",2019-04-12,2019,1,5,2,97.5,2225,-1.06,1.39,6.7,1,0
"Alcantara, Sandy",2019-04-12,2019,1,1,2,96.6,2272,-0.68,1.17,6,0,1
"Wheeler, Zack",2019-04-12,2019,1,5,1,97.6,2349,-0.97,1.2,6.5,0,0
"Alcantara, Sandy",2019-04-12,2019,1,1,1,95.8,2311,-0.67,1.25,5.6,0,0
"Gausman, Kevin",2019-04-11,2019,6,43,7,94,2374,-0.97,1.18,6.3,3,2
"Gausman, Kevin",2019-04-11,2019,6,43,6,95.2,2302,-0.86,1.19,6.2,2,2
"Gausman, Kevin",2019-04-11,2019,6,43,5,95.3,2353,-0.92,1.33,6.1,2,2
"Gausman, Kevin",2019-04-11,2019,6,43,3,94.5,2396,-0.84,1.46,6.2,1,1
"Gausman, Kevin",2019-04-11,2019,6,42,10,96.2,2349,-1.09,1.38,6.4,3,2
"Gausman, Kevin",2019-04-11,2019,6,42,9,96.6,2360,-0.84,1.38,6,3,2
"Gausman, Kevin",2019-04-11,2019,6,42,3,96.5,2335,-1.07,1.33,6.2,0,2
"Gausman, Kevin",2019-04-11,2019,6,42,2,94.2,2259,-0.87,1.14,6,0,1
"Gausman, Kevin",2019-04-11,2019,6,41,3,94,2407,-0.96,1.55,6,1,1
"Gausman, Kevin",2019-04-11,2019,6,41,2,94.8,2423,-0.88,1.53,5.8,0,1
"Gausman, Kevin",2019-04-11,2019,6,41,1,91.7,2160,-0.93,1.44,5.9,0,0
"Gausman, Kevin",2019-04-11,2019,6,40,3,93.8,2340,-0.99,1.42,5.8,1,1
"Gausman, Kevin",2019-04-11,2019,5,36,3,97.2,2479,-1.03,1.34,6.2,0,2
"Gausman, Kevin",2019-04-11,2019,5,36,2,95.9,2515,-1,1.41,6.2,0,1
"Gausman, Kevin",2019-04-11,2019,5,36,1,94.6,2374,-0.82,1.39,5.8,0,0
"Gausman, Kevin",2019-04-11,2019,5,35,3,94,2346,-0.9,1.41,6.1,1,1
"Gausman, Kevin",2019-04-11,2019,5,35,2,93.8,2334,-0.97,1.59,6,1,0
"Gausman, Kevin",2019-04-11,2019,5,34,1,88.2,2172,-1.04,1.33,6.2,0,0
"Gausman, Kevin",2019-04-11,2019,4,29,4,94.8,2284,-0.85,1.4,6,2,1
"Gausman, Kevin",2019-04-11,2019,4,29,3,94.7,2332,-1.1,1.28,5.9,2,0
"Gausman, Kevin",2019-04-11,2019,4,28,5,94.8,2232,-0.6,1.57,6.2,2,2
"Gausman, Kevin",2019-04-11,2019,4,28,1,91.9,2100,-0.75,1.19,6.2,0,0
"Gausman, Kevin",2019-04-11,2019,4,27,2,91.1,2112,-0.76,1.21,6.1,1,0
"Gausman, Kevin",2019-04-11,2019,3,23,1,92.8,2314,-0.91,1.51,6.2,0,0
"Gausman, Kevin",2019-04-11,2019,3,22,6,94,2331,-1.02,1.33,6.2,2,2
"Gausman, Kevin",2019-04-11,2019,3,22,3,94.2,2465,-0.74,1.57,6.2,1,1
"Gausman, Kevin",2019-04-11,2019,3,22,2,94.3,2385,-0.73,1.34,6.2,0,1
"Gausman, Kevin",2019-04-11,2019,3,21,9,95.9,2414,-0.89,1.26,6.1,3,2
"Gausman, Kevin",2019-04-11,2019,3,21,5,96.3,2533,-0.84,1.38,6.4,2,2
"Gausman, Kevin",2019-04-11,2019,3,21,4,94.6,2402,-0.82,1.52,5.8,2,1
"Gausman, Kevin",2019-04-11,2019,3,21,3,93.5,2090,-0.57,1.27,5.9,2,0
"Gausman, Kevin",2019-04-11,2019,3,21,2,90.8,2222,-0.68,1.41,6.5,1,0
"Gausman, Kevin",2019-04-11,2019,2,14,6,93.4,2247,-0.91,1.07,6,2,2
"Alcantara, Sandy",2019-04-24,2019,5,41,6,95.2,2307,-0.59,1.08,5.8,2,2
"Alcantara, Sandy",2019-04-24,2019,5,41,5,97,2361,-0.71,1.22,5.9,2,2
"Alcantara, Sandy",2019-04-24,2019,5,41,4,94.4,2323,-0.88,1.27,6.2,2,1
"Alcantara, Sandy",2019-04-24,2019,5,39,1,92,2274,-0.58,1.31,5.5,0,0
"Alcantara, Sandy",2019-04-24,2019,5,38,3,92.1,2335,-0.27,1.41,5.9,1,1
"Alcantara, Sandy",2019-04-24,2019,5,37,7,94.8,2226,-0.49,1.05,5.6,3,2
"Alcantara, Sandy",2019-04-24,2019,5,37,6,94.3,2421,-0.46,1.3,5.5,3,2
"Alcantara, Sandy",2019-04-24,2019,5,37,5,95.7,2435,-0.38,1.2,6.1,2,2
"Alcantara, Sandy",2019-04-24,2019,5,37,2,93,2206,-0.56,1.33,5.7,1,0
"Alcantara, Sandy",2019-04-24,2019,5,37,1,92.4,2195,-0.5,1.3,5.7,0,0
"Alcantara, Sandy",2019-04-24,2019,4,30,1,95,2249,-0.67,1.18,5.8,0,0
"Alcantara, Sandy",2019-04-24,2019,4,29,4,96.6,2398,-0.68,1.21,5.8,1,2
"Alcantara, Sandy",2019-04-24,2019,3,21,3,95.1,2411,-0.69,1.52,5.9,1,1
"Alcantara, Sandy",2019-04-24,2019,3,20,3,97.6,2354,-0.4,1.49,5.4,0,2
"Alcantara, Sandy",2019-04-24,2019,2,14,6,95.1,2281,-0.51,1.13,5.6,3,2
"Alcantara, Sandy",2019-04-24,2019,2,14,4,92.9,2385,-0.26,1.24,5.6,2,1
"Alcantara, Sandy",2019-04-24,2019,1,5,4,95.5,2278,-0.72,1.3,5.8,1,2
"Alcantara, Sandy",2019-04-24,2019,1,5,3,94.1,2264,-0.99,1.42,5.6,1,1
"Alcantara, Sandy",2019-04-24,2019,1,4,4,94.7,2347,-0.99,1.38,5.5,1,2
"Wheeler, Zack",2019-04-23,2019,7,58,1,95.4,2313,-0.82,1.38,6.8,0,0
"Wheeler, Zack",2019-04-23,2019,7,56,3,97.1,2327,-0.87,1.28,6.9,0,2
"Wheeler, Zack",2019-04-23,2019,6,48,3,97.1,2360,-1.06,1.24,6.6,1,1
"Wheeler, Zack",2019-04-23,2019,6,48,2,97.4,2473,-0.92,1.37,6.6,0,1
"Wheeler, Zack",2019-04-23,2019,6,47,2,98.3,2355,-0.85,1.46,6.8,0,1
"Gausman, Kevin",2019-04-23,2019,6,52,1,91,1697,-0.81,0.95,6.3,0,0
"Gausman, Kevin",2019-04-23,2019,6,51,1,92.2,2041,-0.75,1.35,6.1,0,0
"Gausman, Kevin",2019-04-23,2019,6,50,1,93.2,2159,-1.04,1.35,6.6,0,0
"Gausman, Kevin",2019-04-23,2019,6,49,5,94,2213,-1.05,1.33,6.1,2,2
"Gausman, Kevin",2019-04-23,2019,6,49,3,92.3,2131,-1.01,1.36,6.1,1,1
"Wheeler, Zack",2019-04-23,2019,5,37,5,98.7,2494,-0.96,1.32,6.6,1,2
"Gausman, Kevin",2019-04-23,2019,6,49,2,91.3,2127,-0.83,1.48,6.1,1,0
"Wheeler, Zack",2019-04-23,2019,5,37,4,98.2,2439,-0.96,1.32,6.6,0,2
"Gausman, Kevin",2019-04-23,2019,6,49,1,88.6,1907,-0.7,1.37,6,0,0
"Gausman, Kevin",2019-04-23,2019,5,41,2,92.7,2215,-1.26,1.36,6.2,0,1
"Gausman, Kevin",2019-04-23,2019,5,41,1,92.9,2255,-0.86,1.58,6,0,0
"Gausman, Kevin",2019-04-23,2019,5,40,2,93,2202,-1.21,1.24,6.1,1,0
"Gausman, Kevin",2019-04-23,2019,5,40,1,92,2143,-0.66,1.55,6,0,0
"Gausman, Kevin",2019-04-23,2019,5,39,3,94.4,2269,-1.28,1.32,6.2,0,2
"Gausman, Kevin",2019-04-23,2019,5,39,2,92.7,2235,-0.92,1.32,6,0,1
"Wheeler, Zack",2019-04-23,2019,5,35,3,98.5,2339,-0.78,1.16,6.8,1,1
"Gausman, Kevin",2019-04-23,2019,4,34,4,96.4,2404,-1.15,1.53,6.2,1,2
"Gausman, Kevin",2019-04-23,2019,4,34,3,94.9,2355,-0.95,1.74,6,1,1
"Wheeler, Zack",2019-04-23,2019,4,30,2,97.8,2422,-0.98,1.14,6.9,1,0
"Gausman, Kevin",2019-04-23,2019,4,33,5,94.5,2298,-0.92,1.48,6.2,3,1
"Gausman, Kevin",2019-04-23,2019,4,33,4,93.3,2301,-0.83,1.53,6.4,3,0
"Wheeler, Zack",2019-04-23,2019,4,28,2,98.3,2279,-1.1,1.32,6.7,0,1
"Gausman, Kevin",2019-04-23,2019,4,33,2,93.6,2339,-0.91,1.49,6.2,1,0
"Gausman, Kevin",2019-04-23,2019,4,33,1,92.2,2200,-0.73,1.51,6.2,0,0
"Gausman, Kevin",2019-04-23,2019,4,32,2,92.6,2176,-0.81,1.45,6.3,0,1
"Wheeler, Zack",2019-04-23,2019,4,27,4,98.4,2486,-0.94,1.31,6.5,1,2
"Wheeler, Zack",2019-04-23,2019,4,27,2,98.2,2265,-0.87,1.1,6.7,0,1
"Gausman, Kevin",2019-04-23,2019,4,30,2,92.1,2245,-1.09,1.36,5.8,0,1
"Gausman, Kevin",2019-04-23,2019,4,29,2,88.9,2139,-0.93,1.61,5.9,1,0
"Wheeler, Zack",2019-04-23,2019,3,22,3,98.3,2533,-0.48,1.44,6.8,1,1
"Gausman, Kevin",2019-04-23,2019,3,24,4,95.6,2370,-0.87,1.5,6.1,1,2
"Gausman, Kevin",2019-04-23,2019,3,24,3,93.8,2332,-1.19,1.04,6.1,1,1
"Wheeler, Zack",2019-04-23,2019,3,21,5,98.8,2393,-0.78,1.07,7.2,3,1
"Gausman, Kevin",2019-04-23,2019,3,24,1,93.2,2304,-0.82,1.32,6.3,0,0
"Gausman, Kevin",2019-04-23,2019,3,23,4,95.5,2272,-0.93,1.33,6.1,1,2
"Wheeler, Zack",2019-04-23,2019,3,21,3,98.3,2549,-0.88,1.18,6.8,2,0
"Wheeler, Zack",2019-04-23,2019,3,21,2,98.9,2472,-0.9,1.3,6.8,1,0
"Gausman, Kevin",2019-04-23,2019,3,23,3,93.7,2285,-1.23,1.27,6.4,1,1
"Gausman, Kevin",2019-04-23,2019,3,23,2,93.2,2286,-1.03,1.31,6.3,1,0
"Wheeler, Zack",2019-04-23,2019,3,20,3,97.8,2439,-0.86,1.38,6.9,0,2
"Gausman, Kevin",2019-04-23,2019,3,22,4,91.9,2331,-1.17,1.43,6.1,3,0
"Gausman, Kevin",2019-04-23,2019,3,22,3,91.4,2312,-1.18,1.42,6.3,2,0
"Gausman, Kevin",2019-04-23,2019,3,22,2,91.2,2227,-0.85,1.5,6.5,1,0
"Wheeler, Zack",2019-04-23,2019,2,12,8,98.2,2395,-0.88,1.47,6.5,2,2
"Gausman, Kevin",2019-04-23,2019,3,22,1,93.1,2302,-1.13,1.55,6.1,0,0
"Gausman, Kevin",2019-04-23,2019,3,21,1,92.7,2226,-1.04,1.31,6,0,0
"Wheeler, Zack",2019-04-23,2019,2,12,6,98.1,2547,-0.86,1.17,6.8,2,2
"Gausman, Kevin",2019-04-23,2019,3,20,3,91.7,2274,-1.04,1.21,6,2,0
"Gausman, Kevin",2019-04-23,2019,3,20,2,89.4,1993,-0.92,1.32,6.5,1,0
"Wheeler, Zack",2019-04-23,2019,2,12,4,98.3,2426,-0.75,1.32,6.9,1,2
"Gausman, Kevin",2019-04-23,2019,3,20,1,89.5,2011,-0.99,1.21,6.3,0,0
"Wheeler, Zack",2019-04-23,2019,2,12,2,97.3,2524,-0.78,1.35,6.9,1,0
"Gausman, Kevin",2019-04-23,2019,2,15,7,94.5,2285,-0.93,1.31,6.5,3,2
"Wheeler, Zack",2019-04-23,2019,2,12,1,98.4,2441,-1.02,1.27,6.6,0,0
"Gausman, Kevin",2019-04-23,2019,2,15,5,94.2,2328,-0.86,1.37,6.6,2,2
"Wheeler, Zack",2019-04-23,2019,2,11,4,98.8,2484,-0.8,1.33,6.9,0,2
"Wheeler, Zack",2019-04-23,2019,2,11,3,98.7,2361,-1.03,1.34,6.5,0,2
"Gausman, Kevin",2019-04-23,2019,2,15,2,93,2286,-0.87,1.37,6.1,0,1
"Gausman, Kevin",2019-04-23,2019,2,15,1,92.8,2261,-0.58,1.45,6.1,0,0
"Wheeler, Zack",2019-04-23,2019,2,11,1,97.5,2314,-0.8,1.23,7.1,0,0
"Gausman, Kevin",2019-04-23,2019,2,14,1,90.8,2193,-0.89,1.33,6.3,0,0
"Gausman, Kevin",2019-04-23,2019,2,13,2,90.8,2166,-1,1.26,6.1,0,1
"Wheeler, Zack",2019-04-23,2019,2,9,2,97.9,2426,-1,1.25,6.8,0,1
"Wheeler, Zack",2019-04-23,2019,2,9,1,97.5,2387,-1.08,1.36,6.6,0,0
"Gausman, Kevin",2019-04-23,2019,2,13,1,89.2,2015,-1.08,1.13,6,0,0
"Gausman, Kevin",2019-04-23,2019,2,12,1,88.4,1966,-0.91,1.32,6,0,0
"Wheeler, Zack",2019-04-23,2019,1,4,3,99,2481,-0.89,1.21,6.7,1,1
"Gausman, Kevin",2019-04-23,2019,1,8,7,93.1,2201,-1.03,1.22,6.3,3,2
"Gausman, Kevin",2019-04-23,2019,1,8,6,91,2123,-0.93,1.33,6,3,2
"Gausman, Kevin",2019-04-23,2019,1,8,5,91.6,2225,-0.86,1.5,6,3,1
"Wheeler, Zack",2019-04-23,2019,1,4,1,98.9,2337,-1.01,1.28,6.9,0,0
"Gausman, Kevin",2019-04-23,2019,1,8,3,91.2,2209,-0.93,1.22,6.3,1,1
"Wheeler, Zack",2019-04-23,2019,1,3,4,98.7,2365,-1.11,1.34,6.6,2,1
"Gausman, Kevin",2019-04-23,2019,1,8,2,91.5,2267,-0.76,1.47,6.1,0,1
"Gausman, Kevin",2019-04-23,2019,1,8,1,92,2270,-0.9,1.37,6.1,0,0
"Gausman, Kevin",2019-04-23,2019,1,7,1,91.9,2142,-0.86,1.23,6.2,0,0
"Wheeler, Zack",2019-04-23,2019,1,2,5,99.6,2482,-0.99,1.31,6.6,1,2
"Gausman, Kevin",2019-04-23,2019,1,5,4,93.2,2257,-0.42,1.34,6.4,1,2
"Gausman, Kevin",2019-04-23,2019,1,5,3,93.8,2310,-1.07,1.31,6.2,0,2
"Gausman, Kevin",2019-04-23,2019,1,5,2,92.2,2235,-1.06,1.31,6.2,0,1
"Gausman, Kevin",2019-04-23,2019,1,5,1,92.1,2176,-0.88,1.36,6.4,0,0
"Wheeler, Zack",2019-04-23,2019,1,2,1,99.1,2400,-0.92,1.26,6.6,0,0
"Gausman, Kevin",2019-04-23,2019,1,4,7,91.6,2177,-0.97,1.32,6.3,3,2
"Wheeler, Zack",2019-04-23,2019,1,1,6,98.8,2364,-1.04,1.36,6.7,3,2
"Gausman, Kevin",2019-04-23,2019,1,4,6,91.5,2196,-1.14,1.38,6.1,2,2
"Wheeler, Zack",2019-04-23,2019,1,1,5,98.7,2434,-0.95,1.35,6.9,3,1
"Gausman, Kevin",2019-04-23,2019,1,4,5,90.6,2168,-0.99,1.13,6,2,2
"Wheeler, Zack",2019-04-23,2019,1,1,4,97.9,2375,-0.63,1.41,6.6,2,1
"Wheeler, Zack",2019-04-23,2019,1,1,3,97.9,2236,-0.93,1.26,6.6,1,1
"Wheeler, Zack",2019-04-23,2019,1,1,2,97.6,2316,-0.71,1.33,6.5,1,0
"Wheeler, Zack",2019-04-23,2019,1,1,1,97.8,2363,-0.98,1.27,6.8,0,0
"Gausman, Kevin",2019-04-23,2019,1,4,1,88.1,1937,-0.9,1.14,5.7,0,0
"Cole, Gerrit",2019-04-20,2019,5,46,6,97.7,2689,-0.84,1.45,6.6,3,2
"Cole, Gerrit",2019-04-20,2019,5,46,5,96.8,2575,-0.55,1.52,6.2,3,1
"Cole, Gerrit",2019-04-20,2019,5,46,4,96.7,2425,-0.65,1.55,6.1,3,0
"Cole, Gerrit",2019-04-20,2019,5,46,3,96.2,2553,-0.61,1.47,6.4,2,0
"Cole, Gerrit",2019-04-20,2019,5,46,1,97.3,2638,-0.74,1.49,6.2,0,0
"Cole, Gerrit",2019-04-20,2019,5,45,5,96.8,2573,-0.64,1.49,6.6,3,1
"Cole, Gerrit",2019-04-20,2019,5,45,4,96.1,2587,-0.82,1.36,6.5,2,1
"Cole, Gerrit",2019-04-20,2019,5,45,1,96.3,2605,-0.92,1.43,6.3,0,0
"Cole, Gerrit",2019-04-20,2019,5,44,2,96.8,2647,-1,1.5,6.3,0,1
"Cole, Gerrit",2019-04-20,2019,5,44,1,95.7,2643,-0.9,1.56,6.2,0,0
"Cole, Gerrit",2019-04-20,2019,5,43,3,96.7,2563,-1.03,1.62,6.1,0,2
"Cole, Gerrit",2019-04-20,2019,5,43,2,96.3,2601,-0.89,1.58,6.2,0,1
"Cole, Gerrit",2019-04-20,2019,5,43,1,96,2613,-0.83,1.56,6.5,0,0
"Cole, Gerrit",2019-04-20,2019,4,36,2,98.3,2640,-0.84,1.64,6.4,0,1
"Cole, Gerrit",2019-04-20,2019,4,35,1,97.3,2539,-0.79,1.55,6.3,0,0
"Cole, Gerrit",2019-04-20,2019,4,34,3,99.4,2747,-0.79,1.63,6.2,0,2
"Cole, Gerrit",2019-04-20,2019,4,33,2,95.6,2505,-0.95,1.56,6.1,0,1
"Cole, Gerrit",2019-04-20,2019,4,33,1,96,2668,-0.75,1.53,6.2,0,0
"Cole, Gerrit",2019-04-20,2019,3,28,3,98.2,2580,-0.78,1.45,6.2,0,2
"Cole, Gerrit",2019-04-20,2019,3,28,1,97,2602,-0.9,1.65,6.4,0,0
"Cole, Gerrit",2019-04-20,2019,3,27,5,98.5,2575,-0.83,1.44,6.6,2,2
"Cole, Gerrit",2019-04-20,2019,3,27,3,96.9,2526,-0.81,1.53,6.2,1,1
"Cole, Gerrit",2019-04-20,2019,3,26,1,97.6,2498,-0.74,1.46,6.2,0,0
"Cole, Gerrit",2019-04-20,2019,3,25,4,97.7,2652,-0.96,1.45,6.2,1,2
"Cole, Gerrit",2019-04-20,2019,3,25,1,92,2502,-0.91,1.71,6.4,0,0
"Cole, Gerrit",2019-04-20,2019,2,21,3,97.8,2484,-0.81,1.4,6.3,1,1
"Cole, Gerrit",2019-04-20,2019,2,21,1,97,2646,-0.97,1.48,6.3,0,0
"Cole, Gerrit",2019-04-20,2019,2,20,5,95.6,2329,-0.95,1.32,6,1,2
"Cole, Gerrit",2019-04-20,2019,2,20,1,97.1,2606,-0.71,1.78,6.4,0,0
"Cole, Gerrit",2019-04-20,2019,2,19,3,98.1,2732,-1.15,1.49,6.4,0,2
"Cole, Gerrit",2019-04-20,2019,2,19,2,96.3,2679,-0.99,1.46,6.4,0,1
"Cole, Gerrit",2019-04-20,2019,2,19,1,95.4,2610,-1.01,1.67,6.3,0,0
"Cole, Gerrit",2019-04-20,2019,1,14,2,98.1,2541,-1.08,1.44,6.1,1,0
"Cole, Gerrit",2019-04-20,2019,1,13,1,97.5,2722,-0.84,1.55,6.3,0,0
"Cole, Gerrit",2019-04-20,2019,1,12,2,96.6,2507,-0.7,1.57,6.2,1,0
"Cole, Gerrit",2019-04-20,2019,1,11,3,94.9,2447,-0.66,1.29,6.3,1,1
"Cole, Gerrit",2019-04-20,2019,1,11,1,97.9,2632,-0.66,1.29,6.1,0,0
"Cole, Gerrit",2019-04-20,2019,1,10,1,97.5,2552,-0.76,1.22,6.2,0,0
"Cole, Gerrit",2019-04-20,2019,1,9,5,99.6,2638,-0.98,1.46,6.5,2,2
"Cole, Gerrit",2019-04-20,2019,1,9,4,98,2577,-0.76,1.51,6.2,2,1
"Cole, Gerrit",2019-04-20,2019,1,9,2,97.3,2447,-0.52,1.18,6.3,0,1
"Cole, Gerrit",2019-04-20,2019,1,8,6,98.5,2717,-1.06,1.44,6.2,3,2
"Cole, Gerrit",2019-04-20,2019,1,7,10,99.2,2764,-0.98,1.76,6.5,3,2
"Cole, Gerrit",2019-04-20,2019,1,7,9,99.3,2686,-1.13,1.45,6.1,3,2
"Cole, Gerrit",2019-04-20,2019,1,7,3,97.4,2634,-0.66,1.45,6.4,1,1
"Cole, Gerrit",2019-04-20,2019,1,6,3,96.6,2541,-1.22,1.54,6.2,2,0
"Cole, Gerrit",2019-04-20,2019,1,6,1,95.8,2490,-1.03,1.76,6.2,0,0
"Cole, Gerrit",2019-04-20,2019,1,5,5,98.1,2498,-0.88,1.54,6.5,2,2
"Cole, Gerrit",2019-04-20,2019,1,5,4,97.3,2479,-1.02,1.56,6.3,2,1
"Cole, Gerrit",2019-04-20,2019,1,5,2,94.7,2595,-1.14,1.76,6,0,1
"Cole, Gerrit",2019-04-20,2019,1,5,1,95.6,2664,-1.23,1.85,6.3,0,0
"Cole, Gerrit",2019-04-30,2019,7,60,3,97,2605,-1.24,1.48,6.3,1,1
"Cole, Gerrit",2019-04-30,2019,7,59,3,96,2502,-0.96,1.56,6.2,0,2
"Cole, Gerrit",2019-04-30,2019,7,59,2,95.9,2530,-1.02,1.48,6.1,0,1
"Cole, Gerrit",2019-04-30,2019,7,58,3,96,2426,-1.1,1.55,6.7,1,1
"Alcantara, Sandy",2019-04-30,2019,6,50,2,94.6,2139,-0.54,0.9,6.2,0,1
"Alcantara, Sandy",2019-04-30,2019,6,50,1,94.5,2257,-0.61,1.33,5.6,0,0
"Cole, Gerrit",2019-04-30,2019,7,58,1,95.8,2578,-1.21,1.53,6.3,0,0
"Alcantara, Sandy",2019-04-30,2019,6,49,4,96.6,2292,-0.68,1.11,5.7,2,1
"Alcantara, Sandy",2019-04-30,2019,6,49,3,96.8,2244,-0.61,1.07,5.8,1,1
"Cole, Gerrit",2019-04-30,2019,6,54,4,98.1,2544,-0.94,1.62,6.3,2,1
"Alcantara, Sandy",2019-04-30,2019,6,49,2,94.7,2238,-0.7,1.11,5.9,1,0
"Cole, Gerrit",2019-04-30,2019,6,53,3,97.7,2500,-0.92,1.51,6.3,0,2
"Cole, Gerrit",2019-04-30,2019,6,53,1,96.3,2422,-0.78,1.59,6.3,0,0
"Alcantara, Sandy",2019-04-30,2019,5,44,2,95.4,2230,-0.56,1.23,5.7,1,0
"Cole, Gerrit",2019-04-30,2019,6,51,2,94.4,2410,-1.03,1.56,6.5,1,0
"Cole, Gerrit",2019-04-30,2019,6,51,1,95,2480,-1.13,1.53,6,0,0
"Cole, Gerrit",2019-04-30,2019,5,42,5,98.5,2616,-1.01,1.59,6.3,1,2
"Alcantara, Sandy",2019-04-30,2019,5,42,1,95.6,2233,-0.7,1.26,5.7,0,0
"Cole, Gerrit",2019-04-30,2019,5,42,3,97.1,2510,-1.01,1.55,6.7,1,1
"Cole, Gerrit",2019-04-30,2019,5,42,2,95.9,2546,-1.04,1.47,6.7,1,0
"Cole, Gerrit",2019-04-30,2019,5,41,7,98.2,2524,-0.57,1.42,6.3,3,2
"Alcantara, Sandy",2019-04-30,2019,4,36,3,96.1,2135,-0.32,1.19,5.7,1,1
"Cole, Gerrit",2019-04-30,2019,5,41,6,97.3,2483,-0.86,1.77,6.4,3,2
"Cole, Gerrit",2019-04-30,2019,5,41,4,95.1,2609,-0.8,1.83,6.4,2,1
"Cole, Gerrit",2019-04-30,2019,5,41,3,95.3,2641,-0.83,1.63,6.3,2,0
"Alcantara, Sandy",2019-04-30,2019,4,35,1,96.1,2279,-0.62,1.26,5.9,0,0
"Cole, Gerrit",2019-04-30,2019,5,41,1,94.2,2511,-1.22,1.86,6.5,0,0
"Alcantara, Sandy",2019-04-30,2019,4,34,4,96.4,2318,-0.77,1.21,5.6,1,2
"Cole, Gerrit",2019-04-30,2019,5,40,1,93.6,2518,-0.81,1.54,6.4,0,0
"Alcantara, Sandy",2019-04-30,2019,4,34,3,94.9,2333,-0.75,1.27,5.6,1,1
"Alcantara, Sandy",2019-04-30,2019,4,34,2,94.2,2240,-0.77,1.29,5.5,1,0
"Alcantara, Sandy",2019-04-30,2019,4,34,1,92.5,2350,-0.84,1.18,5.6,0,0
"Cole, Gerrit",2019-04-30,2019,5,39,1,94.1,2498,-0.86,1.68,6.4,0,0
"Alcantara, Sandy",2019-04-30,2019,4,33,1,94.1,2114,-0.65,1.17,5.6,0,0
"Cole, Gerrit",2019-04-30,2019,4,31,1,96.4,2481,-1.02,1.56,6.2,0,0
"Alcantara, Sandy",2019-04-30,2019,3,28,5,95.7,2317,-0.65,1.2,6,2,2
"Cole, Gerrit",2019-04-30,2019,4,30,1,96.3,2638,-0.93,1.64,6.6,0,0
"Cole, Gerrit",2019-04-30,2019,4,29,9,98,2583,-1,1.43,6.7,3,2
"Alcantara, Sandy",2019-04-30,2019,3,27,4,95.2,2191,-0.52,1,5.6,1,2
"Cole, Gerrit",2019-04-30,2019,4,29,4,97.2,2681,-1.2,1.65,6.4,1,2
"Cole, Gerrit",2019-04-30,2019,4,29,1,94.6,2611,-0.92,1.84,6.7,0,0
"Cole, Gerrit",2019-04-30,2019,3,22,4,97,2522,-1.02,1.46,6.3,2,1
"Cole, Gerrit",2019-04-30,2019,3,22,3,96.7,2586,-1.02,1.61,6.5,1,1
"Cole, Gerrit",2019-04-30,2019,3,21,3,96.9,2405,-0.75,1.54,6.1,1,1
"Alcantara, Sandy",2019-04-30,2019,3,22,4,96.5,2373,-0.7,1.29,5.5,1,2
"Alcantara, Sandy",2019-04-30,2019,3,22,3,94.4,2331,-0.68,1.24,5.7,1,1
"Alcantara, Sandy",2019-04-30,2019,2,14,4,97.2,2291,-0.58,1.25,6.1,1,2
"Alcantara, Sandy",2019-04-30,2019,2,14,3,96.3,2353,-0.39,1.34,5.9,1,1
"Cole, Gerrit",2019-04-30,2019,3,20,1,96.1,2416,-1.06,1.43,6.5,0,0
"Alcantara, Sandy",2019-04-30,2019,2,14,2,96.9,2308,-0.55,1.21,6,0,1
"Cole, Gerrit",2019-04-30,2019,2,14,2,95.9,2594,-1.15,1.57,6,0,1
"Alcantara, Sandy",2019-04-30,2019,2,14,1,96.1,2356,-0.58,1.19,5.7,0,0
"Cole, Gerrit",2019-04-30,2019,2,14,1,95.5,2576,-0.98,1.8,6.3,0,0
"Alcantara, Sandy",2019-04-30,2019,2,13,6,99,2280,-0.4,1.17,6.2,2,2
"Cole, Gerrit",2019-04-30,2019,2,13,3,96.8,2613,-1.11,1.75,6.2,1,1
"Cole, Gerrit",2019-04-30,2019,2,13,2,95.6,2542,-0.95,1.7,6.2,1,0
"Alcantara, Sandy",2019-04-30,2019,2,13,4,98,2225,-0.46,1.06,5.9,1,2
"Cole, Gerrit",2019-04-30,2019,2,12,4,95.4,2520,-1.04,1.5,6.3,1,2
"Alcantara, Sandy",2019-04-30,2019,2,13,3,97.9,2174,-0.5,1.1,5.9,0,2
"Alcantara, Sandy",2019-04-30,2019,2,13,2,96.8,2191,-0.45,1.1,6.1,0,1
"Cole, Gerrit",2019-04-30,2019,2,12,3,96.1,2549,-0.88,1.52,6.3,0,2
"Alcantara, Sandy",2019-04-30,2019,2,13,1,96.1,2194,-0.23,1.04,6,0,0
"Cole, Gerrit",2019-04-30,2019,2,12,2,94,2522,-0.84,1.77,6.5,0,1
"Cole, Gerrit",2019-04-30,2019,2,12,1,94.3,2479,-0.69,1.49,6.8,0,0
"Cole, Gerrit",2019-04-30,2019,1,7,6,96.7,2506,-0.67,1.31,6.2,1,2
"Alcantara, Sandy",2019-04-30,2019,2,11,1,96.2,2284,-0.45,1.22,5.8,0,0
"Alcantara, Sandy",2019-04-30,2019,2,10,6,97.1,2370,-0.62,1.33,5.7,3,2
"Alcantara, Sandy",2019-04-30,2019,2,10,5,95.1,2321,-0.59,1.3,5.1,3,1
"Cole, Gerrit",2019-04-30,2019,1,7,3,97.8,2611,-1.18,1.6,6.3,0,2
"Cole, Gerrit",2019-04-30,2019,1,7,2,98.1,2590,-1.16,1.4,6.2,0,1
"Alcantara, Sandy",2019-04-30,2019,2,10,3,96.2,2018,-0.47,0.97,5.8,1,1
"Cole, Gerrit",2019-04-30,2019,1,6,8,97.5,2585,-1.04,1.51,6.7,3,2
"Cole, Gerrit",2019-04-30,2019,1,6,7,98.1,2495,-0.94,1.42,6.8,3,2
"Cole, Gerrit",2019-04-30,2019,1,6,4,97.4,2669,-1.14,1.73,6.3,2,1
"Alcantara, Sandy",2019-04-30,2019,2,9,4,96.8,2434,-0.59,1.18,5.9,1,2
"Cole, Gerrit",2019-04-30,2019,1,6,3,97.2,2550,-0.94,1.58,6.2,2,0
"Cole, Gerrit",2019-04-30,2019,1,6,1,96.5,2507,-0.57,1.63,6.2,0,0
"Cole, Gerrit",2019-04-30,2019,1,5,5,97.7,2485,-0.94,1.3,6.5,3,1
"Cole, Gerrit",2019-04-30,2019,1,5,4,96.4,2424,-1.02,1.47,6.6,3,0
"Alcantara, Sandy",2019-04-30,2019,1,2,3,98.3,2140,-0.46,1.15,5.7,0,2
"Alcantara, Sandy",2019-04-30,2019,1,2,2,96.9,2251,-0.7,1.2,5.6,0,1
"Cole, Gerrit",2019-04-30,2019,1,5,1,95.6,2483,-0.99,1.5,6.2,0,0
"Alcantara, Sandy",2019-04-30,2019,1,1,6,96.3,2086,-0.47,0.93,5.6,2,2
"Alcantara, Sandy",2019-04-30,2019,1,1,5,97.1,2355,-0.59,1.16,5.7,1,2
"Cole, Gerrit",2019-04-30,2019,1,4,4,96.6,2553,-1.08,1.6,6.3,1,2
"Cole, Gerrit",2019-04-30,2019,1,4,3,95.8,2472,-1.2,1.55,6.1,0,2
"Cole, Gerrit",2019-04-30,2019,1,4,2,94.9,2442,-1.02,1.59,6.1,0,1
"Alcantara, Sandy",2019-04-30,2019,1,1,1,95.7,2291,-0.61,1.25,5.5,0,0
"Cole, Gerrit",2019-04-30,2019,1,4,1,94.2,2472,-1.05,1.58,6.1,0,0
"Wheeler, Zack",2019-04-29,2019,6,50,2,94.4,2336,-0.89,1.4,6.9,0,1
"Wheeler, Zack",2019-04-29,2019,5,45,2,95.3,2352,-0.9,1.24,7,0,1
"Wheeler, Zack",2019-04-29,2019,5,43,7,96,2347,-0.88,1.48,6.5,2,2
"Wheeler, Zack",2019-04-29,2019,5,43,5,95.1,2412,-0.86,1.39,6.6,1,2
"Wheeler, Zack",2019-04-29,2019,5,43,4,93.8,2373,-0.92,1.42,6.6,0,2
"Wheeler, Zack",2019-04-29,2019,4,33,1,94.9,2344,-0.79,1.3,6.6,0,0
"Wheeler, Zack",2019-04-29,2019,4,32,2,93.7,2412,-0.76,1.58,6.7,1,0
"Wheeler, Zack",2019-04-29,2019,4,32,1,93.3,2384,-0.8,1.69,6.7,0,0
"Wheeler, Zack",2019-04-29,2019,3,25,1,96.5,2409,-0.85,1.44,6.7,0,0
"Wheeler, Zack",2019-04-29,2019,3,24,6,97.1,2287,-0.94,1.31,6.4,3,2
"Wheeler, Zack",2019-04-29,2019,3,24,5,97,2448,-0.78,1.51,7.3,2,2
"Wheeler, Zack",2019-04-29,2019,3,24,2,94.9,2405,-0.6,1.51,6.5,0,1
"Wheeler, Zack",2019-04-29,2019,3,23,1,94.4,2314,-0.68,1.55,6.4,0,0
"Wheeler, Zack",2019-04-29,2019,2,14,2,95,2416,-1.03,1.67,6.6,1,0
"Wheeler, Zack",2019-04-29,2019,2,14,1,95.3,2320,-1.15,1.51,6.6,0,0
"Wheeler, Zack",2019-04-29,2019,2,13,1,95.6,2428,-0.82,1.44,6.8,0,0
"Wheeler, Zack",2019-04-29,2019,2,12,5,95.4,2373,-0.82,1.37,6.5,2,2
"Wheeler, Zack",2019-04-29,2019,2,12,3,96.1,2419,-0.99,1.31,6.7,0,2
"Wheeler, Zack",2019-04-29,2019,2,12,2,95.1,2385,-0.99,1.45,6.8,0,1
"Wheeler, Zack",2019-04-29,2019,2,11,1,96.6,2403,-0.79,1.4,6.6,0,0
"Wheeler, Zack",2019-04-29,2019,2,10,1,97.5,2409,-0.83,1.32,7.1,0,0
"Wheeler, Zack",2019-04-29,2019,2,9,2,95.8,2287,-0.86,1.46,5.3,0,1
"Wheeler, Zack",2019-04-29,2019,2,8,6,96.6,2426,-0.56,1.36,6.8,3,2
"Wheeler, Zack",2019-04-29,2019,2,8,5,97,2411,-0.76,1.29,7.4,2,2
"Wheeler, Zack",2019-04-29,2019,2,8,2,95.9,2330,-0.95,1.42,6.4,1,0
"Wheeler, Zack",2019-04-29,2019,1,4,3,95.4,2429,-0.69,1.56,6.4,1,1
"Wheeler, Zack",2019-04-29,2019,1,4,1,94.7,2252,-1.01,1.28,7.2,0,0
"Wheeler, Zack",2019-04-29,2019,1,3,1,96,2392,-0.87,1.57,7.1,0,0
"Wheeler, Zack",2019-04-29,2019,1,2,6,96.8,2400,-0.65,1.63,6.7,3,2
"Wheeler, Zack",2019-04-29,2019,1,2,4,95.2,2307,-1,1.32,7.1,2,1
"Wheeler, Zack",2019-04-29,2019,1,2,2,96.1,2289,-0.81,1.35,6.8,0,1
"Wheeler, Zack",2019-04-29,2019,1,2,1,95.3,2157,-0.91,1.64,6.9,0,0
"Gausman, Kevin",2019-04-28,2019,5,40,1,95.6,2341,-1.28,1.02,6.5,0,0
"Gausman, Kevin",2019-04-28,2019,5,39,5,97.1,2407,-1.05,1.27,6,0,2
"Gausman, Kevin",2019-04-28,2019,5,39,4,96.7,2380,-0.8,1.26,6,0,2
"Gausman, Kevin",2019-04-28,2019,5,39,3,96.9,2326,-1.03,1.22,6,0,2
"Gausman, Kevin",2019-04-28,2019,5,39,2,95.3,2309,-1.02,1.37,6.1,0,1
"Gausman, Kevin",2019-04-28,2019,5,39,1,95.8,2353,-0.91,1.41,6,0,0
"Gausman, Kevin",2019-04-28,2019,5,38,5,96.4,2328,-0.96,1.33,6,2,2
"Gausman, Kevin",2019-04-28,2019,5,38,4,96.4,2279,-0.88,1.28,6,1,2
"Gausman, Kevin",2019-04-28,2019,5,38,2,94.6,2215,-0.93,1.29,6,1,0
"Gausman, Kevin",2019-04-28,2019,4,32,4,95.1,2295,-1.04,1.27,6,1,2
"Gausman, Kevin",2019-04-28,2019,4,32,3,93.5,2228,-1.14,1.2,6.3,1,1
"Gausman, Kevin",2019-04-28,2019,4,32,2,93.4,2259,-1.01,1.22,5.9,1,0
"Gausman, Kevin",2019-04-28,2019,4,32,1,93.7,2274,-0.92,1.32,5.9,0,0
"Gausman, Kevin",2019-04-28,2019,4,31,2,93.5,2274,-0.96,1.3,6.1,1,0
"Gausman, Kevin",2019-04-28,2019,4,30,3,95.1,2284,-0.84,1.27,6,1,1
"Gausman, Kevin",2019-04-28,2019,4,30,2,94.7,2272,-0.95,1.4,6,0,1
"Gausman, Kevin",2019-04-28,2019,4,29,2,94.4,2306,-0.87,1.25,6.1,0,1
"Gausman, Kevin",2019-04-28,2019,3,23,5,96.9,2292,-1.11,1.28,6.2,1,2
"Gausman, Kevin",2019-04-28,2019,3,23,4,96.3,2275,-0.92,1.13,6.2,1,2
"Gausman, Kevin",2019-04-28,2019,3,23,3,96.6,2291,-1.09,1.23,5.8,1,1
"Gausman, Kevin",2019-04-28,2019,3,22,5,97.7,2368,-1.01,1.28,5.9,1,2
"Gausman, Kevin",2019-04-28,2019,3,22,4,95.8,2288,-1.1,1.23,6.2,1,2
"Gausman, Kevin",2019-04-28,2019,3,22,1,95.8,2370,-0.93,1.41,6.2,0,0
"Gausman, Kevin",2019-04-28,2019,3,21,4,94.6,2061,-0.74,1.29,5.8,2,1
"Gausman, Kevin",2019-04-28,2019,3,21,3,95.4,2273,-0.98,1.13,6.3,2,0
"Gausman, Kevin",2019-04-28,2019,3,21,2,93.6,2037,-0.86,1.23,6,1,0
"Gausman, Kevin",2019-04-28,2019,3,21,1,95.5,2147,-0.78,1.19,6.3,0,0
"Gausman, Kevin",2019-04-28,2019,3,20,3,93.4,2254,-0.93,1.31,5.8,1,1
"Gausman, Kevin",2019-04-28,2019,3,19,1,93.5,2168,-0.83,1.26,6.3,0,0
"Gausman, Kevin",2019-04-28,2019,3,18,2,92.6,2178,-0.9,1.27,6.5,0,1
"Gausman, Kevin",2019-04-28,2019,3,18,1,92.2,2035,-1.01,1.16,6.1,0,0
"Gausman, Kevin",2019-04-28,2019,3,17,4,91.9,2230,-0.89,1.3,6.3,2,1
"Gausman, Kevin",2019-04-28,2019,3,17,3,92.7,2260,-0.91,1.27,6,2,0
"Gausman, Kevin",2019-04-28,2019,2,12,2,95.1,2345,-0.9,1.27,5.9,0,1
"Gausman, Kevin",2019-04-28,2019,2,12,1,95,2270,-1.18,1.14,5.9,0,0
"Gausman, Kevin",2019-04-28,2019,2,11,6,94.5,2269,-0.94,1.02,5.7,3,2
"Gausman, Kevin",2019-04-28,2019,2,11,5,93.5,2156,-0.66,1.25,6.3,3,1
"Gausman, Kevin",2019-04-28,2019,2,11,4,92.5,2286,-0.82,1.35,6.2,3,0
"Gausman, Kevin",2019-04-28,2019,2,11,3,92.1,2210,-0.92,1.31,6.1,2,0
"Gausman, Kevin",2019-04-28,2019,2,11,2,92.1,2257,-0.89,1.24,6,1,0
"Gausman, Kevin",2019-04-28,2019,1,4,3,95.6,2174,-0.86,1.33,5.9,0,2
"Gausman, Kevin",2019-04-28,2019,1,2,8,90.8,2091,-0.92,1.15,6.3,2,2
"Gausman, Kevin",2019-04-28,2019,1,2,7,96,2258,-0.92,1.26,6.3,2,2
"Gausman, Kevin",2019-04-28,2019,1,2,5,95.8,2368,-0.85,1.34,6.2,2,2
"Gausman, Kevin",2019-04-28,2019,1,2,1,94.3,2180,-0.92,0.93,6.2,0,0
"Gausman, Kevin",2019-04-28,2019,1,1,4,92.5,2152,-0.96,0.97,6.1,3,0
"Gausman, Kevin",2019-04-28,2019,1,1,3,91.9,2181,-0.73,1.12,6.3,2,0
"Gausman, Kevin",2019-04-28,2019,1,1,2,92.5,2219,-0.81,1.18,6.2,1,0
"Gausman, Kevin",2019-04-28,2019,1,1,1,93,2244,-0.61,1.36,6,0,0
"Cole, Gerrit",2019-04-25,2019,7,49,7,98.7,2554,-0.71,1.52,6.1,3,2
"Cole, Gerrit",2019-04-25,2019,7,49,6,98.5,2583,-0.66,1.56,6.2,3,2
"Cole, Gerrit",2019-04-25,2019,7,49,5,97.7,2540,-0.72,1.54,6.3,2,2
"Cole, Gerrit",2019-04-25,2019,7,49,4,98.3,2548,-0.81,1.46,6.7,1,2
"Cole, Gerrit",2019-04-25,2019,7,48,6,98.7,2498,-0.8,1.68,6.2,3,2
"Cole, Gerrit",2019-04-25,2019,7,48,2,96.5,2505,-0.65,1.45,6.3,0,1
"Cole, Gerrit",2019-04-25,2019,7,48,1,96.2,2407,-0.76,1.53,6.2,0,0
"Cole, Gerrit",2019-04-25,2019,7,47,5,97.9,2467,-0.64,1.46,6.2,1,2
"Cole, Gerrit",2019-04-25,2019,7,46,3,97,2456,-0.89,1.54,6.2,1,1
"Cole, Gerrit",2019-04-25,2019,7,46,1,95.1,2457,-0.83,1.52,6.6,0,0
"Cole, Gerrit",2019-04-25,2019,6,41,5,98.2,2419,-0.81,1.56,6.2,2,2
"Cole, Gerrit",2019-04-25,2019,6,41,4,91.7,2207,-0.85,1.56,6.2,1,2
"Cole, Gerrit",2019-04-25,2019,6,41,1,95.6,2340,-0.51,1.53,6.4,0,0
"Cole, Gerrit",2019-05-06,2019,7,55,7,98.5,2540,-0.94,1.47,6.5,3,2
"Cole, Gerrit",2019-05-06,2019,7,55,5,99.3,2551,-0.85,1.67,6,2,2
"Cole, Gerrit",2019-05-06,2019,7,55,2,95.7,2366,-0.86,1.59,5.9,1,0
"Cole, Gerrit",2019-05-06,2019,7,55,1,94.6,2391,-0.84,1.48,6.5,0,0
"Cole, Gerrit",2019-05-06,2019,6,47,5,98.1,2523,-1.03,1.44,6.1,2,2
"Cole, Gerrit",2019-05-06,2019,6,47,4,98.7,2508,-1.05,1.41,6,1,2
"Cole, Gerrit",2019-05-06,2019,6,47,1,98.1,2565,-1.16,1.59,6.1,0,0
"Alcantara, Sandy",2019-05-06,2019,5,42,6,95.5,2421,-0.67,1.39,6.2,3,2
"Alcantara, Sandy",2019-05-06,2019,5,42,3,96.7,2127,-0.6,1.15,5.6,0,2
"Cole, Gerrit",2019-05-06,2019,6,46,1,96.9,2468,-1.01,1.55,6.1,0,0
"Alcantara, Sandy",2019-05-06,2019,4,38,3,93.4,2218,-0.77,1.04,5.9,1,1
"Gausman, Kevin",2019-05-06,2019,5,41,1,95.3,2119,-0.98,0.98,6.5,0,0
"Gausman, Kevin",2019-05-06,2019,5,40,5,94.3,2319,-0.96,1.32,6.5,3,1
"Cole, Gerrit",2019-05-06,2019,5,42,1,95.8,2443,-0.83,1.42,6.3,0,0
"Alcantara, Sandy",2019-05-06,2019,4,38,1,94.3,2232,-0.77,1.29,5.5,0,0
"Alcantara, Sandy",2019-05-06,2019,4,37,6,93.4,2117,-0.72,1.02,5.7,3,2
"Gausman, Kevin",2019-05-06,2019,5,40,4,93.3,2282,-0.91,1.25,6.4,3,0
"Alcantara, Sandy",2019-05-06,2019,4,37,5,93,2282,-0.63,1.32,5.9,3,1
"Alcantara, Sandy",2019-05-06,2019,4,37,4,93.4,2297,-0.61,1.33,5.7,2,1
"Cole, Gerrit",2019-05-06,2019,5,40,2,98.1,2428,-0.69,1.63,6.5,0,1
"Alcantara, Sandy",2019-05-06,2019,4,37,3,93.7,2281,-0.73,1.32,5.6,2,0
"Gausman, Kevin",2019-05-06,2019,5,40,1,94,2180,-0.96,1.25,6.6,0,0
"Alcantara, Sandy",2019-05-06,2019,4,37,2,93.4,2230,-0.7,1.26,5.8,1,0
"Alcantara, Sandy",2019-05-06,2019,4,37,1,92.4,2161,-0.62,1.22,5.8,0,0
"Alcantara, Sandy",2019-05-06,2019,4,36,7,95.4,2140,-0.47,1.03,5.7,3,2
"Cole, Gerrit",2019-05-06,2019,5,39,4,98.6,2594,-0.83,1.59,6.9,1,2
"Gausman, Kevin",2019-05-06,2019,5,39,2,95.1,2255,-1.01,1.26,6.1,0,1
"Alcantara, Sandy",2019-05-06,2019,4,36,6,95,2222,-0.79,1.17,6,3,2
"Gausman, Kevin",2019-05-06,2019,5,39,1,94.1,2215,-0.93,1.48,6,0,0
"Alcantara, Sandy",2019-05-06,2019,4,36,5,96.2,2201,-0.61,1.31,5.6,2,2
"Cole, Gerrit",2019-05-06,2019,5,39,2,95.4,2413,-0.85,1.52,6.2,0,1
"Gausman, Kevin",2019-05-06,2019,5,38,3,94.8,2379,-0.82,1.26,5.9,2,0
"Alcantara, Sandy",2019-05-06,2019,4,36,4,94.4,2352,-0.67,1.35,6.1,2,1
"Gausman, Kevin",2019-05-06,2019,5,38,2,94.5,2228,-1.01,1.21,6.4,1,0
"Alcantara, Sandy",2019-05-06,2019,4,36,3,94.8,2366,-0.65,1.33,6,1,1
"Alcantara, Sandy",2019-05-06,2019,4,36,2,94.2,2142,-0.61,1.22,5.7,0,1
"Alcantara, Sandy",2019-05-06,2019,4,36,1,93.4,2126,-0.84,1.04,5.9,0,0
"Cole, Gerrit",2019-05-06,2019,5,38,1,96.1,2523,-0.92,1.58,6.4,0,0
"Gausman, Kevin",2019-05-06,2019,4,34,5,96.5,2181,-0.94,1.15,6.4,2,2
"Gausman, Kevin",2019-05-06,2019,4,34,4,94.9,1969,-1.03,1.04,6.1,1,2
"Alcantara, Sandy",2019-05-06,2019,3,30,4,96.4,2273,-0.7,1.33,5.6,1,2
"Gausman, Kevin",2019-05-06,2019,4,34,3,96.1,2252,-1.07,1.42,6.2,1,1
"Alcantara, Sandy",2019-05-06,2019,3,30,3,96.4,2173,-0.76,1.23,5.7,1,1
"Gausman, Kevin",2019-05-06,2019,4,34,2,93.4,2196,-1.08,1.43,6,1,0
"Cole, Gerrit",2019-05-06,2019,4,33,1,96.1,2402,-0.68,1.53,6.4,0,0
"Alcantara, Sandy",2019-05-06,2019,3,30,2,94.1,2061,-0.68,1.4,4.8,1,0
"Gausman, Kevin",2019-05-06,2019,4,34,1,94.8,2084,-1.12,1.09,6,0,0
"Alcantara, Sandy",2019-05-06,2019,3,30,1,95.4,2159,-0.66,1.33,5.5,0,0
"Gausman, Kevin",2019-05-06,2019,4,33,1,94.5,2166,-1.17,1.1,6.6,0,0
"Alcantara, Sandy",2019-05-06,2019,3,29,6,96.1,2124,-0.57,1.22,5.4,3,2
"Gausman, Kevin",2019-05-06,2019,4,32,2,92.7,2241,-0.98,1.3,6,0,1
"Cole, Gerrit",2019-05-06,2019,4,32,3,97,2426,-1.09,1.48,6.1,0,2
"Alcantara, Sandy",2019-05-06,2019,3,29,5,95.1,2235,-0.64,1.21,5.3,3,1
"Gausman, Kevin",2019-05-06,2019,4,32,1,91.6,2059,-0.97,1.09,6.4,0,0
"Cole, Gerrit",2019-05-06,2019,4,32,2,98,2502,-0.99,1.43,6.3,0,1
"Alcantara, Sandy",2019-05-06,2019,3,29,3,94.1,2037,-0.62,0.87,5.7,2,0
"Gausman, Kevin",2019-05-06,2019,3,28,3,96.9,2386,-1.2,1.18,6.3,0,2
"Cole, Gerrit",2019-05-06,2019,4,31,5,96.8,2391,-0.82,1.52,6.1,2,2
"Gausman, Kevin",2019-05-06,2019,3,28,2,96.7,2404,-1.28,1.24,6.1,0,1
"Gausman, Kevin",2019-05-06,2019,3,28,1,96.1,2335,-1.05,1.17,6.2,0,0
"Cole, Gerrit",2019-05-06,2019,4,31,2,97,2400,-0.92,1.34,5.9,0,1
"Cole, Gerrit",2019-05-06,2019,4,31,1,96.4,2417,-0.89,1.39,5.9,0,0
"Cole, Gerrit",2019-05-06,2019,4,30,2,96.6,2485,-1.05,1.35,6.2,1,0
"Alcantara, Sandy",2019-05-06,2019,2,20,3,95.1,2326,-0.73,1.32,5.8,2,0
"Gausman, Kevin",2019-05-06,2019,3,26,6,97.4,2311,-0.98,1.15,6.2,1,2
"Cole, Gerrit",2019-05-06,2019,4,29,3,98.1,2471,-0.89,1.61,6.2,0,2
"Gausman, Kevin",2019-05-06,2019,3,26,2,95,2217,-0.86,1.36,6.2,1,0
"Cole, Gerrit",2019-05-06,2019,4,29,1,95.7,2440,-0.96,1.53,6.2,0,0
"Gausman, Kevin",2019-05-06,2019,3,25,4,95.1,2370,-1.17,1.14,6.5,3,0
"Alcantara, Sandy",2019-05-06,2019,2,18,5,93.8,2285,-0.62,1.34,6,3,1
"Cole, Gerrit",2019-05-06,2019,3,21,2,98,2573,-1.03,1.48,6.1,0,1
"Gausman, Kevin",2019-05-06,2019,3,25,3,95.2,2412,-1.17,1.4,6.1,2,0
"Cole, Gerrit",2019-05-06,2019,3,21,1,97.3,2515,-1.13,1.5,6.3,0,0
"Gausman, Kevin",2019-05-06,2019,3,25,2,93.9,2306,-1.01,1.38,6,1,0
"Cole, Gerrit",2019-05-06,2019,3,20,3,97.2,2420,-0.99,1.35,6.3,1,1
"Alcantara, Sandy",2019-05-06,2019,2,18,1,92.7,2049,-0.71,1.22,5.6,0,0
"Gausman, Kevin",2019-05-06,2019,3,24,4,94.9,2234,-1.02,1.23,6.7,3,0
"Cole, Gerrit",2019-05-06,2019,3,19,4,97.6,2506,-0.93,1.55,6.3,1,2
"Alcantara, Sandy",2019-05-06,2019,2,17,1,91.6,2081,-0.74,1.15,5.5,0,0
"Gausman, Kevin",2019-05-06,2019,3,24,2,95.3,2227,-0.9,1.5,6.2,1,0
"Cole, Gerrit",2019-05-06,2019,3,19,3,97.8,2403,-1.1,1.31,6.1,0,2
"Gausman, Kevin",2019-05-06,2019,3,23,1,96.8,2271,-1.09,1.18,6.3,0,0
"Cole, Gerrit",2019-05-06,2019,3,18,3,96.9,2435,-0.98,1.53,6.4,2,0
"Alcantara, Sandy",2019-05-06,2019,1,11,2,94.6,2423,-0.6,1.46,5.6,1,0
"Cole, Gerrit",2019-05-06,2019,3,18,2,97.1,2435,-0.89,1.57,6.3,1,0
"Gausman, Kevin",2019-05-06,2019,3,22,2,93.7,2280,-1.13,1.23,5.9,0,1
"Cole, Gerrit",2019-05-06,2019,3,18,1,95.8,2385,-1.03,1.72,6.4,0,0
"Gausman, Kevin",2019-05-06,2019,2,18,3,95.2,2295,-1.18,1.22,6.1,1,1
"Gausman, Kevin",2019-05-06,2019,2,18,2,94.5,2255,-1.11,1.23,6.5,0,1
"Cole, Gerrit",2019-05-06,2019,3,17,1,94.4,2418,-1.05,1.42,6.3,0,0
"Gausman, Kevin",2019-05-06,2019,2,18,1,95.3,2257,-1.1,1.2,6.2,0,0
"Gausman, Kevin",2019-05-06,2019,2,17,1,94,2197,-1.18,1.25,6.3,0,0
"Gausman, Kevin",2019-05-06,2019,2,16,1,95.9,2400,-1.08,1.31,6.1,0,0
"Cole, Gerrit",2019-05-06,2019,2,9,7,97.8,2548,-0.75,1.62,6,3,2
"Gausman, Kevin",2019-05-06,2019,2,15,6,94.7,2283,-1.28,1.17,6,3,2
"Gausman, Kevin",2019-05-06,2019,2,15,5,97,2277,-0.97,1.24,6.3,2,2
"Cole, Gerrit",2019-05-06,2019,2,9,5,99.6,2420,-0.76,1.51,6.5,2,2
"Cole, Gerrit",2019-05-06,2019,2,9,4,96.8,2456,-0.78,1.68,5.9,2,1
"Gausman, Kevin",2019-05-06,2019,2,15,3,94.4,2345,-1.23,1.18,6,2,0
"Cole, Gerrit",2019-05-06,2019,2,9,3,96.7,2499,-1.17,1.45,6.2,2,0
"Alcantara, Sandy",2019-05-06,2019,1,7,5,96.1,2168,-0.47,1.16,5.9,2,2
"Gausman, Kevin",2019-05-06,2019,2,14,4,96.6,2328,-0.97,1.24,6.1,0,2
"Cole, Gerrit",2019-05-06,2019,2,8,5,97.1,2503,-0.94,1.47,6.2,2,2
"Cole, Gerrit",2019-05-06,2019,2,8,4,96.9,2517,-0.77,1.51,6.2,1,2
"Gausman, Kevin",2019-05-06,2019,2,14,2,93.6,1998,-0.93,1.18,6.1,0,1
"Gausman, Kevin",2019-05-06,2019,2,14,1,93.9,2214,-1.24,1.13,6.1,0,0
"Cole, Gerrit",2019-05-06,2019,2,8,1,95.8,2545,-1.11,1.5,6,0,0
"Cole, Gerrit",2019-05-06,2019,1,3,3,97,2538,-0.99,1.61,6.4,1,1
"Gausman, Kevin",2019-05-06,2019,1,9,1,94.3,2068,-0.83,1.28,5.9,0,0
"Gausman, Kevin",2019-05-06,2019,1,8,2,93.6,2100,-1.09,1.17,6.6,1,0
"Cole, Gerrit",2019-05-06,2019,1,2,2,96.5,2553,-0.98,1.78,6,1,0
"Alcantara, Sandy",2019-05-06,2019,1,5,1,94.5,2207,-0.89,0.96,5.6,0,0
"Gausman, Kevin",2019-05-06,2019,1,7,1,95.3,2024,-1.22,1.18,6.1,0,0
"Cole, Gerrit",2019-05-06,2019,1,1,6,96.7,2508,-0.66,1.67,6.3,3,2
"Gausman, Kevin",2019-05-06,2019,1,6,1,92.7,2042,-1.11,1.07,6.2,0,0
"Cole, Gerrit",2019-05-06,2019,1,1,5,97.1,2460,-0.61,1.79,6.2,2,2
"Gausman, Kevin",2019-05-06,2019,1,5,4,95.9,2290,-1.15,1.09,6.7,1,2
"Alcantara, Sandy",2019-05-06,2019,1,4,3,95.7,2319,-0.72,1.27,6.1,1,1
"Cole, Gerrit",2019-05-06,2019,1,1,3,97.7,2628,-1.02,1.62,6.1,0,2
"Gausman, Kevin",2019-05-06,2019,1,5,3,95.9,2201,-0.83,1.18,6.5,0,2
"Cole, Gerrit",2019-05-06,2019,1,1,2,95.2,2594,-0.92,1.7,6.2,0,1
"Cole, Gerrit",2019-05-06,2019,1,1,1,96.1,2608,-0.93,1.6,6.3,0,0
"Gausman, Kevin",2019-05-06,2019,1,5,1,93.4,2151,-0.94,1.3,6.4,0,0
"Alcantara, Sandy",2019-05-06,2019,1,4,1,93.2,2106,-0.87,1.06,5.5,0,0
"Wheeler, Zack",2019-05-04,2019,7,53,1,95.9,2348,-0.81,1.27,6.7,0,0
"Wheeler, Zack",2019-05-04,2019,7,51,3,97.2,2384,-0.97,1.22,6.8,0,2
"Wheeler, Zack",2019-05-04,2019,7,51,2,95.8,2319,-0.98,1.26,6.8,0,1
"Wheeler, Zack",2019-05-04,2019,6,46,3,96.1,2363,-0.89,1.32,7,2,0
"Wheeler, Zack",2019-05-04,2019,6,46,1,95.5,2256,-0.89,1.34,6.8,0,0
"Wheeler, Zack",2019-05-04,2019,6,45,1,95.7,2292,-1.03,1.41,7.2,0,0
"Wheeler, Zack",2019-05-04,2019,6,44,1,94.1,2220,-1.05,1.38,7.3,0,0
"Wheeler, Zack",2019-05-04,2019,5,38,6,97.5,2206,-0.86,1.28,6.9,1,2
"Wheeler, Zack",2019-05-04,2019,5,38,3,96.6,2212,-0.98,1.3,6.8,1,1
"Wheeler, Zack",2019-05-04,2019,4,33,2,96.5,2429,-0.89,1.17,7,1,0
"Wheeler, Zack",2019-05-04,2019,4,33,1,96.2,2490,-0.93,1.26,7,0,0
"Wheeler, Zack",2019-05-04,2019,4,32,1,97.7,2426,-1.09,1.39,6.8,0,0
"Wheeler, Zack",2019-05-04,2019,4,31,5,97.8,2362,-0.91,1.36,6.9,2,2
"Wheeler, Zack",2019-05-04,2019,4,31,4,96.6,2481,-1,1.25,7.2,2,1
"Wheeler, Zack",2019-05-04,2019,4,31,1,95.7,2293,-0.87,1.37,6.7,0,0
"Wheeler, Zack",2019-05-04,2019,3,24,4,97.6,2382,-1,1.36,6.9,1,2
"Wheeler, Zack",2019-05-04,2019,3,24,3,97.2,2425,-1.06,1.47,6.9,0,2
"Wheeler, Zack",2019-05-04,2019,3,23,4,98.1,2469,-1.05,1.35,7.2,1,2
"Wheeler, Zack",2019-05-04,2019,3,23,2,97.8,2485,-0.89,1.35,7.2,0,1
"Wheeler, Zack",2019-05-04,2019,3,22,6,98.5,2492,-0.94,1.42,6.9,2,2
"Wheeler, Zack",2019-05-04,2019,3,20,2,97.4,2414,-0.88,1.3,6.7,0,1
"Wheeler, Zack",2019-05-04,2019,3,20,1,98.4,2340,-0.86,1.1,7.4,0,0
"Wheeler, Zack",2019-05-04,2019,3,19,6,98.3,2453,-0.82,1.34,7.1,3,2
"Wheeler, Zack",2019-05-04,2019,3,19,5,99.4,2369,-0.89,1.09,7.2,3,1
"Wheeler, Zack",2019-05-04,2019,3,19,4,98,2435,-0.76,1.19,6.6,3,0
"Wheeler, Zack",2019-05-04,2019,3,19,2,98.8,2366,-0.93,1.27,6.6,1,0
"Wheeler, Zack",2019-05-04,2019,3,19,1,98.8,2430,-1.04,1.32,6.7,0,0
"Wheeler, Zack",2019-05-04,2019,1,4,2,98,2359,-0.94,1.21,6.8,1,0
"Gausman, Kevin",2019-05-03,2019,2,16,1,97.1,2317,-1.09,1.11,6,0,0
"Gausman, Kevin",2019-05-03,2019,2,15,3,94,2298,-0.96,1.44,6,1,1
"Gausman, Kevin",2019-05-03,2019,2,14,1,95.1,2267,-0.83,1.51,6.1,0,0
"Gausman, Kevin",2019-05-03,2019,2,13,5,96.4,2322,-1.22,1.34,6.4,3,1
"Gausman, Kevin",2019-05-03,2019,2,13,4,94.2,2377,-1.05,1.49,6.1,3,0
"Gausman, Kevin",2019-05-03,2019,2,13,3,94.8,2302,-1.08,1.26,6.2,2,0
"Gausman, Kevin",2019-05-03,2019,2,12,3,95.9,2361,-1.12,1.36,6.1,1,1
"Gausman, Kevin",2019-05-03,2019,2,12,2,95.6,2302,-1.13,1.24,6.1,0,1
"Gausman, Kevin",2019-05-03,2019,2,12,1,94.4,2262,-1.01,1.44,5.9,0,0
"Gausman, Kevin",2019-05-03,2019,2,11,2,94.6,2281,-0.98,1.46,6.1,0,1
"Gausman, Kevin",2019-05-03,2019,2,11,1,94.5,2212,-0.79,1.41,6.1,0,0
"Gausman, Kevin",2019-05-03,2019,1,7,6,98.2,2398,-1.18,1.3,5.9,3,2
"Gausman, Kevin",2019-05-03,2019,1,7,3,97.3,2339,-0.95,1.54,6,0,2
"Gausman, Kevin",2019-05-03,2019,1,7,1,95.4,2214,-1.06,1.23,5.9,0,0
"Gausman, Kevin",2019-05-03,2019,1,6,2,94.9,2250,-0.99,1.29,6,1,0
"Cole, Gerrit",2019-05-11,2019,6,43,4,100,2721,-0.94,1.58,6.1,1,2
"Cole, Gerrit",2019-05-11,2019,6,43,3,99.1,2628,-0.93,1.55,6.1,1,1
"Alcantara, Sandy",2019-05-11,2019,6,49,3,96.6,2340,-0.75,1.08,5.8,0,2
"Cole, Gerrit",2019-05-11,2019,6,43,2,99,2582,-1.03,1.51,6.2,1,0
"Alcantara, Sandy",2019-05-11,2019,6,49,2,95.5,2330,-0.6,1.2,6.3,0,1
"Cole, Gerrit",2019-05-11,2019,6,43,1,98.8,2587,-0.77,1.42,6.4,0,0
"Cole, Gerrit",2019-05-11,2019,6,41,2,97.5,2449,-0.77,1.46,6.7,0,1
"Cole, Gerrit",2019-05-11,2019,6,41,1,97.4,2418,-0.99,1.43,6.2,0,0
"Cole, Gerrit",2019-05-11,2019,6,40,1,96.8,2384,-0.94,1.32,6.4,0,0
"Alcantara, Sandy",2019-05-11,2019,6,46,4,95.1,2282,-0.93,1.34,5.6,1,2
"Gausman, Kevin",2019-05-11,2019,6,50,3,97,2324,-0.81,1.29,6.1,0,2
"Cole, Gerrit",2019-05-11,2019,6,39,2,95.9,2434,-0.76,1.44,6.2,0,1
"Cole, Gerrit",2019-05-11,2019,6,39,1,95.2,2525,-0.83,1.65,6.5,0,0
"Gausman, Kevin",2019-05-11,2019,6,48,4,90.7,2289,-0.72,1.38,6.2,3,0
"Cole, Gerrit",2019-05-11,2019,5,32,2,96.4,2546,-0.92,1.53,6.2,0,1
"Gausman, Kevin",2019-05-11,2019,6,48,3,93.1,2432,-0.87,1.37,6.2,2,0
"Cole, Gerrit",2019-05-11,2019,5,31,5,99.1,2438,-0.85,1.5,6,2,2
"Alcantara, Sandy",2019-05-11,2019,6,44,4,97.5,2325,-0.81,1.17,5.5,1,2
"Gausman, Kevin",2019-05-11,2019,6,47,2,93.7,2292,-0.88,1.17,6.5,1,0
"Gausman, Kevin",2019-05-11,2019,6,47,1,94,2309,-0.93,1.21,6.1,0,0
"Cole, Gerrit",2019-05-11,2019,5,31,1,97.7,2581,-1.03,1.53,6.2,0,0
"Gausman, Kevin",2019-05-11,2019,6,46,3,95.3,2255,-0.9,1.23,5.9,0,2
"Gausman, Kevin",2019-05-11,2019,6,46,1,92.3,2234,-0.68,1.22,5.8,0,0
"Cole, Gerrit",2019-05-11,2019,5,30,2,97.3,2488,-0.9,1.54,6.2,0,1
"Gausman, Kevin",2019-05-11,2019,6,45,1,90.9,2234,-0.72,1.17,6.1,0,0
"Gausman, Kevin",2019-05-11,2019,5,41,3,97.1,2315,-0.79,1.15,6.1,0,2
"Gausman, Kevin",2019-05-11,2019,5,41,2,95.2,2314,-0.86,1.19,5.9,0,1
"Gausman, Kevin",2019-05-11,2019,5,41,1,93.6,2247,-0.7,1.33,6.1,0,0
"Cole, Gerrit",2019-05-11,2019,4,25,4,98.5,2553,-0.96,1.51,6.1,2,1
"Alcantara, Sandy",2019-05-11,2019,5,38,3,95.7,2326,-0.66,1.33,5.5,1,1
"Cole, Gerrit",2019-05-11,2019,4,25,3,98.2,2517,-0.72,1.48,6.3,2,0
"Gausman, Kevin",2019-05-11,2019,5,40,5,93.5,2334,-0.88,1.18,6.2,2,2
"Alcantara, Sandy",2019-05-11,2019,5,38,1,94.9,2375,-0.88,1.12,5.6,0,0
"Cole, Gerrit",2019-05-11,2019,4,25,1,97,2432,-0.99,1.24,6.4,0,0
"Alcantara, Sandy",2019-05-11,2019,5,37,3,94.4,2305,-0.88,1.21,5.4,0,2
"Gausman, Kevin",2019-05-11,2019,5,40,1,92.4,2245,-0.78,0.92,6.3,0,0
"Cole, Gerrit",2019-05-11,2019,4,24,3,98.3,2621,-0.95,1.66,6.6,1,1
"Gausman, Kevin",2019-05-11,2019,5,39,2,90.8,2023,-0.78,1.04,5.7,0,1
"Cole, Gerrit",2019-05-11,2019,4,24,2,98.3,2551,-0.85,1.52,6.2,1,0
"Alcantara, Sandy",2019-05-11,2019,4,33,8,96.2,2369,-0.7,1.27,5.9,3,2
"Gausman, Kevin",2019-05-11,2019,5,39,1,90.3,2092,-0.57,1.25,6.3,0,0
"Alcantara, Sandy",2019-05-11,2019,4,33,7,97,2270,-0.59,1.32,5.7,3,2
"Alcantara, Sandy",2019-05-11,2019,4,33,6,96.3,2149,-0.45,1.09,5.9,2,2
"Gausman, Kevin",2019-05-11,2019,4,34,4,95.8,2218,-0.98,1.27,6.4,1,2
"Cole, Gerrit",2019-05-11,2019,4,23,5,97.9,2536,-1.07,1.51,5.9,1,2
"Alcantara, Sandy",2019-05-11,2019,4,33,5,97.9,2273,-0.69,1.23,5.9,2,2
"Cole, Gerrit",2019-05-11,2019,4,23,4,98.3,2484,-1.05,1.59,6.1,1,2
"Alcantara, Sandy",2019-05-11,2019,4,33,4,96.2,2301,-0.68,1.25,5.8,2,1
"Gausman, Kevin",2019-05-11,2019,4,34,2,95.1,2208,-1.19,1.2,6,0,1
"Alcantara, Sandy",2019-05-11,2019,4,33,3,97.6,2380,-0.65,1.25,5.9,1,1
"Gausman, Kevin",2019-05-11,2019,4,33,3,95.6,2304,-1.08,1.36,6,0,2
"Cole, Gerrit",2019-05-11,2019,4,23,2,97.1,2517,-1.07,1.5,6.3,0,1
"Cole, Gerrit",2019-05-11,2019,4,23,1,97.3,2576,-1.16,1.57,6.2,0,0
"Alcantara, Sandy",2019-05-11,2019,4,33,1,97,2332,-0.82,1.33,5.6,0,0
"Gausman, Kevin",2019-05-11,2019,4,33,1,92.4,2028,-0.72,1.15,6.5,0,0
"Cole, Gerrit",2019-05-11,2019,4,22,1,96.9,2590,-0.9,1.66,6.1,0,0
"Alcantara, Sandy",2019-05-11,2019,4,32,5,96.8,2417,-0.73,1.31,5.7,2,2
"Cole, Gerrit",2019-05-11,2019,3,17,2,98,2596,-1.1,1.52,6,0,1
"Alcantara, Sandy",2019-05-11,2019,4,32,4,95.9,2213,-0.65,1.26,5.8,2,1
"Alcantara, Sandy",2019-05-11,2019,4,32,2,95.5,2299,-0.83,1.24,5.8,1,0
"Gausman, Kevin",2019-05-11,2019,4,32,1,92.8,2225,-0.82,1.51,6.1,0,0
"Cole, Gerrit",2019-05-11,2019,3,16,1,95.4,2486,-1,1.38,6.2,0,0
"Alcantara, Sandy",2019-05-11,2019,4,32,1,96.1,2321,-0.7,1.38,5.5,0,0
"Cole, Gerrit",2019-05-11,2019,3,15,6,97.9,2604,-1.1,1.57,6.2,3,2
"Gausman, Kevin",2019-05-11,2019,4,31,2,92,2118,-0.65,1.41,5.9,1,0
"Cole, Gerrit",2019-05-11,2019,3,15,5,96.2,2478,-1.01,1.53,6,3,1
"Gausman, Kevin",2019-05-11,2019,4,31,1,92.2,2067,-0.97,1.02,6.2,0,0
"Cole, Gerrit",2019-05-11,2019,3,15,3,96.5,2519,-0.87,1.54,5.9,1,1
"Cole, Gerrit",2019-05-11,2019,3,15,2,96,2541,-1.17,1.56,6.2,0,1
"Cole, Gerrit",2019-05-11,2019,3,15,1,96.5,2513,-0.88,1.53,6.1,0,0
"Gausman, Kevin",2019-05-11,2019,3,24,2,92.3,2260,-0.94,1.32,6.3,0,1
"Cole, Gerrit",2019-05-11,2019,2,10,3,97.7,2530,-1.15,1.48,5.9,1,1
"Gausman, Kevin",2019-05-11,2019,3,24,1,92.9,2129,-0.99,1.08,6.5,0,0
"Gausman, Kevin",2019-05-11,2019,3,23,5,91.6,2260,-0.78,1.31,6.5,3,1
"Alcantara, Sandy",2019-05-11,2019,4,28,2,95,2199,-0.66,1.15,5.3,0,1
"Cole, Gerrit",2019-05-11,2019,2,9,7,98.5,2596,-0.97,1.55,6.3,3,2
"Cole, Gerrit",2019-05-11,2019,2,9,5,99.5,2607,-1.01,1.4,6.5,1,2
"Alcantara, Sandy",2019-05-11,2019,3,21,4,97.1,2335,-0.64,1.3,6.1,1,2
"Gausman, Kevin",2019-05-11,2019,3,23,1,92.3,2225,-0.77,1.64,6.2,0,0
"Gausman, Kevin",2019-05-11,2019,3,22,6,92.9,2164,-0.98,1.31,6.2,3,2
"Alcantara, Sandy",2019-05-11,2019,3,21,3,94.8,2272,-0.7,1.21,5.8,1,1
"Gausman, Kevin",2019-05-11,2019,3,22,5,92.4,2164,-1.14,1.19,6.1,3,1
"Alcantara, Sandy",2019-05-11,2019,3,21,2,94.1,2278,-0.68,1.15,5.9,0,1
"Gausman, Kevin",2019-05-11,2019,3,22,4,90.1,2226,-1.08,1.15,6.1,3,0
"Cole, Gerrit",2019-05-11,2019,2,9,2,97.7,2478,-0.95,1.58,6,0,1
"Cole, Gerrit",2019-05-11,2019,2,9,1,97.8,2620,-0.75,1.46,6.1,0,0
"Gausman, Kevin",2019-05-11,2019,3,22,3,93.3,2323,-0.91,1.21,6.1,2,0
"Cole, Gerrit",2019-05-11,2019,2,8,6,99.3,2671,-0.93,1.49,6.4,2,2
"Gausman, Kevin",2019-05-11,2019,3,22,1,91.1,2046,-1.02,1.26,6,0,0
"Cole, Gerrit",2019-05-11,2019,2,8,4,98.4,2567,-1.07,1.49,6.3,1,2
"Alcantara, Sandy",2019-05-11,2019,3,19,1,94.1,2312,-0.74,1.29,5.5,0,0
"Gausman, Kevin",2019-05-11,2019,2,15,3,93.2,2301,-0.82,1.28,6.4,1,1
"Alcantara, Sandy",2019-05-11,2019,2,13,6,96.2,2311,-0.33,1.46,5.9,3,2
"Gausman, Kevin",2019-05-11,2019,2,15,2,91.6,2230,-0.92,1.3,6.4,1,0
"Gausman, Kevin",2019-05-11,2019,2,15,1,92.5,2035,-0.91,1.05,6.4,0,0
"Cole, Gerrit",2019-05-11,2019,2,8,1,96.6,2444,-0.82,1.58,6.3,0,0
"Cole, Gerrit",2019-05-11,2019,2,7,8,98.8,2521,-0.85,1.51,6.1,3,2
"Alcantara, Sandy",2019-05-11,2019,2,13,4,96.3,2203,-0.65,1.2,4.7,1,2
"Gausman, Kevin",2019-05-11,2019,2,14,3,94.2,2307,-1.14,0.96,6.2,1,1
"Alcantara, Sandy",2019-05-11,2019,2,13,3,95.5,2261,-0.77,1.2,5.8,0,2
"Cole, Gerrit",2019-05-11,2019,2,7,7,98.9,2531,-1.01,1.44,6.1,3,2
"Alcantara, Sandy",2019-05-11,2019,2,13,1,95,2205,-0.39,1.46,5.9,0,0
"Gausman, Kevin",2019-05-11,2019,2,13,4,94.6,2348,-1.04,1.21,6.1,1,2
"Cole, Gerrit",2019-05-11,2019,2,7,4,97.8,2572,-1.07,1.51,6.3,0,2
"Gausman, Kevin",2019-05-11,2019,2,13,2,92.8,2261,-0.74,1.38,6.1,0,1
"Alcantara, Sandy",2019-05-11,2019,2,11,2,95.2,2195,-0.65,1.12,6,0,1
"Gausman, Kevin",2019-05-11,2019,2,13,1,91.5,2217,-0.99,1.38,5.9,0,0
"Cole, Gerrit",2019-05-11,2019,2,7,1,96.9,2578,-1.2,1.46,5.8,0,0
"Gausman, Kevin",2019-05-11,2019,1,6,2,93.5,2264,-1.1,1.34,6.1,0,1
"Cole, Gerrit",2019-05-11,2019,1,2,4,99.4,2614,-1.2,1.57,6.2,1,2
"Gausman, Kevin",2019-05-11,2019,1,5,4,94.6,2310,-1.14,1.21,5.9,0,2
"Cole, Gerrit",2019-05-11,2019,1,2,3,97.8,2544,-1.17,1.57,6,0,2
"Cole, Gerrit",2019-05-11,2019,1,2,1,97.8,2603,-1.16,1.71,6.1,0,0
"Cole, Gerrit",2019-05-11,2019,1,1,5,98.8,2614,-1.23,1.49,6.5,2,2
"Gausman, Kevin",2019-05-11,2019,1,5,1,93,2313,-1,1.58,6.1,0,0
"Gausman, Kevin",2019-05-11,2019,1,4,4,94.4,2415,-1.1,1.5,6,1,2
"Gausman, Kevin",2019-05-11,2019,1,4,3,93.2,2352,-1.17,1.44,6.6,1,1
"Alcantara, Sandy",2019-05-11,2019,1,4,3,94.3,2035,-0.79,1.22,5.6,0,2
"Alcantara, Sandy",2019-05-11,2019,1,4,2,93,2287,-0.96,1.44,5.4,0,1
"Gausman, Kevin",2019-05-11,2019,1,4,2,91,2171,-0.82,1.45,6.4,1,0
"Cole, Gerrit",2019-05-11,2019,1,1,2,97,2585,-1.28,1.59,6,0,1
"Gausman, Kevin",2019-05-11,2019,1,4,1,90.9,2160,-0.95,1.26,6.2,0,0
"Cole, Gerrit",2019-05-11,2019,1,1,1,97.2,2668,-1.08,1.68,6,0,0
"Wheeler, Zack",2019-05-10,2019,7,68,3,96.4,2419,-0.93,1.29,6.7,2,0
"Wheeler, Zack",2019-05-10,2019,7,68,2,95.5,2351,-0.84,1.28,6.6,1,0
"Wheeler, Zack",2019-05-10,2019,6,60,3,96.6,2406,-0.96,1.28,6.5,0,2
"Wheeler, Zack",2019-05-10,2019,6,60,1,94.1,2321,-1.05,1.33,6.5,0,0
"Wheeler, Zack",2019-05-10,2019,5,51,3,95.5,2337,-1.03,1.27,6.8,0,2
"Wheeler, Zack",2019-05-10,2019,5,51,1,94.9,2421,-0.82,1.39,6.8,0,0
"Wheeler, Zack",2019-05-10,2019,5,49,4,97,2328,-0.69,1.22,6.9,1,2
"Wheeler, Zack",2019-05-10,2019,5,49,3,95.9,2263,-0.57,1.09,6.6,0,2
"Wheeler, Zack",2019-05-10,2019,5,48,2,95.2,2233,-1.03,1.31,6.9,1,0
"Wheeler, Zack",2019-05-10,2019,4,40,3,96.3,2267,-1,1.18,6.6,1,1
"Wheeler, Zack",2019-05-10,2019,4,37,2,96.6,2310,-0.76,1.31,6.7,1,0
"Wheeler, Zack",2019-05-10,2019,4,37,1,96.1,2320,-0.85,1.25,6.8,0,0
"Wheeler, Zack",2019-05-10,2019,2,21,5,97.2,2354,-0.92,1.37,6.6,2,2
"Wheeler, Zack",2019-05-10,2019,2,21,3,96.4,2196,-0.98,1.31,6.8,2,0
"Wheeler, Zack",2019-05-10,2019,2,21,2,97,2313,-0.84,1.26,6.5,1,0
"Wheeler, Zack",2019-05-10,2019,2,20,6,97.4,2464,-0.73,1.35,6.9,3,2
"Wheeler, Zack",2019-05-10,2019,2,20,3,96.8,2413,-0.9,1.33,6.7,1,1
"Wheeler, Zack",2019-05-10,2019,2,20,1,96.5,2298,-0.75,1.29,6.5,0,0
"Wheeler, Zack",2019-05-10,2019,2,19,2,97.6,2443,-0.89,1.48,6.6,1,0
"Wheeler, Zack",2019-05-10,2019,2,19,1,96.9,2385,-0.91,1.43,6.7,0,0
"Wheeler, Zack",2019-05-10,2019,2,18,1,97.1,2357,-1.02,1.35,6.7,0,0
"Wheeler, Zack",2019-05-10,2019,2,17,3,96.9,2358,-0.99,1.3,6.9,0,2
"Wheeler, Zack",2019-05-10,2019,1,2,4,97.6,2277,-0.9,1.44,6.5,2,1
"Wheeler, Zack",2019-05-10,2019,1,2,1,97.8,2260,-0.9,1.22,6.8,0,0
"Wheeler, Zack",2019-05-10,2019,1,1,1,96.2,2144,-1.01,1.32,6.7,0,0
"Cole, Gerrit",2019-05-22,2019,6,43,7,98.8,2573,-0.86,1.54,6.2,2,2
"Cole, Gerrit",2019-05-22,2019,6,43,5,98.3,2632,-0.85,1.67,6.2,0,2
"Cole, Gerrit",2019-05-22,2019,6,43,4,97.1,2562,-0.85,1.76,6.3,0,2
"Cole, Gerrit",2019-05-22,2019,6,42,6,97.2,2540,-1.08,1.52,6.1,3,2
"Cole, Gerrit",2019-05-22,2019,6,42,5,96.9,2459,-0.77,1.82,6.6,3,1
"Cole, Gerrit",2019-05-22,2019,6,42,4,95.8,2554,-0.72,1.54,6.4,3,0
"Cole, Gerrit",2019-05-22,2019,6,42,2,95.4,2404,-0.94,1.38,6.5,1,0
"Cole, Gerrit",2019-05-22,2019,6,42,1,95.7,2501,-0.78,1.65,6.1,0,0
"Cole, Gerrit",2019-05-22,2019,6,41,4,94.3,2483,-1.18,1.44,6.6,2,1
"Cole, Gerrit",2019-05-22,2019,6,41,2,95.4,2481,-0.7,1.68,5.9,1,0
"Cole, Gerrit",2019-05-22,2019,6,41,1,93.8,2394,-0.53,1.61,6.1,0,0
"Cole, Gerrit",2019-05-22,2019,5,34,2,94.2,2467,-0.81,1.31,6.2,0,1
"Cole, Gerrit",2019-05-22,2019,5,33,4,95.1,2318,-0.82,1.64,6.4,1,2
"Cole, Gerrit",2019-05-22,2019,5,33,2,94.4,2468,-0.65,1.64,6.3,0,1
"Cole, Gerrit",2019-05-22,2019,5,33,1,92.1,2400,-1.05,1.75,6.3,0,0
"Cole, Gerrit",2019-05-22,2019,5,32,3,92.9,2377,-0.73,1.69,6.4,1,1
"Cole, Gerrit",2019-05-22,2019,5,32,1,92.6,2381,-0.98,1.37,6.3,0,0
"Cole, Gerrit",2019-05-22,2019,4,24,4,95.3,2419,-0.81,1.66,6.1,2,1
"Cole, Gerrit",2019-05-22,2019,4,24,3,94.4,2426,-0.74,1.5,6.3,1,1
"Cole, Gerrit",2019-05-22,2019,4,24,1,93.7,2367,-0.77,1.57,6.3,0,0
"Cole, Gerrit",2019-05-22,2019,4,23,6,97.1,2549,-0.84,1.58,6.3,3,2
"Cole, Gerrit",2019-05-22,2019,4,23,5,96.9,2587,-1.04,1.59,6.4,3,1
"Cole, Gerrit",2019-05-22,2019,4,23,4,94.5,2429,-0.81,1.81,6.2,3,0
"Cole, Gerrit",2019-05-22,2019,4,23,2,94.4,2504,-0.91,1.74,6.3,1,0
"Cole, Gerrit",2019-05-22,2019,4,23,1,93.8,2495,-0.9,1.79,6.1,0,0
"Cole, Gerrit",2019-05-22,2019,4,22,4,95.5,2546,-1.07,1.65,6.3,1,2
"Cole, Gerrit",2019-05-22,2019,4,22,3,95.3,2483,-0.91,1.81,6.2,1,1
"Cole, Gerrit",2019-05-22,2019,4,21,3,94.6,2453,-1.22,1.71,6.4,1,1
"Cole, Gerrit",2019-05-22,2019,4,20,3,93.6,2475,-1.16,1.69,6.2,0,2
"Cole, Gerrit",2019-05-22,2019,4,20,1,92.7,2561,-1.2,1.76,6.3,0,0
"Cole, Gerrit",2019-05-22,2019,3,16,4,95.8,2556,-0.88,1.56,6.1,1,2
"Cole, Gerrit",2019-05-22,2019,3,16,3,93.1,2419,-0.97,1.53,6.2,1,1
"Cole, Gerrit",2019-05-22,2019,3,16,2,93.8,2439,-0.78,1.56,6.3,0,1
"Cole, Gerrit",2019-05-22,2019,3,15,5,96.2,2467,-1.01,1.55,6,2,2
"Cole, Gerrit",2019-05-22,2019,3,15,4,94.7,2463,-0.82,1.54,6.5,2,1
"Cole, Gerrit",2019-05-22,2019,3,15,3,94.1,2438,-0.9,1.61,6.5,1,1
"Cole, Gerrit",2019-05-22,2019,3,15,2,94.3,2530,-1.03,1.43,5.9,1,0
"Cole, Gerrit",2019-05-22,2019,3,14,4,96.6,2483,-0.83,1.55,6.4,1,2
"Cole, Gerrit",2019-05-22,2019,3,14,2,93.1,2450,-0.97,1.59,5.9,0,1
"Cole, Gerrit",2019-05-22,2019,3,14,1,93.3,2502,-0.95,1.74,6.1,0,0
"Cole, Gerrit",2019-05-22,2019,2,10,2,94.6,2402,-1.11,1.35,6.6,0,1
"Cole, Gerrit",2019-05-22,2019,2,10,1,93.8,2389,-0.99,1.49,6.5,0,0
"Cole, Gerrit",2019-05-22,2019,2,9,3,93.4,2433,-0.79,1.58,6.3,0,2
"Cole, Gerrit",2019-05-22,2019,2,8,1,92.8,2413,-0.95,1.58,6.4,0,0
"Cole, Gerrit",2019-05-22,2019,2,7,1,93.3,2537,-1.06,1.92,6.3,0,0
"Cole, Gerrit",2019-05-22,2019,1,3,5,97.1,2612,-0.98,1.78,6.1,1,2
"Cole, Gerrit",2019-05-22,2019,1,3,4,96.4,2490,-0.87,1.5,6.4,1,2
"Cole, Gerrit",2019-05-22,2019,1,3,3,93.8,2459,-0.97,1.5,6,1,1
"Cole, Gerrit",2019-05-22,2019,1,3,2,95.2,2495,-0.98,1.44,6.5,0,1
"Cole, Gerrit",2019-05-22,2019,1,3,1,93,2488,-1.12,1.72,6.1,0,0
"Cole, Gerrit",2019-05-22,2019,1,1,5,95.9,2532,-0.97,1.63,6.3,3,1
"Cole, Gerrit",2019-05-22,2019,1,1,3,93.9,2455,-0.87,1.54,6.3,1,1
"Cole, Gerrit",2019-05-22,2019,1,1,2,92,2371,-0.91,1.59,6.3,0,1
"Cole, Gerrit",2019-05-22,2019,1,1,1,93.6,2495,-0.92,1.72,6.4,0,0
"Wheeler, Zack",2019-05-21,2019,7,49,3,94.4,2415,-0.88,1.69,6.8,0,2
"Wheeler, Zack",2019-05-21,2019,7,49,1,93.5,2230,-0.9,1.51,6.4,0,0
"Wheeler, Zack",2019-05-21,2019,7,48,2,94.6,2329,-0.86,1.32,6.3,1,0
"Wheeler, Zack",2019-05-21,2019,7,47,1,94.8,2307,-1.02,1.29,6.6,0,0
"Wheeler, Zack",2019-05-21,2019,7,45,4,95.3,2123,-1.14,1.32,7,1,2
"Wheeler, Zack",2019-05-21,2019,7,45,3,94.4,2192,-1.08,1.28,6.7,1,1
"Wheeler, Zack",2019-05-21,2019,6,41,4,97.2,2463,-1.02,1.66,6.7,2,1
"Wheeler, Zack",2019-05-21,2019,6,40,4,96.9,2447,-1.09,1.54,6.6,2,1
"Wheeler, Zack",2019-05-21,2019,6,40,1,95.1,2413,-0.71,1.57,6.8,0,0
"Wheeler, Zack",2019-05-21,2019,6,39,5,95.8,2388,-0.93,1.4,6.5,1,2
"Wheeler, Zack",2019-05-21,2019,6,39,1,93.9,2272,-0.95,1.42,6.6,0,0
"Wheeler, Zack",2019-05-21,2019,5,31,6,95.6,2368,-1.17,1.51,6.5,2,2
"Wheeler, Zack",2019-05-21,2019,5,31,3,96.5,2347,-0.78,1.4,7,0,2
"Wheeler, Zack",2019-05-21,2019,5,31,1,95.5,2234,-0.95,1.48,6.5,0,0
"Wheeler, Zack",2019-05-21,2019,5,30,2,94.7,2353,-1.03,1.49,6.6,0,1
"Wheeler, Zack",2019-05-21,2019,5,29,1,95,2267,-1.23,1.51,6.5,0,0
"Wheeler, Zack",2019-05-21,2019,4,25,3,96.8,2422,-1.07,1.36,6.8,0,2
"Wheeler, Zack",2019-05-21,2019,4,24,1,95.9,2198,-1.3,1.56,6.4,0,0
"Wheeler, Zack",2019-05-21,2019,4,23,1,96.5,2430,-1.29,1.49,6.6,0,0
"Wheeler, Zack",2019-05-21,2019,3,17,2,96.4,2485,-1.24,1.48,7.1,0,1
"Wheeler, Zack",2019-05-21,2019,3,16,4,95.7,2310,-0.91,1.25,7,2,1
"Wheeler, Zack",2019-05-21,2019,3,16,2,96.1,2267,-0.9,1.22,7,1,0
"Wheeler, Zack",2019-05-21,2019,3,15,5,96.7,2318,-0.94,1.47,6.7,2,2
"Wheeler, Zack",2019-05-21,2019,3,15,3,95.8,2338,-0.82,1.65,6.4,1,1
"Wheeler, Zack",2019-05-21,2019,2,10,4,96.4,2410,-0.83,1.4,6.8,2,1
"Wheeler, Zack",2019-05-21,2019,2,10,2,96.6,2378,-0.84,1.47,6.8,1,0
"Wheeler, Zack",2019-05-21,2019,2,9,4,97.9,2296,-0.67,1.39,6.5,2,1
"Wheeler, Zack",2019-05-21,2019,2,9,3,97.2,2338,-0.83,1.53,6.6,1,1
"Wheeler, Zack",2019-05-21,2019,2,8,1,96.1,2183,-1.32,1.5,6.7,0,0
"Wheeler, Zack",2019-05-21,2019,2,7,5,97,2396,-0.95,1.55,6.4,1,2
"Wheeler, Zack",2019-05-21,2019,2,7,3,97.8,2399,-1.04,1.41,6.3,0,2
"Wheeler, Zack",2019-05-21,2019,1,3,5,98.9,2422,-0.85,1.44,6.5,2,2
"Wheeler, Zack",2019-05-21,2019,1,2,1,98.3,2419,-1.1,1.24,6.5,0,0
"Wheeler, Zack",2019-05-21,2019,1,1,6,99.1,2467,-1.05,1.29,6.5,2,2
"Wheeler, Zack",2019-05-21,2019,1,1,4,97.5,2324,-1.03,1.45,6.9,2,1
"Wheeler, Zack",2019-05-21,2019,1,1,1,97.2,2417,-0.86,1.37,6.6,0,0
"Alcantara, Sandy",2019-05-19,2019,9,58,1,97.3,2375,-0.84,1.18,6.2,0,0
"Alcantara, Sandy",2019-05-19,2019,7,40,1,95.4,2214,-0.64,1.22,5.7,0,0
"Alcantara, Sandy",2019-05-19,2019,6,34,3,97.1,2285,-0.6,1.4,5.8,0,2
"Alcantara, Sandy",2019-05-19,2019,5,26,1,96.4,2274,-0.79,1.27,5.8,0,0
"Alcantara, Sandy",2019-05-19,2019,3,13,4,96.9,2282,-0.62,1.37,5.6,1,2
"Alcantara, Sandy",2019-05-19,2019,1,1,2,94.9,2095,-0.66,1.23,5.5,1,0
"Alcantara, Sandy",2019-05-19,2019,1,1,1,95.5,2093,-0.75,1.04,5.4,0,0
"Gausman, Kevin",2019-05-18,2019,6,47,3,96.3,2126,-0.88,1.06,6.2,0,2
"Gausman, Kevin",2019-05-18,2019,6,47,2,95.5,2239,-0.65,1.29,6.1,0,1
"Gausman, Kevin",2019-05-18,2019,6,47,1,94,2207,-0.93,1.13,6.1,0,0
"Gausman, Kevin",2019-05-18,2019,6,46,2,94.8,2227,-0.92,1.04,6,0,1
"Gausman, Kevin",2019-05-18,2019,6,46,1,92.9,2198,-1.07,1,6.1,0,0
"Gausman, Kevin",2019-05-18,2019,5,41,2,95.3,2263,-1.07,1.14,6.4,1,0
"Gausman, Kevin",2019-05-18,2019,5,41,1,93.8,2107,-0.84,1.07,5.7,0,0
"Gausman, Kevin",2019-05-18,2019,5,40,2,94.2,2279,-1.11,1.16,6.4,0,1
"Gausman, Kevin",2019-05-18,2019,5,40,1,94.6,2321,-1.13,1.15,6.4,0,0
"Gausman, Kevin",2019-05-18,2019,5,39,4,94.7,2328,-0.9,1.29,6,1,2
"Gausman, Kevin",2019-05-18,2019,5,39,3,95.3,2273,-0.62,1.15,6.3,0,2
"Gausman, Kevin",2019-05-18,2019,5,39,1,92,2247,-0.71,1.37,6.1,0,0
"Gausman, Kevin",2019-05-18,2019,4,35,4,94.3,2087,-0.84,1.08,6,1,2
"Gausman, Kevin",2019-05-18,2019,4,35,3,95.8,1959,-0.75,1.02,6,0,2
"Gausman, Kevin",2019-05-18,2019,4,35,1,93.7,2098,-0.84,1.14,6.4,0,0
"Gausman, Kevin",2019-05-18,2019,4,34,2,92.2,2232,-0.9,1.19,6.2,0,1
"Gausman, Kevin",2019-05-18,2019,4,34,1,92.9,2208,-1.09,1.08,5.9,0,0
"Gausman, Kevin",2019-05-18,2019,4,33,2,92,2019,-0.73,1.07,6.1,0,1
"Gausman, Kevin",2019-05-18,2019,4,33,1,88.6,2050,-0.79,1.1,5.9,0,0
"Gausman, Kevin",2019-05-18,2019,3,26,2,94.4,2158,-1.08,0.96,6.2,1,0
"Gausman, Kevin",2019-05-18,2019,3,26,1,95.4,2249,-1.03,1.08,6.2,0,0
"Gausman, Kevin",2019-05-18,2019,3,25,3,96.9,2346,-1.05,1.25,6.1,0,2
"Gausman, Kevin",2019-05-18,2019,3,25,2,95.2,2270,-0.95,1.31,6.2,0,1
"Gausman, Kevin",2019-05-18,2019,3,25,1,95.1,2056,-0.98,0.89,6.1,0,0
"Gausman, Kevin",2019-05-18,2019,3,23,2,93.8,2168,-0.87,1.3,6,0,1
"Gausman, Kevin",2019-05-18,2019,3,22,4,95.3,2239,-0.72,1.25,5.9,1,2
"Gausman, Kevin",2019-05-18,2019,3,22,2,94.4,2365,-1.11,1.2,6.4,0,1
"Gausman, Kevin",2019-05-18,2019,3,22,1,94.5,2216,-1,1.23,5.9,0,0
"Gausman, Kevin",2019-05-18,2019,3,21,4,95.5,2351,-0.8,1.34,6.1,1,2
"Gausman, Kevin",2019-05-18,2019,3,21,2,92.8,2267,-0.71,1.1,6.1,0,1
"Gausman, Kevin",2019-05-18,2019,3,21,1,93,2334,-0.88,1.29,6,0,0
"Gausman, Kevin",2019-05-18,2019,2,16,2,95.9,2380,-1.06,1.15,6.1,0,1
"Gausman, Kevin",2019-05-18,2019,2,15,7,96.5,2257,-0.79,1.16,6.1,2,2
"Gausman, Kevin",2019-05-18,2019,2,15,3,95.1,2400,-0.72,1.36,6,0,2
"Gausman, Kevin",2019-05-18,2019,2,15,2,93,2245,-0.89,1.12,6.2,0,1
"Gausman, Kevin",2019-05-18,2019,2,15,1,90.8,2044,-0.85,1.01,5.7,0,0
"Gausman, Kevin",2019-05-18,2019,2,14,2,92.3,2257,-0.72,1.27,6.2,1,0
"Gausman, Kevin",2019-05-18,2019,2,14,1,91.8,2147,-0.83,1.27,5.9,0,0
"Gausman, Kevin",2019-05-18,2019,2,13,5,94.5,2172,-0.74,1.19,6.2,1,2
"Gausman, Kevin",2019-05-18,2019,2,13,3,92.7,2338,-0.89,1.15,5.8,1,1
"Gausman, Kevin",2019-05-18,2019,2,13,2,92.1,2107,-0.77,1.05,6.1,0,1
"Gausman, Kevin",2019-05-18,2019,2,13,1,90.8,2028,-0.89,1.03,6,0,0
"Gausman, Kevin",2019-05-18,2019,1,6,6,94.7,2265,-0.84,1.11,6.4,2,2
"Gausman, Kevin",2019-05-18,2019,1,6,3,92.4,2116,-0.66,1.19,6.3,2,0
"Gausman, Kevin",2019-05-18,2019,1,6,2,94.1,2290,-1.09,1.18,6.1,1,0
"Gausman, Kevin",2019-05-18,2019,1,6,1,94,2318,-0.99,1.16,6.2,0,0
"Gausman, Kevin",2019-05-18,2019,1,5,6,95.6,2294,-0.89,1.12,6.2,3,2
"Gausman, Kevin",2019-05-18,2019,1,5,5,95.1,2232,-0.76,1.23,6.3,2,2
"Gausman, Kevin",2019-05-18,2019,1,5,1,92.5,2166,-0.75,1.19,6.5,0,0
"Gausman, Kevin",2019-05-18,2019,1,4,3,94.6,2270,-0.87,1.24,6.5,2,0
"Gausman, Kevin",2019-05-18,2019,1,4,1,92.5,2129,-1,1.08,6,0,0
"Gausman, Kevin",2019-05-18,2019,1,3,5,94,2120,-0.87,1.13,6.5,2,2
"Gausman, Kevin",2019-05-18,2019,1,3,3,95.1,2344,-0.98,1.2,6.1,1,1
"Gausman, Kevin",2019-05-18,2019,1,3,2,94.4,2269,-0.64,1.3,6.1,1,0
"Gausman, Kevin",2019-05-18,2019,1,3,1,94.1,2160,-0.62,1.22,6.2,0,0
"Gausman, Kevin",2019-05-18,2019,1,2,4,96.3,2237,-0.85,1.24,6.3,1,2
"Gausman, Kevin",2019-05-18,2019,1,2,1,92.3,2216,-0.87,1.24,6,0,0
"Gausman, Kevin",2019-05-18,2019,1,1,3,92.6,2165,-0.84,1.34,5.9,1,1
"Gausman, Kevin",2019-05-18,2019,1,1,2,92.1,2070,-0.93,1.15,6.4,0,1
"Gausman, Kevin",2019-05-18,2019,1,1,1,92.6,2166,-0.86,1.21,6.2,0,0
"Cole, Gerrit",2019-05-17,2019,5,42,4,98.4,2549,-0.88,1.53,6.2,1,2
"Cole, Gerrit",2019-05-17,2019,5,42,2,98.9,2550,-0.9,1.45,6.2,0,1
"Cole, Gerrit",2019-05-17,2019,5,41,5,97.4,2486,-0.79,1.53,6.3,2,2
"Cole, Gerrit",2019-05-17,2019,5,41,3,98.2,2586,-0.9,1.34,6.5,0,2
"Cole, Gerrit",2019-05-17,2019,5,41,2,98.1,2601,-0.76,1.36,6.7,0,1
"Cole, Gerrit",2019-05-17,2019,5,40,6,99.5,2631,-0.79,1.49,6.6,2,2
"Cole, Gerrit",2019-05-17,2019,5,40,5,99,2691,-0.9,1.39,6.3,1,2
"Cole, Gerrit",2019-05-17,2019,5,40,4,100.3,2783,-0.84,1.39,6.5,1,2
"Cole, Gerrit",2019-05-17,2019,5,40,3,97.6,2600,-0.96,1.45,6.4,1,1
"Cole, Gerrit",2019-05-17,2019,5,40,2,96.8,2548,-1.04,1.31,6.5,0,1
"Cole, Gerrit",2019-05-17,2019,5,38,3,97.2,2600,-0.8,1.53,6.1,1,1
"Cole, Gerrit",2019-05-17,2019,5,38,2,96.1,2542,-0.86,1.58,6.1,1,0
"Cole, Gerrit",2019-05-17,2019,4,32,1,98.6,2582,-1.07,1.39,6.2,0,0
"Cole, Gerrit",2019-05-17,2019,4,31,4,99.1,2672,-0.85,1.54,6.2,0,2
"Cole, Gerrit",2019-05-17,2019,4,31,3,98.5,2616,-0.78,1.36,6.2,0,2
"Cole, Gerrit",2019-05-17,2019,4,31,2,97.9,2705,-0.76,1.49,6.3,0,1
"Cole, Gerrit",2019-05-17,2019,4,31,1,98.6,2664,-0.8,1.48,6.6,0,0
"Cole, Gerrit",2019-05-17,2019,4,30,7,98.7,2657,-0.96,1.52,6.6,3,2
"Cole, Gerrit",2019-05-17,2019,4,30,6,98.8,2648,-1.02,1.61,6.3,3,2
"Cole, Gerrit",2019-05-17,2019,4,30,3,98.3,2680,-0.88,1.55,6.2,1,1
"Cole, Gerrit",2019-05-17,2019,4,29,3,96.3,2514,-0.81,1.42,6.3,2,0
"Cole, Gerrit",2019-05-17,2019,3,25,3,97.7,2623,-0.81,1.51,6.1,2,0
"Cole, Gerrit",2019-05-17,2019,3,25,2,97.1,2495,-0.73,1.62,6.3,1,0
"Cole, Gerrit",2019-05-17,2019,3,24,5,98.3,2580,-0.79,1.56,6.1,3,1
"Cole, Gerrit",2019-05-17,2019,3,24,4,97.2,2589,-0.79,1.43,6.4,2,1
"Cole, Gerrit",2019-05-17,2019,3,24,2,96.4,2526,-0.69,1.45,6.5,1,0
"Cole, Gerrit",2019-05-17,2019,3,23,1,96.2,2561,-0.57,1.51,6.3,0,0
"Cole, Gerrit",2019-05-17,2019,3,22,7,98.6,2528,-0.92,1.37,6.2,2,2
"Cole, Gerrit",2019-05-17,2019,3,22,4,97.2,2547,-1.04,1.3,6.1,0,2
"Cole, Gerrit",2019-05-17,2019,2,18,6,98.6,2651,-0.89,1.48,6.3,3,2
"Cole, Gerrit",2019-05-17,2019,2,18,5,98.5,2648,-0.9,1.48,6.5,3,1
"Cole, Gerrit",2019-05-17,2019,2,18,4,98.2,2486,-1.01,1.54,6.2,2,1
"Cole, Gerrit",2019-05-17,2019,2,18,3,98.6,2600,-0.89,1.39,6.4,1,1
"Cole, Gerrit",2019-05-17,2019,2,18,2,97.5,2415,-0.96,1.4,6.1,1,0
"Cole, Gerrit",2019-05-17,2019,2,17,3,96.6,2588,-0.97,1.44,6.4,2,0
"Cole, Gerrit",2019-05-17,2019,2,17,1,97.4,2502,-1.02,1.36,6.8,0,0
"Cole, Gerrit",2019-05-17,2019,2,16,4,97.7,2551,-1.02,1.55,6.2,1,2
"Cole, Gerrit",2019-05-17,2019,2,16,3,96.9,2419,-0.93,1.31,6.4,1,1
"Cole, Gerrit",2019-05-17,2019,2,16,2,96.7,2439,-0.89,1.44,6.5,1,0
"Cole, Gerrit",2019-05-17,2019,2,16,1,97.4,2532,-0.68,1.5,6.4,0,0
"Cole, Gerrit",2019-05-17,2019,2,15,2,96.1,2533,-0.89,1.58,6.1,0,1
"Cole, Gerrit",2019-05-17,2019,2,15,1,95.2,2485,-0.9,1.49,6.2,0,0
"Cole, Gerrit",2019-05-17,2019,2,14,3,95.4,2430,-0.74,1.57,6.4,0,2
"Cole, Gerrit",2019-05-17,2019,2,14,2,94.9,2482,-0.85,1.56,6,0,1
"Cole, Gerrit",2019-05-17,2019,2,14,1,95.2,2482,-0.74,1.49,6.3,0,0
"Cole, Gerrit",2019-05-17,2019,1,8,5,99.6,2550,-0.92,1.38,6.2,2,2
"Cole, Gerrit",2019-05-17,2019,1,8,2,97.1,2699,-1.05,1.32,6.5,0,1
"Cole, Gerrit",2019-05-17,2019,1,7,2,96.5,2482,-0.8,1.3,6.1,0,1
"Cole, Gerrit",2019-05-17,2019,1,6,1,96.8,2441,-0.75,1.38,6.1,0,0
"Cole, Gerrit",2019-05-17,2019,1,5,7,97.7,2544,-0.93,1.63,6.6,3,2
"Cole, Gerrit",2019-05-17,2019,1,5,6,97.1,2525,-0.87,1.54,6.1,2,2
"Cole, Gerrit",2019-05-17,2019,1,5,3,97.5,2460,-1.02,1.33,6.1,0,2
"Cole, Gerrit",2019-05-17,2019,1,5,2,95.7,2520,-0.92,1.54,6.3,0,1
"Cole, Gerrit",2019-05-17,2019,1,5,1,94.9,2567,-1.02,1.52,6.1,0,0
"Gausman, Kevin",2019-05-29,2019,2,15,1,94.3,2211,-0.75,1.19,5.8,0,0
"Gausman, Kevin",2019-05-29,2019,2,14,3,92,2125,-0.7,1.24,5.8,1,1
"Gausman, Kevin",2019-05-29,2019,2,14,2,92.5,2163,-0.88,1.07,6.2,1,0
"Gausman, Kevin",2019-05-29,2019,2,13,3,93.6,2314,-0.79,1.29,5.7,1,1
"Gausman, Kevin",2019-05-29,2019,1,9,4,93.1,2118,-0.84,1.08,6.1,1,2
"Gausman, Kevin",2019-05-29,2019,1,9,3,93.6,2232,-0.79,1.33,6.2,1,1
"Gausman, Kevin",2019-05-29,2019,1,9,2,92,2177,-0.86,1.11,6,1,0
"Gausman, Kevin",2019-05-29,2019,1,9,1,92,2171,-0.69,1.19,6.1,0,0
"Gausman, Kevin",2019-05-29,2019,1,8,1,93.6,2066,-1.08,0.94,5.8,0,0
"Gausman, Kevin",2019-05-29,2019,1,7,4,94.1,2355,-0.91,1.22,6.1,2,1
"Gausman, Kevin",2019-05-29,2019,1,7,3,93.7,2307,-1.12,1.12,6.4,1,1
"Gausman, Kevin",2019-05-29,2019,1,7,2,94.1,2133,-0.91,0.98,6.1,0,1
"Gausman, Kevin",2019-05-29,2019,1,7,1,94.1,2215,-1.01,1.05,6.1,0,0
"Gausman, Kevin",2019-05-29,2019,1,6,3,94.3,2298,-1.05,1.21,6,1,1
"Gausman, Kevin",2019-05-29,2019,1,5,2,92.6,2114,-0.77,1.21,6.2,0,1
"Gausman, Kevin",2019-05-29,2019,1,5,1,94.1,2089,-0.84,1.08,5.9,0,0
"Gausman, Kevin",2019-05-29,2019,1,4,5,95.9,1960,-0.82,1.06,5.8,2,2
"Gausman, Kevin",2019-05-29,2019,1,3,1,94.2,2223,-0.92,1.16,5.8,0,0
"Gausman, Kevin",2019-05-29,2019,1,2,4,93.4,2166,-0.94,1.1,6,2,1
"Gausman, Kevin",2019-05-29,2019,1,2,3,92.4,2212,-0.73,1.15,6,1,1
"Gausman, Kevin",2019-05-29,2019,1,2,2,91.3,2241,-0.87,1.24,5.9,1,0
"Gausman, Kevin",2019-05-29,2019,1,1,2,94,2312,-0.98,1.19,6.4,0,1
"Gausman, Kevin",2019-05-29,2019,1,1,1,92.5,2198,-0.82,1.16,6.1,0,0
"Cole, Gerrit",2019-05-27,2019,6,49,5,97.1,2549,-0.9,1.5,6.1,1,2
"Cole, Gerrit",2019-05-27,2019,6,49,2,93.8,2384,-0.96,1.41,6.3,0,1
"Cole, Gerrit",2019-05-27,2019,6,48,4,96.5,2429,-0.95,1.45,6.4,1,2
"Cole, Gerrit",2019-05-27,2019,6,48,3,95.7,2455,-0.95,1.5,6,0,2
"Cole, Gerrit",2019-05-27,2019,6,48,2,94.1,2422,-0.93,1.58,6.2,0,1
"Cole, Gerrit",2019-05-27,2019,6,47,5,95.2,2452,-0.9,1.49,6.3,2,2
"Cole, Gerrit",2019-05-27,2019,6,47,1,95.1,2600,-0.69,1.58,6.1,0,0
"Cole, Gerrit",2019-05-27,2019,5,42,2,97.5,2610,-1.08,1.51,6.2,0,1
"Cole, Gerrit",2019-05-27,2019,5,41,8,98,2533,-0.9,1.55,6.7,2,2
"Cole, Gerrit",2019-05-27,2019,5,41,7,98.4,2541,-0.99,1.52,6.4,1,2
"Cole, Gerrit",2019-05-27,2019,5,41,4,98,2531,-0.93,1.42,6.7,1,2
"Cole, Gerrit",2019-05-27,2019,5,40,4,97.9,2461,-0.99,1.32,6.4,2,1
"Cole, Gerrit",2019-05-27,2019,5,39,7,98.9,2740,-1.19,1.44,6.1,3,2
"Cole, Gerrit",2019-05-27,2019,5,39,6,97.1,2597,-1.02,1.52,6.2,3,2
"Cole, Gerrit",2019-05-27,2019,5,39,5,97.8,2541,-0.84,1.55,6.4,2,2
"Cole, Gerrit",2019-05-27,2019,5,39,4,96.7,2483,-0.82,1.52,6.3,2,1
"Cole, Gerrit",2019-05-27,2019,5,39,3,96.2,2494,-0.88,1.53,6.3,2,0
"Cole, Gerrit",2019-05-27,2019,5,39,2,95.9,2548,-0.99,1.51,6.3,1,0
"Cole, Gerrit",2019-05-27,2019,4,34,3,96.7,2503,-1.05,1.59,6.4,1,1
"Cole, Gerrit",2019-05-27,2019,4,33,4,99,2587,-1.07,1.44,6.4,1,2
"Cole, Gerrit",2019-05-27,2019,4,33,3,98.3,2626,-0.74,1.61,6.1,0,2
"Cole, Gerrit",2019-05-27,2019,4,33,1,95.3,2500,-1.07,1.46,6.4,0,0
"Cole, Gerrit",2019-05-27,2019,4,32,2,96.5,2372,-0.81,1.46,6.4,0,1
"Cole, Gerrit",2019-05-27,2019,4,31,4,97.6,2492,-1.07,1.47,6,1,2
"Cole, Gerrit",2019-05-27,2019,4,31,3,98.1,2414,-1.06,1.39,6,1,1
"Cole, Gerrit",2019-05-27,2019,4,31,1,96.6,2598,-1.02,1.53,6.3,0,0
"Cole, Gerrit",2019-05-27,2019,3,21,3,97.9,2545,-1.04,1.49,6.2,0,2
"Cole, Gerrit",2019-05-27,2019,3,20,6,98.1,2610,-1.08,1.45,6.1,2,2
"Cole, Gerrit",2019-05-27,2019,3,20,5,98,2500,-0.76,1.45,6.1,2,2
"Cole, Gerrit",2019-05-27,2019,3,20,3,97.8,2497,-1.02,1.47,6.3,1,1
"Cole, Gerrit",2019-05-27,2019,3,20,1,97,2494,-0.95,1.5,6.1,0,0
"Cole, Gerrit",2019-05-27,2019,3,19,2,95.4,2456,-0.9,1.6,6.2,0,1
"Cole, Gerrit",2019-05-27,2019,3,19,1,96,2514,-0.92,1.43,6.1,0,0
"Cole, Gerrit",2019-05-27,2019,2,12,2,96.7,2389,-1.13,1.34,6.5,1,0
"Cole, Gerrit",2019-05-27,2019,2,12,1,96.8,2496,-0.99,1.66,6.2,0,0
"Cole, Gerrit",2019-05-27,2019,2,11,3,98.3,2588,-1.07,1.37,6.3,0,2
"Cole, Gerrit",2019-05-27,2019,2,11,1,96,2562,-0.98,1.69,6.2,0,0
"Cole, Gerrit",2019-05-27,2019,2,10,6,98.9,2619,-0.89,1.67,6.3,2,2
"Cole, Gerrit",2019-05-27,2019,2,10,4,97.1,2514,-0.83,1.28,6,1,2
"Cole, Gerrit",2019-05-27,2019,2,10,2,96.4,2536,-0.9,1.52,6.4,0,1
"Cole, Gerrit",2019-05-27,2019,2,10,1,95.9,2643,-0.86,1.73,5.9,0,0
"Cole, Gerrit",2019-05-27,2019,1,5,5,97.7,2536,-0.83,1.64,6.3,2,2
"Cole, Gerrit",2019-05-27,2019,1,5,4,96.8,2517,-0.78,1.59,6.3,2,1
"Cole, Gerrit",2019-05-27,2019,1,5,2,96,2461,-0.85,1.6,6.4,0,1
"Cole, Gerrit",2019-05-27,2019,1,5,1,95,2484,-1.07,1.53,6.1,0,0
"Cole, Gerrit",2019-05-27,2019,1,4,2,97,2483,-1.11,1.38,6.1,0,1
"Cole, Gerrit",2019-05-27,2019,1,4,1,96.1,2541,-0.88,1.67,6.4,0,0
"Cole, Gerrit",2019-05-27,2019,1,3,4,98.5,2533,-1.02,1.64,6,1,2
"Cole, Gerrit",2019-05-27,2019,1,3,3,96.8,2474,-0.94,1.69,6.5,1,1
"Cole, Gerrit",2019-05-27,2019,1,3,1,97.5,2571,-1.19,1.64,6,0,0
"Cole, Gerrit",2019-05-27,2019,1,2,3,98.3,2498,-1.13,1.53,6.1,0,2
"Cole, Gerrit",2019-05-27,2019,1,1,6,98.2,2496,-0.93,1.61,6.3,3,2
"Cole, Gerrit",2019-05-27,2019,1,1,5,97.3,2480,-0.76,1.6,6.1,3,1
"Cole, Gerrit",2019-05-27,2019,1,1,3,96.2,2523,-0.98,1.68,6.1,1,1
"Cole, Gerrit",2019-05-27,2019,1,1,2,96.5,2586,-0.96,1.65,6.1,0,1
"Cole, Gerrit",2019-05-27,2019,1,1,1,95.9,2585,-0.91,1.84,6.2,0,0
"Wheeler, Zack",2019-05-26,2019,8,56,6,97.8,2403,-0.88,1.3,6.9,3,2
"Wheeler, Zack",2019-05-26,2019,8,56,2,97,2285,-0.75,1.3,7.1,1,0
"Wheeler, Zack",2019-05-26,2019,7,48,4,96.8,2277,-0.78,1.22,6.5,1,2
"Wheeler, Zack",2019-05-26,2019,6,42,4,97.4,2405,-1,1.24,6.9,0,2
"Wheeler, Zack",2019-05-26,2019,6,42,2,95.7,2259,-0.98,1.21,6.6,0,1
"Wheeler, Zack",2019-05-26,2019,6,41,3,98.1,2369,-1.03,1.3,6.5,1,1
"Wheeler, Zack",2019-05-26,2019,6,41,1,97.1,2274,-1.07,1.29,6.5,0,0
"Wheeler, Zack",2019-05-26,2019,6,40,4,98.3,2416,-0.98,1.42,6.7,0,2
"Wheeler, Zack",2019-05-26,2019,5,36,2,97.6,2366,-0.82,1.31,7,0,1
"Wheeler, Zack",2019-05-26,2019,5,35,5,96.9,2378,-0.91,1.13,7.3,2,2
"Wheeler, Zack",2019-05-26,2019,5,35,3,96.1,2320,-0.9,1.22,7.3,2,0
"Wheeler, Zack",2019-05-26,2019,5,35,2,96.9,2379,-0.88,1.37,6.7,1,0
"Wheeler, Zack",2019-05-26,2019,5,35,1,96.2,2336,-1.1,1.4,6.6,0,0
"Wheeler, Zack",2019-05-26,2019,4,26,4,98,2352,-0.93,1.14,7.1,1,2
"Wheeler, Zack",2019-05-26,2019,4,26,1,97.8,2443,-0.7,1.27,6.4,0,0
"Wheeler, Zack",2019-05-26,2019,4,25,3,97.5,2348,-0.85,1.14,6.5,1,1
"Wheeler, Zack",2019-05-26,2019,4,25,2,96.5,2322,-0.87,1.09,6.5,1,0
"Wheeler, Zack",2019-05-26,2019,4,25,1,97.3,2355,-0.82,1.07,6.3,0,0
"Wheeler, Zack",2019-05-26,2019,3,18,1,96.9,2290,-0.89,1.08,7.5,0,0
"Wheeler, Zack",2019-05-26,2019,3,17,2,97.8,2442,-1.03,1.27,6.8,1,0
"Wheeler, Zack",2019-05-26,2019,3,17,1,97.3,2379,-1,1.18,6.5,0,0
"Wheeler, Zack",2019-05-26,2019,3,15,2,94.6,2319,-0.94,1.08,6.4,0,1
"Wheeler, Zack",2019-05-26,2019,2,10,3,96.7,2314,-0.91,1.15,6.3,1,1
"Wheeler, Zack",2019-05-26,2019,2,10,2,95.9,2357,-0.96,1.21,6.9,1,0
"Wheeler, Zack",2019-05-26,2019,2,10,1,96.8,2296,-0.91,1.42,7.5,0,0
"Wheeler, Zack",2019-05-26,2019,1,4,3,96.9,2302,-0.94,1.09,6.4,0,2
"Wheeler, Zack",2019-05-26,2019,1,3,6,97.1,2347,-0.71,1.2,7,3,2
"Wheeler, Zack",2019-05-26,2019,1,3,2,96.8,2488,-0.83,1.34,6.6,1,0
"Wheeler, Zack",2019-05-26,2019,1,2,1,97.2,2435,-1.04,1.45,6.5,0,0
"Wheeler, Zack",2019-05-26,2019,1,1,7,97.8,2266,-1.05,1.19,6.5,2,2
"Wheeler, Zack",2019-05-26,2019,1,1,1,94.6,2136,-0.93,1.26,6.6,0,0
"Alcantara, Sandy",2019-05-25,2019,5,36,2,94.8,2390,-0.77,1.14,5.3,0,1
"Alcantara, Sandy",2019-05-25,2019,5,35,4,96.1,2241,-0.52,1.28,5.7,2,1
"Alcantara, Sandy",2019-05-25,2019,4,31,1,96.6,2249,-0.56,1.22,5.9,0,0
"Alcantara, Sandy",2019-05-25,2019,4,30,1,95,2335,-0.82,1.28,5.4,0,0
"Alcantara, Sandy",2019-05-25,2019,4,29,1,96.4,2195,-0.54,1.14,5.7,0,0
"Alcantara, Sandy",2019-05-25,2019,4,27,6,96.9,2308,-0.52,1.07,5.7,3,2
"Alcantara, Sandy",2019-05-25,2019,4,27,5,98.9,2223,-0.53,1.41,6,2,2
"Alcantara, Sandy",2019-05-25,2019,4,27,4,97.4,2419,-0.65,1.24,5.7,2,1
"Alcantara, Sandy",2019-05-25,2019,4,27,3,96.4,2326,-0.44,1.24,5.9,2,0
"Alcantara, Sandy",2019-05-25,2019,4,27,2,97,2138,-0.51,1.19,5.8,1,0
"Alcantara, Sandy",2019-05-25,2019,4,26,6,97.4,2246,-0.68,1.14,5.7,2,2
"Alcantara, Sandy",2019-05-25,2019,4,24,5,98.7,2016,-0.38,1.01,5.9,2,2
"Alcantara, Sandy",2019-05-25,2019,4,24,4,97.8,2189,-0.61,1.15,5.8,2,1
"Alcantara, Sandy",2019-05-25,2019,4,23,3,98.3,2152,-0.7,1.01,5.7,0,2
"Alcantara, Sandy",2019-05-25,2019,4,23,2,97.7,2343,-0.72,1.21,5.8,0,1
"Alcantara, Sandy",2019-05-25,2019,3,19,5,98.5,2251,-0.73,1.09,5.9,2,2
"Alcantara, Sandy",2019-05-25,2019,3,19,4,96.6,2247,-0.57,0.94,5.7,2,1
"Alcantara, Sandy",2019-05-25,2019,3,19,3,96.5,2254,-0.51,1.22,5.9,2,0
"Alcantara, Sandy",2019-05-25,2019,3,19,2,93.2,2285,-0.07,0.75,5.7,1,0
"Alcantara, Sandy",2019-05-25,2019,3,18,3,96.5,2255,-0.58,1.33,5.8,0,2
"Alcantara, Sandy",2019-05-25,2019,3,18,2,96.1,2294,-0.69,1.24,5.7,0,1
"Alcantara, Sandy",2019-05-25,2019,3,17,5,95.1,2349,-0.99,1.34,5.7,3,1
"Alcantara, Sandy",2019-05-25,2019,3,17,3,97.3,2339,-0.65,1.25,5.7,1,1
"Alcantara, Sandy",2019-05-25,2019,3,17,2,96.8,2342,-0.57,1.34,5.8,1,0
"Alcantara, Sandy",2019-05-25,2019,3,17,1,96.4,2260,-0.76,1.28,5.8,0,0
"Alcantara, Sandy",2019-05-25,2019,3,16,3,97.6,2331,-0.76,1.3,5.6,0,2
"Alcantara, Sandy",2019-05-25,2019,2,12,2,97.9,2151,-0.51,1.18,6,1,0
"Alcantara, Sandy",2019-05-25,2019,2,12,1,98,2016,-0.45,1,6,0,0
"Alcantara, Sandy",2019-05-25,2019,2,11,2,96.5,2280,-0.75,1.21,5.6,0,1
"Alcantara, Sandy",2019-05-25,2019,1,6,4,97.6,2425,-0.83,1.14,5.8,2,1
"Alcantara, Sandy",2019-05-25,2019,1,6,1,97,2344,-0.75,1.11,5.9,0,0
"Alcantara, Sandy",2019-05-25,2019,1,4,4,95.3,2322,-0.63,1.11,6.1,2,1
"Alcantara, Sandy",2019-05-25,2019,1,4,2,94.7,2424,-0.77,1.34,5.5,1,0
"Alcantara, Sandy",2019-05-25,2019,1,4,1,95.7,2394,-0.93,1.15,5.6,0,0
"Alcantara, Sandy",2019-06-05,2019,7,54,3,96,2247,-0.68,1.13,5.9,1,1
"Alcantara, Sandy",2019-06-05,2019,7,53,3,94,2132,-0.69,0.98,5.8,2,0
"Alcantara, Sandy",2019-06-05,2019,6,48,2,96.2,2308,-0.85,1.02,6,0,1
"Gausman, Kevin",2019-06-05,2019,5,44,5,95.1,2135,-0.53,1.31,6,0,2
"Gausman, Kevin",2019-06-05,2019,5,44,4,94.7,2283,-1.09,1.24,6.3,0,2
"Alcantara, Sandy",2019-06-05,2019,6,47,6,96.8,2378,-0.79,1.17,6,3,2
"Alcantara, Sandy",2019-06-05,2019,6,47,5,95.4,2308,-0.84,1.12,5.7,3,1
"Gausman, Kevin",2019-06-05,2019,5,44,1,94.1,2166,-1.02,0.98,6.1,0,0
"Alcantara, Sandy",2019-06-05,2019,6,47,2,95.4,2296,-0.67,1.08,5.9,0,1
"Gausman, Kevin",2019-06-05,2019,5,43,3,94.3,2237,-1.02,1.11,6.5,1,1
"Alcantara, Sandy",2019-06-05,2019,6,47,1,95.3,2074,-0.94,0.8,5.5,0,0
"Gausman, Kevin",2019-06-05,2019,5,43,2,92.8,2133,-0.94,1.26,6.2,1,0
"Gausman, Kevin",2019-06-05,2019,5,43,1,91.4,2006,-0.86,1.11,6,0,0
"Alcantara, Sandy",2019-06-05,2019,6,45,3,98.1,2319,-0.57,1.06,6.1,0,2
"Gausman, Kevin",2019-06-05,2019,5,42,1,94.2,2280,-0.63,1.31,6,0,0
"Gausman, Kevin",2019-06-05,2019,5,41,3,92.7,2315,-0.97,1.27,5.9,2,0
"Alcantara, Sandy",2019-06-05,2019,6,45,2,96.8,2329,-0.67,1.16,6.2,0,1
"Alcantara, Sandy",2019-06-05,2019,6,45,1,95.1,2196,-0.54,1.17,5.5,0,0
"Alcantara, Sandy",2019-06-05,2019,5,41,4,98.5,2142,-0.78,0.95,5.9,1,2
"Alcantara, Sandy",2019-06-05,2019,5,41,3,97.8,2224,-0.59,1.44,5.6,1,1
"Gausman, Kevin",2019-06-05,2019,4,36,1,94.7,2217,-1.18,1.14,6.2,0,0
"Alcantara, Sandy",2019-06-05,2019,5,41,2,98.4,2081,-0.75,1.32,5.9,0,1
"Alcantara, Sandy",2019-06-05,2019,5,41,1,97.6,2178,-0.64,1.4,5.5,0,0
"Gausman, Kevin",2019-06-05,2019,4,35,1,93,2303,-1.11,1.16,6.2,0,0
"Gausman, Kevin",2019-06-05,2019,4,34,1,94,2383,-1.07,1.27,5.9,0,0
"Alcantara, Sandy",2019-06-05,2019,5,40,2,95.6,2221,-0.83,1.04,6,1,0
"Alcantara, Sandy",2019-06-05,2019,5,39,8,97,2231,-0.55,1.15,5.7,2,2
"Alcantara, Sandy",2019-06-05,2019,5,39,7,97.1,2147,-0.74,0.93,6,1,2
"Gausman, Kevin",2019-06-05,2019,3,30,1,93.7,2197,-0.95,1.25,6.2,0,0
"Gausman, Kevin",2019-06-05,2019,3,28,4,95.2,2404,-0.91,1.22,6,3,0
"Alcantara, Sandy",2019-06-05,2019,5,39,4,96.5,2198,-0.67,1.06,5.6,1,2
"Gausman, Kevin",2019-06-05,2019,3,28,3,94.7,2364,-0.93,1.37,6.1,2,0
"Alcantara, Sandy",2019-06-05,2019,5,39,1,93.7,2214,-0.91,1.15,5.8,0,0
"Gausman, Kevin",2019-06-05,2019,3,27,1,93.8,2073,-0.97,1.09,6.1,0,0
"Gausman, Kevin",2019-06-05,2019,3,26,1,93.2,2042,-0.79,1.05,5.8,0,0
"Alcantara, Sandy",2019-06-05,2019,4,33,6,96.2,2395,-0.61,1.17,5.5,3,2
"Gausman, Kevin",2019-06-05,2019,2,21,3,94.9,2260,-1.08,1.18,6.3,1,1
"Gausman, Kevin",2019-06-05,2019,2,21,2,93.6,2216,-1,1.24,6.1,1,0
"Alcantara, Sandy",2019-06-05,2019,4,33,3,95.2,2257,-0.56,1.4,5.7,2,0
"Alcantara, Sandy",2019-06-05,2019,4,33,2,94,2344,-0.75,1.25,5.9,1,0
"Gausman, Kevin",2019-06-05,2019,2,19,5,95.8,2114,-1.01,1.07,6.2,2,2
"Gausman, Kevin",2019-06-05,2019,2,19,1,96.1,2299,-0.85,1.2,6.2,0,0
"Gausman, Kevin",2019-06-05,2019,2,18,1,94.9,2282,-1.05,1.09,5.9,0,0
"Alcantara, Sandy",2019-06-05,2019,3,27,5,96.6,2227,-0.6,1.16,5.9,2,2
"Gausman, Kevin",2019-06-05,2019,2,17,5,95.6,2429,-1.01,1.37,6,2,2
"Gausman, Kevin",2019-06-05,2019,2,17,4,93.9,2388,-1.28,1.2,6.2,1,2
"Gausman, Kevin",2019-06-05,2019,2,17,3,94,2344,-1.17,1.13,5.9,1,1
"Alcantara, Sandy",2019-06-05,2019,3,27,2,94.2,2410,-0.85,1.17,5.4,1,0
"Alcantara, Sandy",2019-06-05,2019,3,27,1,95,2374,-0.98,1.08,5.7,0,0
"Gausman, Kevin",2019-06-05,2019,2,17,2,95.2,2410,-0.95,1.41,6.3,0,1
"Gausman, Kevin",2019-06-05,2019,2,17,1,94.9,2331,-0.95,1.26,6.4,0,0
"Gausman, Kevin",2019-06-05,2019,2,16,6,95.9,2325,-0.85,1.37,6.4,2,2
"Gausman, Kevin",2019-06-05,2019,2,16,5,95.8,2354,-0.9,1.25,6.1,2,2
"Gausman, Kevin",2019-06-05,2019,2,16,3,96.7,2264,-0.77,1.24,6.1,0,2
"Gausman, Kevin",2019-06-05,2019,2,16,2,94.5,2219,-0.74,1.33,6.1,0,1
"Gausman, Kevin",2019-06-05,2019,2,16,1,94.6,2305,-0.83,1.22,6,0,0
"Alcantara, Sandy",2019-06-05,2019,2,15,4,96.7,2321,-0.61,1.14,6.1,1,2
"Alcantara, Sandy",2019-06-05,2019,2,15,3,96.7,2394,-0.71,1.15,5.9,0,2
"Gausman, Kevin",2019-06-05,2019,2,15,5,95.7,2363,-0.73,1.36,6,2,2
"Gausman, Kevin",2019-06-05,2019,2,15,3,94.7,2281,-0.67,1.34,6,2,0
"Alcantara, Sandy",2019-06-05,2019,2,14,7,95.8,2175,-0.76,0.96,5.8,3,2
"Gausman, Kevin",2019-06-05,2019,2,15,1,94.6,2158,-0.58,1.33,6.2,0,0
"Alcantara, Sandy",2019-06-05,2019,2,14,4,95.2,2272,-0.7,1.2,6,2,1
"Gausman, Kevin",2019-06-05,2019,2,14,1,94.6,2337,-1.13,1.19,6.3,0,0
"Gausman, Kevin",2019-06-05,2019,2,13,3,95.7,2335,-1.16,1.32,6,0,2
"Gausman, Kevin",2019-06-05,2019,2,13,2,94.1,2194,-1.03,1.17,6.1,0,1
"Gausman, Kevin",2019-06-05,2019,2,13,1,93.9,2378,-0.75,1.33,6.3,0,0
"Alcantara, Sandy",2019-06-05,2019,2,13,3,95.9,2341,-0.79,1.17,5.4,0,2
"Alcantara, Sandy",2019-06-05,2019,2,13,2,94.2,2325,-0.89,1.19,5.3,0,1
"Gausman, Kevin",2019-06-05,2019,1,7,1,94.4,2233,-1.02,1.26,5.8,0,0
"Gausman, Kevin",2019-06-05,2019,1,6,5,97.2,2336,-0.92,1.37,5.8,1,2
"Gausman, Kevin",2019-06-05,2019,1,6,4,96.6,2359,-1.05,1.42,6.2,1,2
"Alcantara, Sandy",2019-06-05,2019,2,12,1,92.5,2154,-0.7,1.21,5.4,0,0
"Gausman, Kevin",2019-06-05,2019,1,6,2,96,2400,-0.92,1.21,6.2,0,1
"Alcantara, Sandy",2019-06-05,2019,1,8,1,95.6,2091,-0.58,1.02,5.8,0,0
"Alcantara, Sandy",2019-06-05,2019,1,7,5,96.4,2220,-0.67,1.09,5.4,2,2
"Gausman, Kevin",2019-06-05,2019,1,6,1,95.7,2334,-1.02,1.22,5.8,0,0
"Gausman, Kevin",2019-06-05,2019,1,5,6,94.5,2188,-0.98,1.27,6,3,2
"Gausman, Kevin",2019-06-05,2019,1,5,5,94.5,2248,-0.98,1.31,5.9,3,1
"Alcantara, Sandy",2019-06-05,2019,1,7,2,95.5,2265,-0.74,1.07,5.5,0,1
"Gausman, Kevin",2019-06-05,2019,1,5,4,95.9,2328,-0.98,1.22,6.1,2,1
"Alcantara, Sandy",2019-06-05,2019,1,7,1,95.9,2362,-0.86,1.04,5.9,0,0
"Alcantara, Sandy",2019-06-05,2019,1,6,6,95.9,2371,-0.81,1.09,5.8,3,2
"Alcantara, Sandy",2019-06-05,2019,1,6,5,94.8,2414,-0.87,0.98,5.6,3,1
"Gausman, Kevin",2019-06-05,2019,1,5,1,94.4,2174,-0.84,1.36,5.8,0,0
"Gausman, Kevin",2019-06-05,2019,1,4,3,94.6,2251,-0.74,1.37,6.2,1,1
"Alcantara, Sandy",2019-06-05,2019,1,6,2,93.5,2241,-0.79,1.16,5.6,1,0
"Gausman, Kevin",2019-06-05,2019,1,4,2,94.1,2307,-0.91,1.27,5.6,1,0
"Gausman, Kevin",2019-06-05,2019,1,4,1,93.1,2249,-0.88,1.31,6.1,0,0
"Alcantara, Sandy",2019-06-05,2019,1,6,1,94.1,2234,-0.73,1.19,5.5,0,0
"Cole, Gerrit",2019-06-02,2019,6,49,1,99.3,2779,-0.86,1.49,6,0,0
"Cole, Gerrit",2019-06-02,2019,6,48,1,98.5,2690,-1.26,1.54,6,0,0
"Cole, Gerrit",2019-06-02,2019,6,47,5,98.9,2642,-1.02,1.56,6,2,2
"Cole, Gerrit",2019-06-02,2019,6,47,1,97.5,2626,-1.02,1.34,6.4,0,0
"Cole, Gerrit",2019-06-02,2019,5,41,2,97.2,2535,-1.19,1.66,6.2,0,1
"Cole, Gerrit",2019-06-02,2019,5,41,1,96.1,2672,-1.19,1.72,6.2,0,0
"Cole, Gerrit",2019-06-02,2019,5,40,4,96,2597,-1.17,1.75,6.2,2,1
"Cole, Gerrit",2019-06-02,2019,4,33,1,97.4,2703,-1.03,1.46,6.2,0,0
"Cole, Gerrit",2019-06-02,2019,4,32,4,97.8,2629,-1.03,1.44,6.1,1,2
"Cole, Gerrit",2019-06-02,2019,4,31,1,96.9,2561,-1.19,1.49,6.1,0,0
"Cole, Gerrit",2019-06-02,2019,3,25,5,97.1,2643,-1.25,1.62,6.6,2,2
"Cole, Gerrit",2019-06-02,2019,3,23,5,97.1,2599,-1.11,1.62,6,1,2
"Cole, Gerrit",2019-06-02,2019,3,23,4,96.2,2618,-1.23,1.71,5.9,1,2
"Cole, Gerrit",2019-06-02,2019,2,18,6,98.1,2574,-1.06,1.58,6.3,2,2
"Cole, Gerrit",2019-06-02,2019,2,18,5,97.2,2548,-0.83,1.44,6.5,2,2
"Cole, Gerrit",2019-06-02,2019,2,17,1,96.7,2662,-1.03,1.49,6.2,0,0
"Cole, Gerrit",2019-06-02,2019,2,16,9,98.3,2607,-0.9,1.42,6.2,3,2
"Cole, Gerrit",2019-06-02,2019,2,16,8,98.6,2747,-1.1,1.37,6.1,3,2
"Cole, Gerrit",2019-06-02,2019,2,16,7,97.3,2565,-0.95,1.43,6.2,3,2
"Cole, Gerrit",2019-06-02,2019,2,16,6,97.2,2662,-1.12,1.65,6.6,3,2
"Cole, Gerrit",2019-06-02,2019,2,16,5,96.2,2635,-0.9,1.53,6,2,2
"Cole, Gerrit",2019-06-02,2019,2,16,3,96.3,2534,-0.97,1.48,5.8,1,1
"Cole, Gerrit",2019-06-02,2019,2,16,2,94.8,2428,-0.84,1.5,6.5,1,0
"Cole, Gerrit",2019-06-02,2019,2,16,1,95.3,2534,-1.15,1.51,6.3,0,0
"Cole, Gerrit",2019-06-02,2019,2,15,1,95.8,2594,-1.01,1.47,6.1,0,0
"Cole, Gerrit",2019-06-02,2019,2,14,2,95.7,2564,-0.72,1.59,6.3,0,1
"Cole, Gerrit",2019-06-02,2019,2,14,1,95.2,2685,-1.06,1.63,6.3,0,0
"Cole, Gerrit",2019-06-02,2019,1,10,4,96.8,2541,-1.13,1.48,6.3,2,1
"Cole, Gerrit",2019-06-02,2019,1,10,3,96.9,2544,-0.9,1.7,6.1,2,0
"Cole, Gerrit",2019-06-02,2019,1,9,6,96.7,2546,-1.01,1.56,6,3,2
"Cole, Gerrit",2019-06-02,2019,1,9,4,95.9,2561,-0.99,1.44,6,1,2
"Cole, Gerrit",2019-06-02,2019,1,9,3,95,2555,-1.25,1.53,6.2,1,1
"Cole, Gerrit",2019-06-02,2019,1,9,2,95.2,2472,-0.87,1.47,6,1,0
"Cole, Gerrit",2019-06-02,2019,1,8,1,94.8,2558,-0.95,1.44,6.2,0,0
"Cole, Gerrit",2019-06-02,2019,1,7,7,96.2,2667,-1.32,1.57,6.1,2,2
"Cole, Gerrit",2019-06-02,2019,1,7,5,95.9,2646,-1.26,1.55,6.3,1,2
"Cole, Gerrit",2019-06-02,2019,1,7,4,96.3,2607,-0.89,1.55,6,1,2
"Cole, Gerrit",2019-06-02,2019,1,7,1,93.7,2421,-1.14,1.56,6.2,0,0
"Cole, Gerrit",2019-06-02,2019,1,6,6,95.7,2532,-0.91,1.59,6.2,3,2
"Cole, Gerrit",2019-06-02,2019,1,6,5,94,2567,-1.14,1.86,6.1,3,1
"Cole, Gerrit",2019-06-02,2019,1,6,4,93.8,2527,-1.08,1.77,5.9,2,1
"Cole, Gerrit",2019-06-02,2019,1,6,3,93.2,2578,-1.23,1.76,6.3,1,1
"Cole, Gerrit",2019-06-02,2019,1,6,2,92.2,2507,-1.05,1.8,6,0,1
"Cole, Gerrit",2019-06-02,2019,1,6,1,92.6,2592,-1.07,1.93,5.9,0,0
"Wheeler, Zack",2019-05-31,2019,7,58,3,97.4,2506,-0.89,1.41,6.6,0,2
"Wheeler, Zack",2019-05-31,2019,7,57,4,98.6,2526,-0.89,1.19,6.6,1,2
"Wheeler, Zack",2019-05-31,2019,7,57,2,96.4,2439,-0.82,1.19,6.9,1,0
"Wheeler, Zack",2019-05-31,2019,7,57,1,97.1,2331,-0.59,1.26,6.7,0,0
"Wheeler, Zack",2019-05-31,2019,7,56,3,96.4,2389,-1.02,1.33,6.5,1,1
"Wheeler, Zack",2019-05-31,2019,7,56,2,93.8,2233,-1.1,1.3,6.7,0,1
"Wheeler, Zack",2019-05-31,2019,6,49,6,97.3,2500,-0.97,1.17,7.3,2,2
"Wheeler, Zack",2019-05-31,2019,6,49,4,97.7,2548,-0.92,1.5,6.8,0,2
"Wheeler, Zack",2019-05-31,2019,6,49,3,98.3,2472,-0.93,1.34,6.7,0,2
"Wheeler, Zack",2019-05-31,2019,6,49,1,97.6,2456,-0.87,1.38,6.6,0,0
"Wheeler, Zack",2019-05-31,2019,6,48,1,95.7,2246,-1.03,1.38,6.9,0,0
"Wheeler, Zack",2019-05-31,2019,6,47,1,96.3,2308,-0.94,1.34,6.8,0,0
"Wheeler, Zack",2019-05-31,2019,6,46,3,96.8,2417,-1.01,1.47,6.8,1,1
"Wheeler, Zack",2019-05-31,2019,6,46,1,96.4,2338,-0.7,1.43,6.6,0,0
"Wheeler, Zack",2019-05-31,2019,5,39,2,94.8,2285,-1.11,1.29,6.5,1,0
"Wheeler, Zack",2019-05-31,2019,4,33,1,95.9,2431,-0.96,1.3,6.7,0,0
"Wheeler, Zack",2019-05-31,2019,4,32,2,96.3,2257,-0.58,1.4,6.8,1,0
"Wheeler, Zack",2019-05-31,2019,4,30,1,97.2,2386,-0.97,1.29,7,0,0
"Wheeler, Zack",2019-05-31,2019,3,26,1,97.8,2289,-0.85,1,6.4,0,0
"Wheeler, Zack",2019-05-31,2019,3,25,7,97.8,2304,-1.11,1.3,6.4,3,2
"Wheeler, Zack",2019-05-31,2019,3,25,5,97.6,2319,-0.8,1.21,6.8,1,2
"Wheeler, Zack",2019-05-31,2019,3,25,4,97.5,2377,-1.06,1.24,6.7,1,2
"Wheeler, Zack",2019-05-31,2019,3,25,3,94.9,2286,-0.99,1.39,6.5,1,1
"Wheeler, Zack",2019-05-31,2019,3,24,5,97.2,2328,-0.9,1.09,6.5,2,2
"Wheeler, Zack",2019-05-31,2019,3,24,3,95.6,2233,-1.1,1.23,6.6,1,1
"Wheeler, Zack",2019-05-31,2019,2,19,6,96.6,2246,-0.98,1.35,6.4,3,2
"Wheeler, Zack",2019-05-31,2019,2,19,4,96.4,2284,-0.98,1.45,6.4,2,1
"Wheeler, Zack",2019-05-31,2019,2,19,3,98.1,2530,-0.83,1.45,6.6,1,1
"Wheeler, Zack",2019-05-31,2019,2,19,2,97.2,2505,-0.84,1.5,6.5,0,1
"Wheeler, Zack",2019-05-31,2019,2,18,5,97,2459,-0.91,1.26,6.8,3,1
"Wheeler, Zack",2019-05-31,2019,2,15,5,98,2392,-0.95,1.21,7.1,2,2
"Wheeler, Zack",2019-05-31,2019,2,15,2,97.2,2378,-0.75,1.36,6.4,1,0
"Wheeler, Zack",2019-05-31,2019,2,15,1,96.9,2264,-0.88,1.03,6.8,0,0
"Wheeler, Zack",2019-05-31,2019,1,7,3,97.9,2445,-0.98,1.39,6.5,2,0
"Wheeler, Zack",2019-05-31,2019,1,6,1,95.6,2340,-0.95,1.36,6.4,0,0
"Wheeler, Zack",2019-05-31,2019,1,5,3,98.1,2502,-1.13,1.31,6.6,0,2
"Wheeler, Zack",2019-05-31,2019,1,5,1,97,2258,-1.03,1.32,6.6,0,0
"Wheeler, Zack",2019-05-31,2019,1,4,1,96.7,2175,-1,1.33,6.4,0,0
"Alcantara, Sandy",2019-05-30,2019,6,44,4,97.2,2351,-0.79,1.19,5.8,1,2
"Alcantara, Sandy",2019-05-30,2019,6,44,1,95.6,2366,-1.06,1.36,5.8,0,0
"Alcantara, Sandy",2019-05-30,2019,6,43,5,97.2,2369,-1.38,1.24,5.8,2,2
"Alcantara, Sandy",2019-05-30,2019,6,43,4,95.8,2303,-1.14,1.59,6.3,2,1
"Alcantara, Sandy",2019-05-30,2019,6,42,1,95.8,2319,-1.03,1.47,6.2,0,0
"Alcantara, Sandy",2019-05-30,2019,6,41,6,96.5,2289,-0.88,1.41,5.8,3,2
"Alcantara, Sandy",2019-05-30,2019,6,41,5,96.1,2260,-1.11,1.11,5.8,2,2
"Alcantara, Sandy",2019-05-30,2019,5,36,4,95.8,2448,-0.76,1.37,5.9,2,1
"Alcantara, Sandy",2019-05-30,2019,5,36,3,96.1,2388,-0.63,1.35,6,1,1
"Alcantara, Sandy",2019-05-30,2019,5,36,1,95.8,2433,-0.87,1.36,6.1,0,0
"Alcantara, Sandy",2019-05-30,2019,5,35,3,96.4,2348,-0.72,1.51,5.8,0,2
"Alcantara, Sandy",2019-05-30,2019,5,34,2,95.2,2269,-0.67,1.27,5.8,0,1
"Alcantara, Sandy",2019-05-30,2019,5,34,1,94.1,2275,-0.73,1.24,5.5,0,0
"Alcantara, Sandy",2019-05-30,2019,4,29,4,95.5,2330,-0.71,1.38,5.8,2,1
"Alcantara, Sandy",2019-05-30,2019,4,28,5,96.6,2137,-0.57,1.22,6.1,1,2
"Alcantara, Sandy",2019-05-30,2019,4,28,3,96.1,2227,-0.57,1.25,6,1,1
"Alcantara, Sandy",2019-05-30,2019,4,28,2,94.8,2188,-0.52,1.29,6,1,0
"Alcantara, Sandy",2019-05-30,2019,4,27,5,96.5,2152,-0.54,1.28,5.7,2,2
"Alcantara, Sandy",2019-05-30,2019,3,20,5,94.9,2236,-0.83,1.29,5.8,3,1
"Alcantara, Sandy",2019-05-30,2019,3,20,4,93.7,2339,-0.69,1.3,5.6,3,0
"Alcantara, Sandy",2019-05-30,2019,3,20,3,94,2277,-0.72,1.32,5.6,2,0
"Alcantara, Sandy",2019-05-30,2019,3,19,4,92.9,2077,-0.68,1.07,5.9,2,1
"Alcantara, Sandy",2019-05-30,2019,3,19,3,94,2049,-0.79,1.03,6,1,1
"Alcantara, Sandy",2019-05-30,2019,3,19,2,93.1,2102,-0.62,1.13,5.6,1,0
"Alcantara, Sandy",2019-05-30,2019,3,19,1,94.5,2068,-0.37,1.07,5.6,0,0
"Alcantara, Sandy",2019-05-30,2019,3,18,6,95.1,2063,-0.55,1.02,5.6,3,2
"Alcantara, Sandy",2019-05-30,2019,3,18,4,96.9,1992,-0.44,0.86,5.6,1,2
"Alcantara, Sandy",2019-05-30,2019,3,18,2,94.9,1953,-0.39,1.17,5.5,0,1
"Alcantara, Sandy",2019-05-30,2019,3,17,1,94.3,2160,-0.65,1.24,5.7,0,0
"Alcantara, Sandy",2019-05-30,2019,2,10,6,95.3,2287,-0.69,1.35,5.6,3,2
"Alcantara, Sandy",2019-05-30,2019,2,10,5,94,2182,-0.58,1.24,5.7,3,1
"Alcantara, Sandy",2019-05-30,2019,2,10,4,94.5,2254,-0.65,1.28,5.7,3,0
"Alcantara, Sandy",2019-05-30,2019,2,10,3,94.3,2307,-0.66,1.14,5.8,2,0
"Alcantara, Sandy",2019-05-30,2019,2,10,1,94.5,2097,-0.65,1.14,5.7,0,0
"Alcantara, Sandy",2019-05-30,2019,2,9,4,93.6,2243,-0.37,1.2,5.7,2,1
"Wheeler, Zack",2019-06-11,2019,5,47,3,96,2374,-0.94,1.48,7.1,1,1
"Wheeler, Zack",2019-06-11,2019,5,46,5,97.7,2160,-0.64,1.14,6.9,2,2
"Wheeler, Zack",2019-06-11,2019,5,45,1,95.4,2215,-1.13,1.23,6.8,0,0
"Wheeler, Zack",2019-06-11,2019,5,44,1,94.2,2107,-1.11,1.26,6.5,0,0
"Wheeler, Zack",2019-06-11,2019,4,39,1,96.9,2396,-0.94,1.2,7.2,0,0
"Wheeler, Zack",2019-06-11,2019,4,38,4,94.6,2331,-1.14,1.28,6.5,3,0
"Wheeler, Zack",2019-06-11,2019,4,38,3,97.5,2387,-0.8,1.1,7.2,2,0
"Wheeler, Zack",2019-06-11,2019,4,36,5,98,2537,-1.03,1.45,6.6,2,2
"Wheeler, Zack",2019-06-11,2019,4,35,1,97,2322,-0.89,1.22,6.7,0,0
"Wheeler, Zack",2019-06-11,2019,4,34,4,97.5,2390,-0.92,1.3,6.7,2,1
"Wheeler, Zack",2019-06-11,2019,4,34,3,96.9,2383,-0.87,1.25,7,2,0
"Wheeler, Zack",2019-06-11,2019,4,33,5,98.5,2415,-0.95,1.2,7,2,2
"Wheeler, Zack",2019-06-11,2019,4,33,2,95.9,2334,-1.06,1.37,7,1,0
"Wheeler, Zack",2019-06-11,2019,3,27,5,98.4,2542,-0.83,1.52,6.9,2,2
"Wheeler, Zack",2019-06-11,2019,3,27,4,97.4,2508,-0.91,1.37,6.8,2,1
"Wheeler, Zack",2019-06-11,2019,3,27,1,98.2,2435,-1.01,1.26,6.8,0,0
"Wheeler, Zack",2019-06-11,2019,3,25,4,99.2,2430,-0.79,1.37,6.6,1,2
"Wheeler, Zack",2019-06-11,2019,3,22,7,98.6,2348,-0.85,1.33,6.5,3,2
"Wheeler, Zack",2019-06-11,2019,3,22,6,98.7,2408,-1,1.19,6.4,3,2
"Wheeler, Zack",2019-06-11,2019,3,22,5,98.5,2396,-0.88,1.46,6.9,3,1
"Wheeler, Zack",2019-06-11,2019,3,22,3,97,2425,-0.68,1.31,6.8,1,1
"Wheeler, Zack",2019-06-11,2019,2,13,3,99,2494,-1.01,1.26,6.9,0,2
"Wheeler, Zack",2019-06-11,2019,2,13,2,97.8,2408,-0.85,1.61,6.7,0,1
"Wheeler, Zack",2019-06-11,2019,2,13,1,97.8,2469,-0.92,1.65,6.8,0,0
"Wheeler, Zack",2019-06-11,2019,2,12,3,98.2,2322,-0.75,1.65,6.8,0,2
"Wheeler, Zack",2019-06-11,2019,2,12,2,96.9,2196,-1.03,1.57,6.7,0,1
"Wheeler, Zack",2019-06-11,2019,2,12,1,98,2247,-1.32,1.51,6.7,0,0
"Wheeler, Zack",2019-06-11,2019,2,11,1,97.5,2342,-0.88,1.19,6.7,0,0
"Wheeler, Zack",2019-06-11,2019,1,6,6,99.7,2373,-0.78,1.29,6.7,2,2
"Wheeler, Zack",2019-06-11,2019,1,6,5,99.4,2431,-0.84,1.25,6.8,2,2
"Wheeler, Zack",2019-06-11,2019,1,6,2,99.1,2507,-0.88,1.46,6.7,0,1
"Wheeler, Zack",2019-06-11,2019,1,6,1,98.3,2499,-1.03,1.32,6.5,0,0
"Wheeler, Zack",2019-06-11,2019,1,5,1,98.7,2407,-1.1,1.35,6.4,0,0
"Alcantara, Sandy",2019-06-10,2019,6,39,3,97,2374,-0.92,1.2,5.9,0,2
"Alcantara, Sandy",2019-06-10,2019,6,38,3,95.4,2315,-0.91,1.15,5.6,1,1
"Alcantara, Sandy",2019-06-10,2019,5,33,1,95.7,2359,-0.94,1.25,5.6,0,0
"Alcantara, Sandy",2019-06-10,2019,5,31,2,93,2350,-0.85,1.3,5.7,1,0
"Alcantara, Sandy",2019-06-10,2019,5,31,1,92.4,2305,-1.06,1.17,5.5,0,0
"Alcantara, Sandy",2019-06-10,2019,4,25,2,94.4,2225,-0.84,1.42,5.8,1,0
"Alcantara, Sandy",2019-06-10,2019,4,22,1,93.8,2219,-0.73,1.36,5.8,0,0
"Gausman, Kevin",2019-06-10,2019,3,29,3,96.7,2214,-0.73,1.25,6.3,2,0
"Alcantara, Sandy",2019-06-10,2019,3,17,3,98.3,2111,-0.65,1.28,5.9,0,2
"Alcantara, Sandy",2019-06-10,2019,3,17,2,97.8,2438,-0.87,1.28,5.6,0,1
"Gausman, Kevin",2019-06-10,2019,3,28,4,96.5,2007,-0.97,0.98,6.4,2,1
"Alcantara, Sandy",2019-06-10,2019,3,16,3,95.2,2377,-0.66,1.23,5.3,1,1
"Gausman, Kevin",2019-06-10,2019,3,28,3,96,2107,-0.93,1.15,6.5,2,0
"Gausman, Kevin",2019-06-10,2019,3,27,1,95.9,2263,-0.82,1.28,6.3,0,0
"Alcantara, Sandy",2019-06-10,2019,3,15,4,95.2,2365,-0.59,1.5,5.7,1,2
"Gausman, Kevin",2019-06-10,2019,3,26,6,95.3,2221,-0.93,1.09,6.5,3,2
"Alcantara, Sandy",2019-06-10,2019,3,15,3,95.4,2298,-0.66,1.31,5.4,0,2
"Alcantara, Sandy",2019-06-10,2019,3,15,1,93.1,2284,-0.72,1.35,5.7,0,0
"Gausman, Kevin",2019-06-10,2019,3,26,4,95.5,2177,-0.84,1.25,5.9,2,1
"Gausman, Kevin",2019-06-10,2019,3,26,1,96.5,2304,-0.76,1.34,6.4,0,0
"Alcantara, Sandy",2019-06-10,2019,2,11,3,95.3,2252,-0.93,1.17,5.8,0,2
"Gausman, Kevin",2019-06-10,2019,3,25,4,97.2,2065,-0.82,1.1,6.3,0,2
"Gausman, Kevin",2019-06-10,2019,3,25,3,96.6,2417,-1.02,1.09,6.1,0,2
"Gausman, Kevin",2019-06-10,2019,3,25,1,94.8,2178,-0.83,1.13,6.3,0,0
"Alcantara, Sandy",2019-06-10,2019,2,10,7,95.6,2110,-0.66,1.24,5.9,3,2
"Alcantara, Sandy",2019-06-10,2019,2,10,6,95.7,2162,-0.72,1.24,5.7,3,2
"Alcantara, Sandy",2019-06-10,2019,2,10,5,96,2087,-0.46,1.09,6.1,2,2
"Gausman, Kevin",2019-06-10,2019,2,14,2,95.9,2346,-1.04,1.21,6.3,0,1
"Gausman, Kevin",2019-06-10,2019,2,14,1,95.1,2309,-1.04,1.25,6.3,0,0
"Gausman, Kevin",2019-06-10,2019,2,13,2,95.9,2295,-0.9,1.25,6.1,0,1
"Gausman, Kevin",2019-06-10,2019,2,13,1,94.9,2434,-1.05,1.36,6.1,0,0
"Gausman, Kevin",2019-06-10,2019,2,12,3,94.5,2282,-1.04,1.21,6.2,2,0
"Gausman, Kevin",2019-06-10,2019,2,11,2,93.7,2223,-0.77,1.25,6.3,1,0
"Gausman, Kevin",2019-06-10,2019,2,11,1,93.1,2229,-0.85,1.25,6,0,0
"Gausman, Kevin",2019-06-10,2019,1,5,5,95.7,2314,-0.81,1.28,6.3,2,2
"Gausman, Kevin",2019-06-10,2019,1,5,4,97,2371,-1.21,1.02,6.3,1,2
"Alcantara, Sandy",2019-06-10,2019,2,7,5,96.7,2366,-0.67,1.35,5.8,1,2
"Alcantara, Sandy",2019-06-10,2019,2,7,4,95.7,2204,-0.39,1.27,5.5,1,2
"Gausman, Kevin",2019-06-10,2019,1,5,2,95.9,2320,-1.03,1.16,6.4,0,1
"Gausman, Kevin",2019-06-10,2019,1,4,4,95.5,2203,-1.07,1.06,6.4,2,1
"Alcantara, Sandy",2019-06-10,2019,1,3,5,96.3,2245,-0.53,1.18,6.3,2,2
"Gausman, Kevin",2019-06-10,2019,1,3,2,96.1,2183,-1.03,1.1,6,1,0
"Alcantara, Sandy",2019-06-10,2019,1,3,1,95.1,2133,-0.7,1.28,5.5,0,0
"Gausman, Kevin",2019-06-10,2019,1,3,1,96.4,2282,-0.97,1.15,6.1,0,0
"Gausman, Kevin",2019-06-10,2019,1,2,6,96.7,2252,-1.1,1.11,5.9,3,2
"Alcantara, Sandy",2019-06-10,2019,1,2,4,94.7,2092,-0.62,1.04,6.1,2,1
"Alcantara, Sandy",2019-06-10,2019,1,2,1,94.7,2141,-0.78,1.03,5.5,0,0
"Alcantara, Sandy",2019-06-10,2019,1,1,4,93.9,2181,-0.85,1.1,5.5,3,0
"Alcantara, Sandy",2019-06-10,2019,1,1,3,93.8,2110,-0.79,1.1,5.4,2,0
"Gausman, Kevin",2019-06-10,2019,1,1,2,96.3,2131,-1.07,1,6.2,0,1
"Gausman, Kevin",2019-06-10,2019,1,1,1,95.7,2257,-1.11,1.14,6,0,0
"Cole, Gerrit",2019-06-07,2019,7,50,1,98.6,2552,-1.11,1.43,6.6,0,0
"Cole, Gerrit",2019-06-07,2019,7,49,4,98.8,2582,-1.23,1.49,6,1,2
"Cole, Gerrit",2019-06-07,2019,7,49,3,99,2690,-1.17,1.4,6.2,1,1
"Cole, Gerrit",2019-06-07,2019,7,48,5,98.4,2621,-1.04,1.64,6,2,2
"Cole, Gerrit",2019-06-07,2019,7,48,4,98,2571,-0.89,1.59,6,1,2
"Cole, Gerrit",2019-06-07,2019,6,44,3,96,2474,-1.17,1.51,6.2,2,0
"Cole, Gerrit",2019-06-07,2019,6,43,4,98.8,2473,-0.8,1.45,6.4,1,2
"Cole, Gerrit",2019-06-07,2019,6,43,3,96.8,2515,-1.03,1.63,6.5,1,1
"Cole, Gerrit",2019-06-07,2019,6,43,2,97.7,2584,-1.17,1.34,6.2,0,1
"Cole, Gerrit",2019-06-07,2019,6,42,3,95.9,2548,-1.14,1.46,6.3,1,1
"Cole, Gerrit",2019-06-07,2019,6,42,2,95.8,2454,-1.08,1.47,6.1,1,0
"Cole, Gerrit",2019-06-07,2019,6,42,1,93.7,2435,-0.91,1.59,6.3,0,0
"Cole, Gerrit",2019-06-07,2019,5,34,5,97.8,2556,-1.06,1.44,6.3,2,2
"Cole, Gerrit",2019-06-07,2019,5,34,3,97.2,2556,-0.97,1.56,6.2,1,1
"Cole, Gerrit",2019-06-07,2019,5,33,6,98.5,2555,-0.97,1.51,6.2,1,2
"Cole, Gerrit",2019-06-07,2019,5,33,3,99.2,2643,-1.09,1.44,5.9,0,2
"Cole, Gerrit",2019-06-07,2019,5,33,2,96,2510,-0.82,1.53,6.6,0,1
"Cole, Gerrit",2019-06-07,2019,5,33,1,96,2519,-0.75,1.51,5.9,0,0
"Cole, Gerrit",2019-06-07,2019,5,31,1,94.2,2469,-0.53,1.64,6.3,0,0
"Cole, Gerrit",2019-06-07,2019,4,27,4,97.4,2503,-1.09,1.36,6.3,2,1
"Cole, Gerrit",2019-06-07,2019,4,27,1,96.9,2410,-0.99,1.43,6.3,0,0
"Cole, Gerrit",2019-06-07,2019,4,26,3,97,2483,-0.91,1.67,6.1,1,1
"Cole, Gerrit",2019-06-07,2019,4,26,2,96.7,2412,-0.78,1.67,6.1,0,1
"Cole, Gerrit",2019-06-07,2019,4,26,1,95.1,2417,-1.12,1.42,6.2,0,0
"Cole, Gerrit",2019-06-07,2019,4,25,3,95.8,2433,-0.92,1.65,6.4,1,1
"Cole, Gerrit",2019-06-07,2019,4,25,2,95.5,2411,-1.08,1.46,6.5,1,0
"Cole, Gerrit",2019-06-07,2019,4,25,1,95.3,2472,-0.96,1.49,6,0,0
"Cole, Gerrit",2019-06-07,2019,3,20,3,97.9,2595,-1.2,1.47,6.1,0,2
"Cole, Gerrit",2019-06-07,2019,3,20,2,94.1,2400,-0.98,1.58,6.1,0,1
"Cole, Gerrit",2019-06-07,2019,3,20,1,94.7,2503,-0.84,1.68,6.2,0,0
"Cole, Gerrit",2019-06-07,2019,3,19,5,97.5,2529,-1.02,1.59,6.3,1,2
"Cole, Gerrit",2019-06-07,2019,3,19,3,96,2475,-1.14,1.41,6.5,1,1
"Cole, Gerrit",2019-06-07,2019,3,19,2,97.3,2562,-0.85,1.67,6.5,0,1
"Cole, Gerrit",2019-06-07,2019,3,18,2,96.2,2486,-1.19,1.39,6.2,0,1
"Cole, Gerrit",2019-06-07,2019,3,18,1,97.1,2535,-1.07,1.54,6.3,0,0
"Cole, Gerrit",2019-06-07,2019,3,17,3,97.2,2567,-1.06,1.6,6.2,1,1
"Cole, Gerrit",2019-06-07,2019,2,13,2,96.2,2417,-1.08,1.45,6.3,1,0
"Cole, Gerrit",2019-06-07,2019,2,12,5,97.6,2486,-0.77,1.53,6.4,1,2
"Cole, Gerrit",2019-06-07,2019,2,12,4,98,2499,-0.92,1.41,6.4,0,2
"Cole, Gerrit",2019-06-07,2019,2,11,4,97.7,2687,-1.01,1.53,6.8,1,2
"Cole, Gerrit",2019-06-07,2019,2,11,3,97.1,2590,-0.98,1.57,6.1,1,1
"Cole, Gerrit",2019-06-07,2019,2,11,1,95.1,2541,-0.99,1.6,6,0,0
"Cole, Gerrit",2019-06-07,2019,1,7,6,98.5,2599,-0.93,1.56,6.3,3,2
"Cole, Gerrit",2019-06-07,2019,1,7,4,97.4,2555,-0.97,1.54,6.3,2,1
"Cole, Gerrit",2019-06-07,2019,1,7,1,95.8,2541,-0.85,1.59,6.3,0,0
"Cole, Gerrit",2019-06-07,2019,1,5,2,97.6,2479,-0.84,1.7,6,0,1
"Cole, Gerrit",2019-06-07,2019,1,5,1,97.1,2517,-0.92,1.46,6.2,0,0
"Cole, Gerrit",2019-06-07,2019,1,4,5,96.8,2538,-1.01,1.42,6.3,2,2
"Cole, Gerrit",2019-06-07,2019,1,4,3,95.8,2396,-0.81,1.56,6.4,1,1
"Cole, Gerrit",2019-06-07,2019,1,4,2,97.1,2452,-0.93,1.53,6,1,0
"Cole, Gerrit",2019-06-07,2019,1,4,1,96,2539,-0.79,1.61,6.5,0,0
"Cole, Gerrit",2019-06-07,2019,1,2,8,98,2553,-0.97,1.36,6.4,2,2
"Cole, Gerrit",2019-06-07,2019,1,2,5,96.5,2533,-1.01,1.43,6,1,2
"Cole, Gerrit",2019-06-07,2019,1,2,4,97.3,2499,-1.07,1.31,6.3,1,2
"Cole, Gerrit",2019-06-07,2019,1,2,3,96.1,2438,-0.84,1.56,6.1,1,1
"Cole, Gerrit",2019-06-07,2019,1,2,1,96,2567,-0.76,1.49,6.4,0,0
"Cole, Gerrit",2019-06-07,2019,1,1,3,97.7,2531,-0.89,1.76,6.1,0,2
"Cole, Gerrit",2019-06-07,2019,1,1,2,96.2,2414,-1.09,1.45,6.1,0,1
"Cole, Gerrit",2019-06-07,2019,1,1,1,95.9,2494,-0.72,1.7,6.1,0,0
"Wheeler, Zack",2019-06-06,2019,7,48,3,95.3,2299,-0.84,1.43,6.8,1,1
"Wheeler, Zack",2019-06-06,2019,6,43,2,95.4,2291,-1.05,1.32,7,1,0
"Cole, Gerrit",2019-06-19,2019,6,46,3,96.6,2550,-0.98,1.35,6.4,1,1
"Cole, Gerrit",2019-06-19,2019,6,46,2,95.5,2505,-0.69,1.3,6.1,1,0
"Cole, Gerrit",2019-06-19,2019,6,46,1,95.7,2615,-0.68,1.54,6.4,0,0
"Cole, Gerrit",2019-06-19,2019,5,39,4,100.6,2653,-0.77,1.41,6.4,0,2
"Cole, Gerrit",2019-06-19,2019,5,39,3,100,2580,-0.88,1.31,6.4,0,2
"Cole, Gerrit",2019-06-19,2019,5,38,8,99.2,2593,-0.89,1.44,6.4,3,2
"Cole, Gerrit",2019-06-19,2019,5,38,7,100.3,2550,-0.9,1.39,6.4,3,2
"Cole, Gerrit",2019-06-19,2019,5,38,5,99.3,2594,-1.1,1.37,6.4,2,2
"Cole, Gerrit",2019-06-19,2019,5,38,4,100.5,2663,-1.07,1.4,6.2,1,2
"Cole, Gerrit",2019-06-19,2019,5,38,2,98.8,2622,-0.9,1.51,6.1,0,1
"Cole, Gerrit",2019-06-19,2019,5,38,1,98.1,2549,-0.8,1.47,6.2,0,0
"Cole, Gerrit",2019-06-19,2019,5,37,4,98.2,2631,-0.89,1.36,6.3,1,2
"Cole, Gerrit",2019-06-19,2019,5,37,3,97.5,2528,-0.8,1.44,6.3,0,2
"Cole, Gerrit",2019-06-19,2019,5,37,2,98.2,2485,-0.87,1.32,6.6,0,1
"Cole, Gerrit",2019-06-19,2019,5,36,4,97.2,2536,-0.59,1.6,6.3,3,0
"Cole, Gerrit",2019-06-19,2019,5,36,2,97.2,2444,-0.72,1.3,6.3,1,0
"Cole, Gerrit",2019-06-19,2019,5,35,3,96,2472,-0.69,1.51,6.4,1,1
"Cole, Gerrit",2019-06-19,2019,5,35,2,97.3,2588,-0.93,1.53,6.4,1,0
"Cole, Gerrit",2019-06-19,2019,5,35,1,95.5,2509,-0.64,1.29,6.2,0,0
"Cole, Gerrit",2019-06-19,2019,4,30,2,99.1,2576,-0.79,1.56,6.2,0,1
"Cole, Gerrit",2019-06-19,2019,4,30,1,98.8,2651,-0.86,1.53,6.5,0,0
"Cole, Gerrit",2019-06-19,2019,4,29,3,98,2588,-0.77,1.56,6.2,0,2
"Cole, Gerrit",2019-06-19,2019,4,27,4,98.4,2571,-0.98,1.2,6.3,1,2
"Cole, Gerrit",2019-06-19,2019,4,26,3,97.2,2594,-0.79,1.64,6.4,2,0
"Cole, Gerrit",2019-06-19,2019,4,26,1,96.4,2593,-1.01,1.3,6.2,0,0
"Cole, Gerrit",2019-06-19,2019,3,22,3,99.4,2633,-0.92,1.36,6.3,0,2
"Cole, Gerrit",2019-06-19,2019,3,22,1,97.8,2543,-0.96,1.24,6.5,0,0
"Cole, Gerrit",2019-06-19,2019,3,21,1,97.4,2513,-0.77,1.6,6.3,0,0
"Cole, Gerrit",2019-06-19,2019,3,19,3,98.6,2651,-0.73,1.58,6,0,2
"Cole, Gerrit",2019-06-19,2019,3,19,2,96.9,2580,-0.87,1.67,6.2,0,1
"Cole, Gerrit",2019-06-19,2019,3,18,2,94.9,2501,-0.94,1.62,6.2,1,0
"Cole, Gerrit",2019-06-19,2019,3,18,1,94.9,2559,-0.91,1.59,6.2,0,0
"Cole, Gerrit",2019-06-19,2019,2,14,1,96.9,2472,-0.76,1.32,6.2,0,0
"Cole, Gerrit",2019-06-19,2019,2,13,4,98.5,2578,-0.75,1.43,6.1,0,2
"Cole, Gerrit",2019-06-19,2019,2,13,3,98,2634,-0.95,1.56,6.1,0,2
"Cole, Gerrit",2019-06-19,2019,2,13,2,96.1,2601,-0.79,1.67,6.3,0,1
"Cole, Gerrit",2019-06-19,2019,2,13,1,94.7,2569,-0.74,1.6,6.1,0,0
"Cole, Gerrit",2019-06-19,2019,2,11,2,95.8,2496,-0.79,1.15,6.6,0,1
"Cole, Gerrit",2019-06-19,2019,1,7,3,97.8,2589,-0.91,1.53,6.2,1,1
"Cole, Gerrit",2019-06-19,2019,1,5,6,98.3,2633,-0.96,1.49,6.6,3,2
"Cole, Gerrit",2019-06-19,2019,1,5,3,97.4,2647,-1.05,1.54,6.3,1,1
"Cole, Gerrit",2019-06-19,2019,1,4,7,98.1,2544,-0.85,1.59,6.2,3,2
"Cole, Gerrit",2019-06-19,2019,1,4,6,97.2,2602,-0.81,1.41,6,2,2
"Cole, Gerrit",2019-06-19,2019,1,4,2,95.3,2391,-0.87,1.61,6.1,1,0
"Cole, Gerrit",2019-06-19,2019,1,4,1,94.7,2403,-0.84,1.51,6,0,0
"Wheeler, Zack",2019-06-17,2019,6,53,3,97.1,2329,-0.79,1.06,6.6,0,2
"Wheeler, Zack",2019-06-17,2019,6,53,1,96.4,2330,-0.68,1.22,6.6,0,0
"Wheeler, Zack",2019-06-17,2019,6,52,8,97.4,2326,-0.88,1.13,6.7,3,2
"Wheeler, Zack",2019-06-17,2019,6,52,2,95.9,2366,-0.88,1.23,6.6,0,1
"Wheeler, Zack",2019-06-17,2019,6,51,7,98.1,2359,-0.99,1.32,6.6,2,2
"Wheeler, Zack",2019-06-17,2019,6,51,4,96.5,2331,-0.81,1.12,7,1,2
"Wheeler, Zack",2019-06-17,2019,5,44,4,95.9,2169,-1.07,1.28,6.8,3,0
"Wheeler, Zack",2019-06-17,2019,5,42,3,97.1,2342,-0.93,1.26,6.5,1,1
"Wheeler, Zack",2019-06-17,2019,5,42,2,97,2434,-0.88,1.27,6.7,0,1
"Wheeler, Zack",2019-06-17,2019,5,40,1,96.1,2160,-1.1,1.29,6.8,0,0
"Wheeler, Zack",2019-06-17,2019,5,39,4,97.7,2431,-0.91,1.33,7,2,1
"Wheeler, Zack",2019-06-17,2019,3,27,5,97.9,2445,-0.83,1.22,7,1,2
"Wheeler, Zack",2019-06-17,2019,3,26,2,97.5,2316,-0.69,1.4,6.8,0,1
"Wheeler, Zack",2019-06-17,2019,3,24,1,97.5,2367,-0.75,1.24,6.6,0,0
"Wheeler, Zack",2019-06-17,2019,2,15,1,98.3,2401,-0.83,1.15,6.7,0,0
"Wheeler, Zack",2019-06-17,2019,2,13,3,97.1,2374,-0.68,1.25,7,1,1
"Wheeler, Zack",2019-06-17,2019,1,8,6,98.8,2366,-0.82,1.16,6.5,2,2
"Wheeler, Zack",2019-06-17,2019,1,8,5,97.5,2436,-0.84,1.03,6.4,2,2
"Wheeler, Zack",2019-06-17,2019,1,8,4,98.3,2429,-0.75,1,6.8,2,1
"Wheeler, Zack",2019-06-17,2019,1,8,2,98,2296,-0.76,1.1,6.5,1,0
"Wheeler, Zack",2019-06-17,2019,1,8,1,99,2459,-0.79,1.14,6.7,0,0
"Wheeler, Zack",2019-06-17,2019,1,6,1,97.6,2194,-0.95,1.11,6.6,0,0
"Wheeler, Zack",2019-06-17,2019,1,5,1,98.2,2354,-0.66,1.06,6.6,0,0
"Wheeler, Zack",2019-06-17,2019,1,4,1,97.4,2305,-0.78,1.17,6.6,0,0
"Alcantara, Sandy",2019-06-16,2019,6,52,4,96.1,2156,-0.59,1.34,6.1,1,2
"Alcantara, Sandy",2019-06-16,2019,6,52,3,95.7,2314,-0.65,1.31,5.7,0,2
"Alcantara, Sandy",2019-06-16,2019,6,51,2,93.9,2338,-0.98,1.21,5.6,0,1
"Alcantara, Sandy",2019-06-16,2019,5,43,4,97.2,2308,-0.66,1.29,5.5,1,2
"Alcantara, Sandy",2019-06-16,2019,5,43,3,96.1,2224,-1.05,1.07,5.6,1,1
"Alcantara, Sandy",2019-06-16,2019,5,43,1,95.4,2387,-0.96,1.23,5.5,0,0
"Alcantara, Sandy",2019-06-16,2019,5,42,4,95.9,2329,-1,1.13,5.5,1,2
"Alcantara, Sandy",2019-06-16,2019,5,42,2,95.7,2225,-0.86,1.32,5.5,0,1
"Alcantara, Sandy",2019-06-16,2019,5,40,5,95.8,2172,-0.76,1.18,5.5,2,2
"Alcantara, Sandy",2019-06-16,2019,5,40,4,95.7,2230,-0.79,1.44,5.7,1,2
"Alcantara, Sandy",2019-06-16,2019,5,39,3,95.2,2364,-0.92,1.28,5.5,2,0
"Alcantara, Sandy",2019-06-16,2019,5,39,2,95.6,2416,-0.97,1.35,5.5,1,0
"Alcantara, Sandy",2019-06-16,2019,5,39,1,94.1,2408,-0.81,1.56,5.5,0,0
"Alcantara, Sandy",2019-06-16,2019,4,28,1,93.8,2108,-0.82,1.11,5.5,0,0
"Alcantara, Sandy",2019-06-16,2019,4,26,3,97.6,2370,-0.83,1.23,5.7,1,1
"Alcantara, Sandy",2019-06-16,2019,4,25,2,94.6,2217,-0.72,1.31,5.6,0,1
"Alcantara, Sandy",2019-06-16,2019,4,22,1,94.7,2285,-0.85,1.23,5.4,0,0
"Alcantara, Sandy",2019-06-16,2019,3,17,1,95.1,2357,-0.97,1.23,5.4,0,0
"Alcantara, Sandy",2019-06-16,2019,3,16,5,94.3,2310,-0.99,1.28,5.6,3,1
"Alcantara, Sandy",2019-06-16,2019,3,16,3,95,2276,-0.83,1.24,5.8,1,1
"Alcantara, Sandy",2019-06-16,2019,3,15,3,95.7,2426,-0.86,1.4,6,0,2
"Alcantara, Sandy",2019-06-16,2019,3,15,2,94.2,2387,-0.82,1.34,5.8,0,1
"Alcantara, Sandy",2019-06-16,2019,3,15,1,92.8,2211,-0.95,1.16,5.5,0,0
"Alcantara, Sandy",2019-06-16,2019,3,14,1,93.9,2274,-0.77,1.31,5.5,0,0
"Alcantara, Sandy",2019-06-16,2019,2,10,3,98.3,2433,-0.79,1.37,5.6,0,2
"Alcantara, Sandy",2019-06-16,2019,2,10,2,97.8,2364,-0.74,1.16,5.8,0,1
"Alcantara, Sandy",2019-06-16,2019,2,10,1,95.9,2311,-0.92,1.2,5.7,0,0
"Alcantara, Sandy",2019-06-16,2019,1,3,1,94.9,2187,-0.9,1.27,5.6,0,0
"Alcantara, Sandy",2019-06-16,2019,1,2,4,95.7,2192,-0.85,1.36,5.7,1,2
"Alcantara, Sandy",2019-06-16,2019,1,2,3,94.6,2241,-0.88,1.1,5.6,1,1
"Alcantara, Sandy",2019-06-16,2019,1,2,2,94.8,2194,-0.77,1.22,5.7,0,1
"Alcantara, Sandy",2019-06-16,2019,1,1,8,95.1,2214,-0.68,1.24,5.7,3,2
"Alcantara, Sandy",2019-06-16,2019,1,1,7,94.7,2317,-0.58,1.44,5.5,3,2
"Alcantara, Sandy",2019-06-16,2019,1,1,5,94.9,2407,-0.7,1.17,6.1,2,2
"Alcantara, Sandy",2019-06-16,2019,1,1,2,94.6,2315,-0.84,1.27,6,0,1
"Alcantara, Sandy",2019-06-16,2019,1,1,1,93.9,2513,-1.09,1.28,5.2,0,0
"Cole, Gerrit",2019-06-14,2019,6,51,4,98,2517,-0.86,1.68,6.3,1,2
"Cole, Gerrit",2019-06-14,2019,6,51,3,98.6,2541,-0.95,1.63,6.2,1,1
"Cole, Gerrit",2019-06-14,2019,6,51,2,97.8,2503,-0.86,1.59,6.2,0,1
"Cole, Gerrit",2019-06-14,2019,6,49,5,97.8,2548,-0.85,1.6,6.3,2,2
"Cole, Gerrit",2019-06-14,2019,6,49,1,95.9,2521,-0.93,1.6,6,0,0
"Cole, Gerrit",2019-06-14,2019,5,44,3,96.8,2525,-1.07,1.33,6.5,2,0
"Cole, Gerrit",2019-06-14,2019,5,44,1,97,2599,-0.94,1.48,6.3,0,0
"Cole, Gerrit",2019-06-14,2019,5,43,3,96.5,2587,-0.84,1.61,6.4,2,0
"Cole, Gerrit",2019-06-14,2019,5,43,2,95.8,2582,-1.07,1.68,6.2,1,0
"Cole, Gerrit",2019-06-14,2019,5,43,1,98.2,2592,-1.16,1.42,6.4,0,0
"Cole, Gerrit",2019-06-14,2019,5,42,2,97.2,2555,-0.75,1.52,6.2,1,0
"Cole, Gerrit",2019-06-14,2019,5,41,3,96.4,2491,-0.91,1.49,6.3,1,1
"Cole, Gerrit",2019-06-14,2019,5,41,1,95.6,2423,-1.13,1.24,6,0,0
"Cole, Gerrit",2019-06-14,2019,5,40,5,97.6,2442,-1.02,1.27,6.4,2,2
"Cole, Gerrit",2019-06-14,2019,5,40,4,97.7,2440,-0.96,1.51,6.1,2,1
"Cole, Gerrit",2019-06-14,2019,5,39,6,96.9,2510,-0.87,1.66,6.3,3,2
"Cole, Gerrit",2019-06-14,2019,5,39,5,95.4,2352,-1.14,1.52,6.1,3,1
"Cole, Gerrit",2019-06-14,2019,5,39,3,95.7,2547,-0.79,1.55,6.3,2,0
"Cole, Gerrit",2019-06-14,2019,5,39,2,93.8,2487,-0.77,1.55,6.2,1,0
"Cole, Gerrit",2019-06-14,2019,4,33,5,98.1,2405,-0.81,1.54,6.1,0,2
"Cole, Gerrit",2019-06-14,2019,4,33,4,97.6,2526,-0.91,1.41,6,0,2
"Cole, Gerrit",2019-06-14,2019,4,32,5,98.4,2444,-0.91,1.6,6,1,2
"Cole, Gerrit",2019-06-14,2019,4,32,4,97.1,2400,-0.96,1.45,6.2,0,2
"Cole, Gerrit",2019-06-14,2019,4,32,3,98.1,2559,-1.09,1.52,6.4,0,2
"Cole, Gerrit",2019-06-14,2019,4,31,5,97.7,2543,-0.86,1.7,5.9,0,2
"Cole, Gerrit",2019-06-14,2019,4,31,1,96.5,2504,-1.01,1.54,6,0,0
"Cole, Gerrit",2019-06-14,2019,3,25,3,96.9,2454,-0.87,1.44,6.1,0,2
"Cole, Gerrit",2019-06-14,2019,3,25,2,95.6,2458,-0.8,1.5,6.3,0,1
"Cole, Gerrit",2019-06-14,2019,3,25,1,95.9,2475,-0.7,1.65,6.2,0,0
"Cole, Gerrit",2019-06-14,2019,3,24,1,95.7,2403,-1.1,1.4,6.4,0,0
"Cole, Gerrit",2019-06-14,2019,3,23,5,98,2513,-1.01,1.46,6.1,2,2
"Cole, Gerrit",2019-06-14,2019,3,23,4,96.6,2495,-0.88,1.6,6,2,1
"Cole, Gerrit",2019-06-14,2019,3,23,3,95.1,2368,-0.74,1.58,6.3,1,1
"Cole, Gerrit",2019-06-14,2019,3,23,1,95.1,2385,-0.94,1.58,6,0,0
"Cole, Gerrit",2019-06-14,2019,2,16,6,98,2464,-0.78,1.57,6,3,2
"Cole, Gerrit",2019-06-14,2019,2,16,4,97.5,2446,-0.67,1.62,6,1,2
"Cole, Gerrit",2019-06-14,2019,2,16,3,97.8,2530,-0.76,1.42,6.1,0,2
"Cole, Gerrit",2019-06-14,2019,2,15,5,96.8,2480,-0.97,1.5,6.3,3,1
"Cole, Gerrit",2019-06-14,2019,2,15,1,93.6,2300,-0.83,1.49,6,0,0
"Cole, Gerrit",2019-06-14,2019,2,14,2,93.8,2373,-0.88,1.41,5.9,0,1
"Cole, Gerrit",2019-06-14,2019,2,14,1,94.5,2412,-0.85,1.52,6.4,0,0
"Cole, Gerrit",2019-06-14,2019,1,6,4,99.6,2519,-0.92,1.41,6.2,1,2
"Cole, Gerrit",2019-06-14,2019,1,6,2,97.3,2477,-0.99,1.74,6.2,1,0
"Cole, Gerrit",2019-06-14,2019,1,6,1,98.4,2530,-1,1.58,6.4,0,0
"Cole, Gerrit",2019-06-14,2019,1,5,5,99.3,2601,-1.05,1.67,6.1,3,1
"Cole, Gerrit",2019-06-14,2019,1,5,4,97.9,2604,-0.89,1.43,6.3,3,0
"Cole, Gerrit",2019-06-14,2019,1,5,3,97.4,2617,-1.24,1.55,6.2,2,0
"Cole, Gerrit",2019-06-14,2019,1,5,1,97.8,2495,-1.07,1.49,6.1,0,0
"Cole, Gerrit",2019-06-14,2019,1,4,3,98,2629,-1.25,1.5,6.3,0,2
"Cole, Gerrit",2019-06-25,2019,6,46,2,99.4,2543,-0.98,1.47,6.2,0,1
"Cole, Gerrit",2019-06-25,2019,6,46,1,98.9,2584,-0.89,1.57,6.2,0,0
"Cole, Gerrit",2019-06-25,2019,6,45,3,98.4,2411,-0.88,1.45,6.4,1,1
"Cole, Gerrit",2019-06-25,2019,6,43,1,97.9,2559,-1.01,1.33,6.3,0,0
"Cole, Gerrit",2019-06-25,2019,6,42,8,99.1,2539,-1.04,1.44,6.2,1,2
"Cole, Gerrit",2019-06-25,2019,6,42,3,98.2,2518,-1.14,1.43,6.1,0,2
"Cole, Gerrit",2019-06-25,2019,6,42,1,97.7,2541,-0.99,1.46,6.1,0,0
"Cole, Gerrit",2019-06-25,2019,6,40,4,98.4,2658,-1.19,1.64,6.4,1,2
"Cole, Gerrit",2019-06-25,2019,6,40,3,97.7,2688,-1.16,1.58,6.2,1,1
"Cole, Gerrit",2019-06-25,2019,6,40,2,96.2,2614,-1.06,1.58,6.1,0,1
"Cole, Gerrit",2019-06-25,2019,6,40,1,96.4,2506,-0.74,1.58,6.4,0,0
"Cole, Gerrit",2019-06-25,2019,5,36,6,98.8,2420,-0.96,1.61,6.2,3,2
"Cole, Gerrit",2019-06-25,2019,5,36,5,98.7,2310,-0.98,1.45,6.4,3,1
"Cole, Gerrit",2019-06-25,2019,5,36,1,99,2408,-0.92,1.63,6.1,0,0
"Cole, Gerrit",2019-06-25,2019,5,35,6,98.4,2503,-1.02,1.47,6.5,3,2
"Cole, Gerrit",2019-06-25,2019,5,35,5,98.2,2471,-1.09,1.61,6.4,3,1
"Cole, Gerrit",2019-06-25,2019,5,35,4,97.9,2395,-1.12,1.36,6.5,2,1
"Cole, Gerrit",2019-06-25,2019,5,35,2,96.8,2220,-0.83,1.36,6.4,0,1
"Cole, Gerrit",2019-06-25,2019,5,35,1,97.3,2432,-0.9,1.53,6.3,0,0
"Cole, Gerrit",2019-06-25,2019,5,34,4,96.5,2345,-0.71,1.39,6.2,3,0
"Cole, Gerrit",2019-06-25,2019,5,33,2,94.5,2368,-0.76,1.58,6.2,0,1
"Cole, Gerrit",2019-06-25,2019,5,32,3,96,2331,-0.82,1.57,6.3,2,0
"Cole, Gerrit",2019-06-25,2019,5,32,1,96.3,2440,-0.8,1.68,6.2,0,0
"Cole, Gerrit",2019-06-25,2019,4,25,5,96.7,2430,-0.75,1.48,6.3,0,2
"Cole, Gerrit",2019-06-25,2019,4,25,2,95.8,2386,-1.14,1.33,6,0,1
"Cole, Gerrit",2019-06-25,2019,4,25,1,97.6,2479,-0.86,1.52,6,0,0
"Cole, Gerrit",2019-06-25,2019,4,24,1,98,2458,-1.01,1.52,5.9,0,0
"Cole, Gerrit",2019-06-25,2019,4,23,2,97.9,2555,-0.82,1.46,6.3,0,1
"Cole, Gerrit",2019-06-25,2019,3,19,3,98.8,2598,-0.93,1.43,6.4,2,0
"Cole, Gerrit",2019-06-25,2019,3,17,3,97.5,2414,-0.8,1.43,6.4,0,2
"Cole, Gerrit",2019-06-25,2019,3,17,2,96.9,2401,-0.36,1.7,6.6,0,1
"Cole, Gerrit",2019-06-25,2019,3,16,1,94.8,2436,-1.09,1.53,6.1,0,0
"Cole, Gerrit",2019-06-25,2019,2,11,4,98.2,2514,-0.96,1.34,6.4,1,2
"Cole, Gerrit",2019-06-25,2019,2,10,1,97.3,2433,-0.65,1.58,6.4,0,0
"Cole, Gerrit",2019-06-25,2019,2,9,4,98.8,2438,-0.84,1.47,5.9,1,2
"Cole, Gerrit",2019-06-25,2019,2,9,3,97.6,2474,-0.65,1.62,6.4,1,1
"Cole, Gerrit",2019-06-25,2019,2,9,2,96.3,2374,-0.75,1.41,6.3,0,1
"Cole, Gerrit",2019-06-25,2019,2,8,3,97.7,2373,-0.65,1.66,6.2,1,1
"Cole, Gerrit",2019-06-25,2019,2,8,1,97.4,2488,-0.7,1.71,6.3,0,0
"Cole, Gerrit",2019-06-25,2019,1,3,1,96.3,2306,-1.18,1.43,6.1,0,0
"Cole, Gerrit",2019-06-25,2019,1,2,6,98.2,2376,-0.84,1.48,6.4,3,2
"Cole, Gerrit",2019-06-25,2019,1,2,5,96.6,2357,-0.97,1.4,6.5,3,1
"Cole, Gerrit",2019-06-25,2019,1,2,3,97.4,2517,-1.14,1.39,6.1,1,1
"Cole, Gerrit",2019-06-25,2019,1,2,1,96.2,2458,-1.18,1.3,6.3,0,0
"Cole, Gerrit",2019-06-25,2019,1,1,2,96.1,2438,-1.03,1.55,6,0,1
"Cole, Gerrit",2019-06-25,2019,1,1,1,96.8,2494,-0.89,1.65,6.1,0,0
"Wheeler, Zack",2019-06-22,2019,7,59,6,96.5,2361,-0.76,1.18,7,3,2
"Wheeler, Zack",2019-06-22,2019,7,59,4,96.6,2343,-0.9,1.26,6.9,2,1
"Wheeler, Zack",2019-06-22,2019,7,58,3,96.1,2245,-0.69,1.3,6.8,1,1
"Wheeler, Zack",2019-06-22,2019,6,52,3,96.8,2208,-0.72,1.21,6.8,2,0
"Wheeler, Zack",2019-06-22,2019,6,52,1,95.2,2265,-0.62,1.41,6.6,0,0
"Wheeler, Zack",2019-06-22,2019,5,44,9,97.4,2288,-0.65,1.19,6.9,3,2
"Wheeler, Zack",2019-06-22,2019,5,44,1,95.8,2467,-1,1.46,7,0,0
"Wheeler, Zack",2019-06-22,2019,5,43,3,96.4,2368,-0.82,1.14,6.8,1,1
"Wheeler, Zack",2019-06-22,2019,5,42,4,95.1,2277,-0.93,1.24,6.9,1,2
"Wheeler, Zack",2019-06-22,2019,5,42,1,95.4,2271,-0.68,1.22,6.7,0,0
"Wheeler, Zack",2019-06-22,2019,4,35,3,96.3,2306,-0.9,1.23,6.7,0,2
"Wheeler, Zack",2019-06-22,2019,4,35,2,96.1,2299,-0.73,1.48,6.7,0,1
"Wheeler, Zack",2019-06-22,2019,4,34,6,97.3,2320,-0.45,1.29,6.9,2,2
"Wheeler, Zack",2019-06-22,2019,4,34,5,97.4,2223,-0.65,1.25,6.7,2,2
"Wheeler, Zack",2019-06-22,2019,4,34,1,95.1,2272,-0.55,1.35,6.6,0,0
"Wheeler, Zack",2019-06-22,2019,3,27,1,97.3,2371,-0.78,1.41,6.5,0,0
"Wheeler, Zack",2019-06-22,2019,3,26,3,96.6,2294,-0.58,1.27,6.5,1,1
"Wheeler, Zack",2019-06-22,2019,3,25,2,96.3,2309,-0.6,1.25,6.9,1,0
"Wheeler, Zack",2019-06-22,2019,2,18,1,95.7,2293,-0.54,1.25,7.1,0,0
"Wheeler, Zack",2019-06-22,2019,2,17,3,96.2,2397,-0.96,1.19,6.9,2,0
"Wheeler, Zack",2019-06-22,2019,2,17,1,96.2,2274,-1.07,1.26,6.9,0,0
"Wheeler, Zack",2019-06-22,2019,2,16,6,96.6,2306,-0.77,1.11,6.9,2,2
"Wheeler, Zack",2019-06-22,2019,2,16,4,96.8,2366,-0.75,1.22,6.8,1,2
"Wheeler, Zack",2019-06-22,2019,2,16,3,97.1,2469,-0.74,1.21,6.7,1,1
"Wheeler, Zack",2019-06-22,2019,1,9,5,97.8,2338,-0.62,1.4,7,2,2
"Wheeler, Zack",2019-06-22,2019,1,9,4,97.6,2362,-0.57,1.11,6.9,2,1
"Wheeler, Zack",2019-06-22,2019,1,9,2,97.5,2358,-0.85,1.2,6.7,1,0
"Wheeler, Zack",2019-06-22,2019,1,9,1,97.1,2372,-0.65,1.28,6.7,0,0
"Wheeler, Zack",2019-06-22,2019,1,7,1,96.1,2385,-0.81,1.07,6.7,0,0
"Alcantara, Sandy",2019-06-21,2019,8,66,4,95,2233,-0.77,1.12,5.8,1,2
"Alcantara, Sandy",2019-06-21,2019,8,66,3,95.5,2395,-1.11,1.24,5.7,1,1
"Alcantara, Sandy",2019-06-21,2019,8,65,1,93.5,2416,-0.98,1.14,5.7,0,0
"Alcantara, Sandy",2019-06-21,2019,8,64,2,93.9,2316,-0.96,0.93,6.2,0,1
"Alcantara, Sandy",2019-06-21,2019,8,63,2,94.6,2517,-0.75,1.34,5.9,0,1
"Alcantara, Sandy",2019-06-21,2019,7,58,2,93.9,2112,-0.84,1.23,5.9,0,1
"Alcantara, Sandy",2019-06-21,2019,7,57,2,97.8,2270,-0.62,1.2,5.9,0,1
"Alcantara, Sandy",2019-06-21,2019,7,55,7,96,2331,-0.6,1.35,6,2,2
"Alcantara, Sandy",2019-06-21,2019,7,55,1,95.2,2472,-0.81,1.41,5.7,0,0
"Alcantara, Sandy",2019-06-21,2019,6,51,4,94,2284,-1.06,1.15,5.6,2,1
"Alcantara, Sandy",2019-06-21,2019,6,51,3,95,2353,-1.02,1.14,5.6,1,1
"Alcantara, Sandy",2019-06-21,2019,6,51,2,93.9,2269,-0.97,1.09,5.8,1,0
"Alcantara, Sandy",2019-06-21,2019,6,51,1,94.9,2232,-1.08,1.26,5.7,0,0
"Alcantara, Sandy",2019-06-21,2019,6,49,4,96.3,2333,-0.69,1.36,6.1,1,2
"Alcantara, Sandy",2019-06-21,2019,5,43,3,95.7,2311,-0.85,1.3,5.7,0,2
"Alcantara, Sandy",2019-06-21,2019,5,43,2,93.8,2253,-0.89,1.29,5.7,0,1
"Alcantara, Sandy",2019-06-21,2019,5,43,1,93.4,2244,-0.79,1.31,6.2,0,0
"Alcantara, Sandy",2019-06-21,2019,5,42,4,96.2,2249,-0.93,1.32,5.7,0,2
"Alcantara, Sandy",2019-06-21,2019,5,42,3,95.9,2287,-0.89,1.16,5.9,0,2
"Alcantara, Sandy",2019-06-21,2019,5,41,2,94.9,2300,-0.84,1.18,6,0,1
"Alcantara, Sandy",2019-06-21,2019,5,40,2,94.8,2462,-0.86,1.26,6.4,1,0
"Alcantara, Sandy",2019-06-21,2019,4,34,6,95.3,2373,-0.73,1.14,6.3,3,2
"Alcantara, Sandy",2019-06-21,2019,4,34,5,95.1,2347,-0.5,1.14,6.4,3,1
"Alcantara, Sandy",2019-06-21,2019,4,34,1,95.1,2438,-0.63,1.24,5.8,0,0
"Alcantara, Sandy",2019-06-21,2019,4,32,3,98.9,2235,-0.59,1.19,6,0,2
"Alcantara, Sandy",2019-06-21,2019,4,32,1,96.4,2277,-0.74,1.07,6.3,0,0
"Alcantara, Sandy",2019-06-21,2019,4,31,1,93.7,2462,-0.95,1.17,5.7,0,0
"Alcantara, Sandy",2019-06-21,2019,3,24,5,95.3,2319,-1.04,1.23,5.7,2,2
"Alcantara, Sandy",2019-06-21,2019,3,23,4,97.4,2486,-0.88,1.31,5.9,0,2
"Alcantara, Sandy",2019-06-21,2019,3,22,1,95.2,2360,-0.78,1.18,5.9,0,0
"Alcantara, Sandy",2019-06-21,2019,3,21,1,95.2,2501,-0.96,1.34,5.8,0,0
"Alcantara, Sandy",2019-06-21,2019,2,16,4,92.4,2137,-0.84,1.28,6.2,2,1
"Alcantara, Sandy",2019-06-21,2019,2,16,3,91.8,2281,-0.67,1.29,6.1,2,0
"Alcantara, Sandy",2019-06-21,2019,2,16,2,92.7,2287,-0.81,1.39,6,1,0
"Alcantara, Sandy",2019-06-21,2019,2,14,1,95.4,2444,-0.88,1.21,5.7,0,0
"Alcantara, Sandy",2019-06-21,2019,2,12,1,93.3,2350,-0.86,1.29,5.8,0,0
"Alcantara, Sandy",2019-06-21,2019,1,7,4,95.3,2354,-0.83,1.25,5.6,1,2
"Alcantara, Sandy",2019-06-21,2019,1,7,2,95.2,2245,-0.72,1.25,6.4,0,1
"Alcantara, Sandy",2019-06-21,2019,1,6,6,96,2248,-0.7,1.28,6.2,3,2
"Alcantara, Sandy",2019-06-21,2019,1,6,5,96.2,2374,-0.68,1.37,5.6,3,1
"Alcantara, Sandy",2019-06-21,2019,1,6,4,94.4,2244,-0.83,1.15,5.6,2,1
"Alcantara, Sandy",2019-06-21,2019,1,6,2,97,2497,-0.66,1.57,6.3,0,1
"Alcantara, Sandy",2019-06-21,2019,1,6,1,94.2,2340,-0.87,1.32,6.1,0,0
"Alcantara, Sandy",2019-06-21,2019,1,5,5,94.4,2407,-0.68,1.43,6,2,2
"Alcantara, Sandy",2019-07-03,2019,6,45,3,96.9,2286,-0.84,1.23,5.9,0,2
"Alcantara, Sandy",2019-07-03,2019,6,45,2,95.8,2300,-0.79,1.19,5.8,0,1
"Alcantara, Sandy",2019-07-03,2019,6,44,3,94.5,1952,-0.6,1.08,5.9,1,1
"Alcantara, Sandy",2019-07-03,2019,6,43,8,96.4,2138,-0.51,0.94,5.8,3,2
"Alcantara, Sandy",2019-07-03,2019,6,43,7,95.9,2176,-0.55,1.09,5.7,3,2
"Alcantara, Sandy",2019-07-03,2019,6,43,2,94.3,2281,-0.66,1.33,5.7,1,0
"Alcantara, Sandy",2019-07-03,2019,5,36,4,96.2,2282,-0.58,0.98,5.7,1,2
"Alcantara, Sandy",2019-07-03,2019,5,36,1,94.2,2195,-0.69,0.99,5.6,0,0
"Alcantara, Sandy",2019-07-03,2019,4,31,3,96.9,2128,-0.57,1.23,5.7,0,2
"Alcantara, Sandy",2019-07-03,2019,4,29,3,95.8,2378,-0.85,1.11,5.6,1,1
"Alcantara, Sandy",2019-07-03,2019,4,28,7,95.6,2293,-0.72,1.22,5.9,3,2
"Alcantara, Sandy",2019-07-03,2019,4,28,3,94.7,2242,-0.71,1.14,5.8,1,1
"Alcantara, Sandy",2019-07-03,2019,4,28,2,96.6,2270,-0.83,1.21,5.6,0,1
"Alcantara, Sandy",2019-07-03,2019,4,27,3,96.1,2252,-0.69,1.19,5.9,0,2
"Alcantara, Sandy",2019-07-03,2019,4,26,5,95.8,2306,-0.82,1.19,5.6,3,1
"Alcantara, Sandy",2019-07-03,2019,4,26,2,95.3,2441,-0.76,1.29,5.7,0,1
"Alcantara, Sandy",2019-07-03,2019,3,22,4,95.4,1977,-0.77,0.78,5.6,1,2
"Alcantara, Sandy",2019-07-03,2019,3,22,2,95.9,2222,-0.56,1.3,5.9,0,1
"Alcantara, Sandy",2019-07-03,2019,3,21,2,98,2439,-1.02,1.29,5.6,0,1
"Alcantara, Sandy",2019-07-03,2019,3,20,8,96.2,2334,-0.59,1.19,5.9,3,2
"Alcantara, Sandy",2019-07-03,2019,3,20,7,96.3,2365,-0.72,1.3,6.2,3,2
"Alcantara, Sandy",2019-07-03,2019,3,20,6,96.4,2333,-0.59,1.14,5.6,3,2
"Alcantara, Sandy",2019-07-03,2019,3,20,5,96.9,2362,-0.8,1.14,5.6,2,2
"Alcantara, Sandy",2019-07-03,2019,3,20,4,95.7,2302,-0.54,1,5.9,2,1
"Alcantara, Sandy",2019-07-03,2019,3,20,3,96.7,2333,-0.54,1.08,5.7,1,1
"Alcantara, Sandy",2019-07-03,2019,3,20,1,96.4,2205,-0.76,1.09,5.6,0,0
"Alcantara, Sandy",2019-07-03,2019,3,19,3,97.5,2377,-0.9,1.12,6,0,2
"Alcantara, Sandy",2019-07-03,2019,3,19,1,94.3,2323,-0.65,1.41,5.4,0,0
"Alcantara, Sandy",2019-07-03,2019,2,14,2,95.5,2338,-0.84,1.05,5.6,0,1
"Alcantara, Sandy",2019-07-03,2019,2,13,1,94.8,2297,-0.78,1.2,5.6,0,0
"Alcantara, Sandy",2019-07-03,2019,2,12,6,95.7,2378,-0.98,1.17,5.8,2,2
"Alcantara, Sandy",2019-07-03,2019,2,12,5,96.1,2384,-0.94,1.12,5.8,1,2
"Alcantara, Sandy",2019-07-03,2019,2,12,2,95,2437,-0.62,1.32,6.1,0,1
"Alcantara, Sandy",2019-07-03,2019,2,12,1,95.1,2280,-0.67,1.29,5.7,0,0
"Alcantara, Sandy",2019-07-03,2019,2,11,6,95.9,2443,-0.83,1.4,5.9,3,2
"Alcantara, Sandy",2019-07-03,2019,2,11,5,95.4,2384,-0.9,1.29,5.8,3,1
"Alcantara, Sandy",2019-07-03,2019,2,11,3,94.8,2374,-0.73,1.25,5.8,2,0
"Alcantara, Sandy",2019-07-03,2019,2,11,1,94.7,2208,-0.73,1.36,5.5,0,0
"Alcantara, Sandy",2019-07-03,2019,1,7,1,95.5,2400,-0.77,1.27,5.5,0,0
"Alcantara, Sandy",2019-07-03,2019,1,6,4,96.2,2272,-0.67,1.11,6.1,0,2
"Alcantara, Sandy",2019-07-03,2019,1,6,3,96.1,2372,-0.74,1.29,6,0,2
"Alcantara, Sandy",2019-07-03,2019,1,6,1,96,2285,-0.89,1.22,5.8,0,0
"Alcantara, Sandy",2019-07-03,2019,1,5,2,94.8,2190,-0.88,1.07,5.8,1,0
"Alcantara, Sandy",2019-07-03,2019,1,5,1,94.9,2245,-0.98,0.96,5.7,0,0
"Wheeler, Zack",2019-07-02,2019,7,50,4,97,2347,-0.86,1.14,7.3,2,1
"Wheeler, Zack",2019-07-02,2019,7,50,2,96.4,2186,-0.7,1.31,6.8,0,1
"Wheeler, Zack",2019-07-02,2019,6,42,2,96.8,2378,-0.94,1.18,6.9,0,1
"Wheeler, Zack",2019-07-02,2019,5,35,3,97.2,2347,-0.55,1.29,7.3,0,2
"Wheeler, Zack",2019-07-02,2019,5,34,2,97,2257,-0.86,1.25,7,0,1
"Wheeler, Zack",2019-07-02,2019,5,33,4,96.6,2392,-1.02,1.23,7,1,2
"Wheeler, Zack",2019-07-02,2019,5,32,2,97,2425,-0.82,1.11,6.7,0,1
"Wheeler, Zack",2019-07-02,2019,4,28,3,96.7,2170,-0.73,1.18,7,0,2
"Wheeler, Zack",2019-07-02,2019,3,20,3,98.3,2289,-0.97,1.25,5.6,0,2
"Wheeler, Zack",2019-07-02,2019,3,18,3,97.3,2352,-0.64,1.25,6.6,1,1
"Wheeler, Zack",2019-07-02,2019,3,18,1,95.4,2270,-0.96,1.29,7,0,0
"Wheeler, Zack",2019-07-02,2019,2,12,2,96.3,2359,-0.86,1.29,6.8,0,1
"Wheeler, Zack",2019-07-02,2019,2,9,8,98.2,2233,-0.82,1,6.8,3,2
"Wheeler, Zack",2019-07-02,2019,2,9,5,97.6,2262,-1.01,1.23,7,2,2
"Wheeler, Zack",2019-07-02,2019,2,9,1,97,2396,-1.03,1.29,7.3,0,0
"Wheeler, Zack",2019-07-02,2019,1,4,4,96.4,2243,-0.82,1.28,6.7,2,1
"Wheeler, Zack",2019-07-02,2019,1,4,3,97.2,2336,-0.73,1.14,7,1,1
"Wheeler, Zack",2019-07-02,2019,1,3,4,96.8,2248,-0.81,1.12,6.9,1,2
"Wheeler, Zack",2019-07-02,2019,1,3,1,96.6,2078,-0.77,1.19,7.1,0,0
"Wheeler, Zack",2019-07-02,2019,1,1,4,98.4,2262,-0.85,1.17,6.7,1,2
"Cole, Gerrit",2019-06-30,2019,7,53,4,100.3,2627,-1.07,1.55,6.4,1,2
"Cole, Gerrit",2019-06-30,2019,7,53,3,100,2627,-1,1.68,6.3,0,2
"Cole, Gerrit",2019-06-30,2019,7,52,5,98.3,2563,-1.09,1.51,6.2,3,1
"Cole, Gerrit",2019-06-30,2019,7,52,3,97.2,2473,-1.14,1.4,6.2,1,1
"Cole, Gerrit",2019-06-30,2019,7,51,6,98.5,2665,-0.99,1.45,6.2,0,2
"Cole, Gerrit",2019-06-30,2019,7,51,5,98.2,2609,-0.93,1.54,6.2,0,2
"Cole, Gerrit",2019-06-30,2019,7,51,3,98,2577,-0.91,1.58,6.2,0,2
"Cole, Gerrit",2019-06-30,2019,7,51,2,96.5,2545,-0.96,1.37,6.2,0,1
"Cole, Gerrit",2019-06-30,2019,7,51,1,96.4,2588,-0.97,1.55,6.5,0,0
"Cole, Gerrit",2019-06-30,2019,6,44,2,97.7,2571,-0.74,1.63,6.4,0,1
"Cole, Gerrit",2019-06-30,2019,6,43,11,100.1,2642,-0.87,1.56,6.4,3,2
"Cole, Gerrit",2019-06-30,2019,6,43,10,99,2559,-1.1,1.42,6.4,3,2
"Cole, Gerrit",2019-06-30,2019,6,43,9,98.4,2591,-1.05,1.51,6,3,2
"Cole, Gerrit",2019-06-30,2019,6,43,8,97.8,2580,-1.08,1.55,6.4,3,2
"Cole, Gerrit",2019-06-30,2019,6,43,7,97.8,2617,-0.92,1.71,6.1,3,2
"Cole, Gerrit",2019-06-30,2019,6,43,6,98.1,2396,-0.88,1.53,6.3,3,2
"Cole, Gerrit",2019-06-30,2019,6,43,3,97.1,2549,-1.14,1.61,6,2,0
"Cole, Gerrit",2019-06-30,2019,6,43,2,95.8,2422,-1.12,1.36,6.4,1,0
"Cole, Gerrit",2019-06-30,2019,5,39,2,97.3,2697,-1.02,1.38,6.4,0,1
"Cole, Gerrit",2019-06-30,2019,5,39,1,97.3,2663,-1.03,1.5,6.2,0,0
"Cole, Gerrit",2019-06-30,2019,5,37,2,96.3,2517,-0.84,1.47,6.1,0,1
"Cole, Gerrit",2019-06-30,2019,5,36,3,95.9,2499,-1.1,1.57,6.1,1,1
"Cole, Gerrit",2019-06-30,2019,5,36,1,96,2553,-0.98,1.63,6.3,0,0
"Cole, Gerrit",2019-06-30,2019,4,31,7,99,2587,-0.92,1.55,6.3,2,2
"Cole, Gerrit",2019-06-30,2019,4,31,6,98.7,2613,-0.79,1.49,6.2,2,2
"Cole, Gerrit",2019-06-30,2019,4,31,4,98.5,2478,-0.87,1.53,6.4,1,2
"Cole, Gerrit",2019-06-30,2019,4,31,1,98,2448,-0.89,1.52,6.1,0,0
"Cole, Gerrit",2019-06-30,2019,4,29,3,97,2556,-0.97,1.57,6,1,1
"Cole, Gerrit",2019-06-30,2019,4,29,1,96.8,2586,-0.89,1.63,6,0,0
"Cole, Gerrit",2019-06-30,2019,4,28,5,97.5,2376,-0.66,1.43,6.4,2,2
"Cole, Gerrit",2019-06-30,2019,4,28,4,96.5,2502,-0.83,1.62,6.4,2,1
"Cole, Gerrit",2019-06-30,2019,4,28,3,97.4,2544,-0.69,1.64,6.2,1,1
"Cole, Gerrit",2019-06-30,2019,4,28,1,95.1,2434,-0.89,1.47,6,0,0
"Cole, Gerrit",2019-06-30,2019,4,27,2,96.2,2553,-0.82,1.62,6.3,0,1
"Cole, Gerrit",2019-06-30,2019,3,19,1,97,2499,-0.63,1.6,6.4,0,0
"Cole, Gerrit",2019-06-30,2019,3,18,1,95.1,2370,-0.77,1.59,5.9,0,0
"Cole, Gerrit",2019-06-30,2019,2,14,5,97.7,2417,-0.71,1.44,6.1,2,2
"Cole, Gerrit",2019-06-30,2019,2,14,1,97.1,2493,-0.91,1.57,6.1,0,0
"Cole, Gerrit",2019-06-30,2019,2,13,4,97.8,2590,-0.99,1.66,6.1,1,2
"Cole, Gerrit",2019-06-30,2019,2,13,2,97.4,2495,-0.92,1.72,6.1,0,1
"Cole, Gerrit",2019-06-30,2019,2,12,4,97.7,2431,-1.06,1.62,6.1,1,2
"Cole, Gerrit",2019-06-30,2019,2,12,3,97.4,2479,-1,1.63,6.1,0,2
"Cole, Gerrit",2019-06-30,2019,2,12,1,95.8,2521,-0.98,1.65,6.1,0,0
"Cole, Gerrit",2019-06-30,2019,1,4,3,96.7,2392,-0.84,1.56,6.2,1,1
"Cole, Gerrit",2019-06-30,2019,1,4,1,96.4,2393,-0.8,1.67,6,0,0
"Cole, Gerrit",2019-06-30,2019,1,3,5,96.8,2342,-0.74,1.49,6.2,3,1
"Cole, Gerrit",2019-06-30,2019,1,3,4,96.9,2406,-0.88,1.76,5.9,2,1
"Cole, Gerrit",2019-06-30,2019,1,3,1,95.8,2436,-0.72,1.65,6.1,0,0
"Cole, Gerrit",2019-06-30,2019,1,2,2,95.7,2395,-0.97,1.52,6.4,1,0
"Cole, Gerrit",2019-06-30,2019,1,2,1,96.1,2495,-1.11,1.36,6,0,0
"Cole, Gerrit",2019-06-30,2019,1,1,4,97,2411,-0.99,1.51,6.2,1,2
"Cole, Gerrit",2019-06-30,2019,1,1,3,96.7,2410,-1.1,1.51,5.9,0,2
"Cole, Gerrit",2019-06-30,2019,1,1,2,95.3,2368,-0.92,1.51,6.1,0,1
"Cole, Gerrit",2019-06-30,2019,1,1,1,96,2391,-0.95,1.64,6,0,0
"Wheeler, Zack",2019-06-27,2019,6,45,4,97.1,2346,-0.86,1.07,7.5,1,2
"Wheeler, Zack",2019-06-27,2019,6,45,3,97.5,2479,-0.89,1.33,7.3,1,1
"Wheeler, Zack",2019-06-27,2019,6,44,5,97.6,2456,-0.73,1.48,7.3,2,2
"Wheeler, Zack",2019-06-27,2019,6,44,4,97.5,2463,-0.83,1.3,7,2,1
"Wheeler, Zack",2019-06-27,2019,6,44,3,96.9,2374,-0.63,1.2,6.9,1,1
"Wheeler, Zack",2019-06-27,2019,6,43,4,96.3,2130,-1.04,1.31,7,3,0
"Wheeler, Zack",2019-06-27,2019,6,43,3,95.7,2197,-0.96,1.22,7.2,2,0
"Wheeler, Zack",2019-06-27,2019,6,42,3,96.9,2346,-0.87,1.18,7,1,1
"Wheeler, Zack",2019-06-27,2019,5,36,6,97,2390,-1.03,1.39,7.1,3,2
"Alcantara, Sandy",2019-06-27,2019,6,48,2,95.9,2349,-0.62,1.11,5.8,0,1
"Alcantara, Sandy",2019-06-27,2019,6,48,1,95.4,2324,-0.85,1.25,5.7,0,0
"Wheeler, Zack",2019-06-27,2019,5,36,2,96.4,2317,-0.94,1.31,6.9,0,1
"Alcantara, Sandy",2019-06-27,2019,6,46,4,96.3,2160,-0.62,1.18,5.7,1,2
"Wheeler, Zack",2019-06-27,2019,5,35,1,95.8,2416,-0.88,1.45,7.2,0,0
"Alcantara, Sandy",2019-06-27,2019,6,42,8,95.3,2257,-0.71,1.33,6,3,2
"Wheeler, Zack",2019-06-27,2019,5,34,1,94,2245,-1.09,1.38,7.1,0,0
"Alcantara, Sandy",2019-06-27,2019,6,42,5,95.6,2375,-0.8,1.42,5.7,2,2
"Wheeler, Zack",2019-06-27,2019,4,28,1,95.8,2291,-0.8,1.32,7.1,0,0
"Wheeler, Zack",2019-06-27,2019,4,27,10,98.2,2296,-0.72,1.11,7.1,3,2
"Wheeler, Zack",2019-06-27,2019,4,27,7,96.9,2391,-0.95,1.33,6.9,3,2
"Alcantara, Sandy",2019-06-27,2019,6,41,1,95.4,2411,-0.95,1.33,5.8,0,0
"Wheeler, Zack",2019-06-27,2019,4,27,4,96.1,2387,-0.98,1.38,7.1,1,2
"Alcantara, Sandy",2019-06-27,2019,5,34,1,93.5,2493,-0.79,1.25,5.9,0,0
"Wheeler, Zack",2019-06-27,2019,3,23,2,96,2264,-1.08,1.38,7.4,1,0
"Alcantara, Sandy",2019-06-27,2019,4,27,6,95.2,2206,-0.56,1.22,5.9,2,2
"Wheeler, Zack",2019-06-27,2019,3,22,5,97.2,2431,-0.95,1.3,7.4,1,2
"Wheeler, Zack",2019-06-27,2019,3,22,4,97,2483,-0.61,1.35,7.3,1,2
"Wheeler, Zack",2019-06-27,2019,3,22,3,96.7,2414,-0.85,1.35,7.4,1,1
"Wheeler, Zack",2019-06-27,2019,3,22,2,97.3,2475,-0.55,1.44,7.2,1,0
"Alcantara, Sandy",2019-06-27,2019,4,27,3,95.1,2444,-0.62,1.37,5.8,1,1
"Alcantara, Sandy",2019-06-27,2019,4,25,6,95.1,2196,-0.6,1.23,5.9,2,2
"Wheeler, Zack",2019-06-27,2019,3,20,2,96.8,2371,-0.8,1.21,6.9,1,0
"Wheeler, Zack",2019-06-27,2019,3,19,10,97.6,2459,-0.85,1.18,7,3,2
"Alcantara, Sandy",2019-06-27,2019,4,25,1,95,2291,-0.57,1.22,5.5,0,0
"Wheeler, Zack",2019-07-07,2019,6,41,3,95,2264,-0.57,1.2,7.1,1,1
"Wheeler, Zack",2019-07-07,2019,6,40,3,94.8,2246,-0.78,1.36,7,1,1
"Wheeler, Zack",2019-07-07,2019,5,36,8,96.3,2277,-0.86,1.13,7,3,2
"Wheeler, Zack",2019-07-07,2019,5,36,7,95.4,2347,-0.61,1.25,6.7,2,2
"Wheeler, Zack",2019-07-07,2019,5,36,5,96.2,2228,-0.8,0.99,7.1,1,2
"Wheeler, Zack",2019-07-07,2019,5,36,4,95.3,2286,-0.62,1.27,6.7,0,2
"Wheeler, Zack",2019-07-07,2019,5,36,3,96.3,2379,-0.91,1.24,6.7,0,2
"Wheeler, Zack",2019-07-07,2019,5,36,2,94.9,2146,-0.85,1.06,7,0,1
"Wheeler, Zack",2019-07-07,2019,5,35,2,94.5,2305,-0.55,1.19,6.9,1,0
"Wheeler, Zack",2019-07-07,2019,5,34,1,93.3,2009,-0.71,1.19,7.1,0,0
"Wheeler, Zack",2019-07-07,2019,4,30,3,96,2355,-0.71,1.32,7,0,2
"Wheeler, Zack",2019-07-07,2019,4,29,8,96.5,2313,-0.79,1.33,6.8,3,2
"Wheeler, Zack",2019-07-07,2019,4,29,7,96.7,2380,-0.75,1.35,6.7,3,2
"Wheeler, Zack",2019-07-07,2019,4,29,5,96.2,2272,-1.01,1.17,7.4,2,2
"Wheeler, Zack",2019-07-07,2019,4,29,4,95.9,2212,-0.87,1.39,6.7,2,1
"Wheeler, Zack",2019-07-07,2019,4,29,2,95.6,2219,-0.83,1.39,6.7,1,0
"Wheeler, Zack",2019-07-07,2019,4,29,1,95,2306,-0.76,1.3,7.2,0,0
"Wheeler, Zack",2019-07-07,2019,4,28,3,94.5,2263,-0.74,1.35,6.9,1,1
"Wheeler, Zack",2019-07-07,2019,4,28,2,93.1,2087,-1.08,1.29,7.1,1,0
"Wheeler, Zack",2019-07-07,2019,4,28,1,92.6,2186,-0.69,1.47,7,0,0
"Wheeler, Zack",2019-07-07,2019,3,23,6,96.8,2350,-0.7,1.27,7.1,3,2
"Wheeler, Zack",2019-07-07,2019,3,23,5,96.8,2193,-0.59,1.12,7,3,1
"Wheeler, Zack",2019-07-07,2019,3,23,2,94.8,2248,-0.79,1.34,7.2,1,0
"Wheeler, Zack",2019-07-07,2019,3,22,2,95.4,2302,-0.82,1.18,6.9,0,1
"Wheeler, Zack",2019-07-07,2019,3,22,1,95.3,2256,-0.74,1.16,6.9,0,0
"Wheeler, Zack",2019-07-07,2019,2,16,7,98.7,2356,-0.92,1.11,7,3,2
"Wheeler, Zack",2019-07-07,2019,2,16,5,96.9,2300,-0.89,1.41,6.7,2,2
"Wheeler, Zack",2019-07-07,2019,2,16,4,96.4,2444,-1.07,1.35,7.3,1,2
"Wheeler, Zack",2019-07-07,2019,2,16,2,94.5,2207,-0.64,1.4,7,0,1
"Wheeler, Zack",2019-07-07,2019,2,16,1,96,2256,-0.79,1.33,7,0,0
"Wheeler, Zack",2019-07-07,2019,2,15,2,94,2130,-0.94,1.34,6.8,1,0
"Wheeler, Zack",2019-07-07,2019,2,14,5,96.7,2047,-1.17,1.41,7,1,2
"Wheeler, Zack",2019-07-07,2019,2,14,4,96.7,2366,-0.91,1.42,7,1,2
"Wheeler, Zack",2019-07-07,2019,2,14,3,95.5,2289,-0.97,1.38,7.1,1,1
"Wheeler, Zack",2019-07-07,2019,2,14,2,97,2369,-0.78,1.33,6.9,1,0
"Wheeler, Zack",2019-07-07,2019,2,13,2,94.2,2047,-0.72,1.26,6.9,0,1
"Wheeler, Zack",2019-07-07,2019,1,9,4,96.5,2340,-0.97,1.28,6.9,2,1
"Wheeler, Zack",2019-07-07,2019,1,7,5,96.7,2357,-0.94,1.37,6.8,2,2
"Wheeler, Zack",2019-07-07,2019,1,7,1,95.9,2350,-0.91,1.5,6.8,0,0
"Wheeler, Zack",2019-07-07,2019,1,4,4,97.1,2320,-0.82,1.09,6.8,1,2
"Wheeler, Zack",2019-07-07,2019,1,3,2,95.9,2307,-0.69,1.25,7.3,0,1
"Wheeler, Zack",2019-07-07,2019,1,2,2,96.9,2312,-0.6,1.48,6.7,0,1
"Wheeler, Zack",2019-07-07,2019,1,2,1,95.9,2213,-1.14,1.4,6.6,0,0
"Wheeler, Zack",2019-07-07,2019,1,1,2,95.7,2133,-1.21,1.45,6.7,0,1
"Cole, Gerrit",2019-07-06,2019,7,52,5,101.1,2521,-0.74,1.51,6.1,2,2
"Cole, Gerrit",2019-07-06,2019,7,52,4,99.5,2512,-0.6,1.57,6.2,2,1
"Cole, Gerrit",2019-07-06,2019,7,52,3,98.5,2485,-0.61,1.65,6.3,2,0
"Cole, Gerrit",2019-07-06,2019,7,51,4,99.3,2608,-0.92,1.55,6.1,2,1
"Cole, Gerrit",2019-07-06,2019,7,50,2,97.5,2473,-1.09,1.53,6.3,0,1
"Cole, Gerrit",2019-07-06,2019,7,50,1,96.8,2441,-0.94,1.66,6.3,0,0
"Cole, Gerrit",2019-07-06,2019,6,44,5,100.3,2625,-0.9,1.63,6.4,2,2
"Cole, Gerrit",2019-07-06,2019,6,44,4,98.1,2530,-1.09,1.51,6.4,2,1
"Cole, Gerrit",2019-07-06,2019,6,44,3,98.6,2481,-0.81,1.68,6.2,2,0
"Cole, Gerrit",2019-07-06,2019,6,44,1,97.1,2390,-1.01,1.24,6.2,0,0
"Cole, Gerrit",2019-07-06,2019,6,43,8,98.6,2539,-1.02,1.33,6.4,3,2
"Cole, Gerrit",2019-07-06,2019,6,43,7,98.9,2494,-0.65,1.65,6.2,3,2
"Cole, Gerrit",2019-07-06,2019,6,43,6,99.8,2484,-1.02,1.5,6.1,3,2
"Cole, Gerrit",2019-07-06,2019,6,43,5,98.8,2375,-0.84,1.59,6,2,2
"Cole, Gerrit",2019-07-06,2019,6,43,3,97.4,2486,-1.01,1.62,6.4,1,1
"Cole, Gerrit",2019-07-06,2019,6,43,1,98.5,2459,-1.23,1.37,6.2,0,0
"Cole, Gerrit",2019-07-06,2019,6,42,5,98.9,2512,-0.99,1.45,6.1,3,1
"Cole, Gerrit",2019-07-06,2019,6,42,4,97.7,2430,-0.95,1.44,6.5,2,1
"Cole, Gerrit",2019-07-06,2019,6,42,3,98.2,2483,-0.77,1.65,6.2,1,1
"Cole, Gerrit",2019-07-06,2019,6,41,3,97.3,2506,-1.18,1.58,6,1,1
"Cole, Gerrit",2019-07-06,2019,6,41,2,96.5,2598,-0.89,1.82,6.3,0,1
"Cole, Gerrit",2019-07-06,2019,6,41,1,96.5,2522,-0.98,1.61,6.6,0,0
"Cole, Gerrit",2019-07-06,2019,5,35,4,99.4,2579,-1.04,1.44,6.2,1,2
"Cole, Gerrit",2019-07-06,2019,5,35,3,97,2514,-1.1,1.31,6.1,1,1
"Cole, Gerrit",2019-07-06,2019,5,34,3,97.1,2477,-0.94,1.55,6.3,1,1
"Cole, Gerrit",2019-07-06,2019,5,34,1,97.3,2557,-1.15,1.59,6.1,0,0
"Cole, Gerrit",2019-07-06,2019,5,33,5,98,2442,-0.99,1.51,6.2,2,2
"Cole, Gerrit",2019-07-06,2019,5,33,4,98.5,2614,-1.02,1.5,6.4,1,2
"Cole, Gerrit",2019-07-06,2019,5,33,2,96.5,2495,-0.94,1.5,6,0,1
"Cole, Gerrit",2019-07-06,2019,4,26,6,100.3,2597,-1.21,1.39,6.5,2,2
"Cole, Gerrit",2019-07-06,2019,4,26,4,99.4,2584,-1.02,1.43,6.3,1,2
"Cole, Gerrit",2019-07-06,2019,4,26,3,100,2452,-0.83,1.44,6.2,0,2
"Cole, Gerrit",2019-07-06,2019,4,26,1,98.3,2476,-0.93,1.49,6.1,0,0
"Cole, Gerrit",2019-07-06,2019,4,25,2,96,2404,-0.95,1.43,6.4,1,0
"Cole, Gerrit",2019-07-06,2019,4,25,1,97.9,2493,-0.98,1.45,6.1,0,0
"Cole, Gerrit",2019-07-06,2019,4,24,1,98.2,2555,-1.09,1.5,6.8,0,0
"Cole, Gerrit",2019-07-06,2019,3,19,6,99.8,2579,-0.97,1.51,6.1,2,2
"Cole, Gerrit",2019-07-06,2019,3,19,5,99.3,2444,-1.09,1.27,6.4,2,2
"Cole, Gerrit",2019-07-06,2019,3,19,3,97.7,2439,-0.87,1.32,6.7,1,1
"Cole, Gerrit",2019-07-06,2019,3,18,2,98.1,2487,-1.01,1.46,6.4,0,1
"Cole, Gerrit",2019-07-06,2019,3,18,1,97.4,2491,-1.08,1.48,6.4,0,0
"Cole, Gerrit",2019-07-06,2019,2,13,5,97.8,2517,-0.99,1.51,6.4,3,1
"Cole, Gerrit",2019-07-06,2019,2,13,4,98.7,2577,-1.12,1.47,6.1,2,1
"Cole, Gerrit",2019-07-06,2019,2,13,3,97.9,2549,-1.04,1.52,6.2,2,0
"Cole, Gerrit",2019-07-06,2019,2,13,1,97.5,2570,-0.94,1.47,6,0,0
"Cole, Gerrit",2019-07-06,2019,2,12,4,98.2,2492,-1.13,1.28,6.4,1,2
"Cole, Gerrit",2019-07-06,2019,2,12,1,95.8,2436,-0.57,0.78,6.5,0,0
"Cole, Gerrit",2019-07-06,2019,2,11,7,98.8,2593,-0.95,1.52,6.3,3,2
"Cole, Gerrit",2019-07-06,2019,2,11,5,99.9,2485,-0.97,1.46,6.1,2,2
"Cole, Gerrit",2019-07-06,2019,2,11,4,98.5,2570,-1.14,1.55,6.2,2,1
"Cole, Gerrit",2019-07-06,2019,2,11,3,97.6,2456,-1,1.5,6,1,1
"Cole, Gerrit",2019-07-06,2019,2,11,2,98.3,2642,-0.99,1.6,6.1,0,1
"Cole, Gerrit",2019-07-06,2019,2,11,1,96.8,2528,-1,1.48,6.1,0,0
"Cole, Gerrit",2019-07-06,2019,2,10,2,97.3,2527,-0.95,1.47,6.2,0,1
"Cole, Gerrit",2019-07-06,2019,2,10,1,96.7,2557,-0.94,1.63,6,0,0
"Cole, Gerrit",2019-07-06,2019,1,5,4,98.7,2598,-0.95,1.49,6.2,1,2
"Cole, Gerrit",2019-07-06,2019,1,4,5,97.9,2624,-0.97,1.56,6.4,3,1
"Cole, Gerrit",2019-07-06,2019,1,4,4,97.8,2469,-1.09,1.51,6.5,3,0
"Cole, Gerrit",2019-07-06,2019,1,3,2,97.6,2486,-1.09,1.51,6.1,0,1
"Cole, Gerrit",2019-07-06,2019,1,3,1,96.7,2608,-0.88,1.56,6.2,0,0
"Cole, Gerrit",2019-07-06,2019,1,2,2,97.8,2514,-0.89,1.62,6.4,0,1
"Cole, Gerrit",2019-07-06,2019,1,1,4,97.4,2626,-1.02,1.65,6,1,2
"Cole, Gerrit",2019-07-06,2019,1,1,3,97.7,2485,-1.29,1.63,6.8,0,2
"Cole, Gerrit",2019-07-06,2019,1,1,1,94.8,2376,-1.08,1.56,6.8,0,0
"Cole, Gerrit",2019-07-17,2019,7,63,3,99.4,2631,-0.99,1.6,6.4,0,2
"Cole, Gerrit",2019-07-17,2019,7,62,6,99.2,2579,-0.84,1.44,6.4,3,2
"Cole, Gerrit",2019-07-17,2019,7,61,6,99.1,2616,-1.18,1.72,6.2,3,2
"Cole, Gerrit",2019-07-17,2019,7,61,5,98.8,2646,-1.2,1.56,6.2,2,2
"Cole, Gerrit",2019-07-17,2019,7,61,4,97.7,2586,-1.25,1.56,6.1,2,1
"Cole, Gerrit",2019-07-17,2019,7,61,3,97.3,2648,-1.03,1.61,6.2,1,1
"Cole, Gerrit",2019-07-17,2019,7,61,2,96.5,2525,-1.05,1.62,6.1,1,0
"Cole, Gerrit",2019-07-17,2019,6,57,1,97.6,2532,-0.97,1.44,6,0,0
"Cole, Gerrit",2019-07-17,2019,6,55,5,99,2609,-0.97,1.48,6.2,2,2
"Cole, Gerrit",2019-07-17,2019,5,50,4,98.6,2621,-1.01,1.5,6.4,2,1
"Cole, Gerrit",2019-07-17,2019,5,50,3,98.2,2592,-0.86,1.37,6.4,2,0
"Cole, Gerrit",2019-07-17,2019,5,49,3,97.6,2464,-0.83,1.43,6.2,2,0
"Cole, Gerrit",2019-07-17,2019,5,48,1,96.2,2531,-0.98,1.55,6,0,0
"Cole, Gerrit",2019-07-17,2019,5,47,1,97,2596,-1.04,1.66,6.1,0,0
"Cole, Gerrit",2019-07-17,2019,5,46,3,98,2566,-0.97,1.61,6,0,2
"Cole, Gerrit",2019-07-17,2019,5,46,2,96.8,2546,-1,1.6,6.4,0,1
"Cole, Gerrit",2019-07-17,2019,5,46,1,97,2579,-1.08,1.52,6.4,0,0
"Cole, Gerrit",2019-07-17,2019,4,37,3,98.7,2656,-0.93,1.69,6.2,0,2
"Cole, Gerrit",2019-07-17,2019,4,36,4,97.1,2597,-1.06,1.56,6.1,1,2
"Cole, Gerrit",2019-07-17,2019,4,36,1,97.7,2529,-1.05,1.45,6.3,0,0
"Cole, Gerrit",2019-07-17,2019,4,35,6,98.3,2515,-0.74,1.54,6.4,2,2
"Cole, Gerrit",2019-07-17,2019,4,35,5,99.8,2525,-1.03,1.51,6.2,2,2
"Cole, Gerrit",2019-07-17,2019,4,34,1,96.1,2531,-1.04,1.64,6.1,0,0
"Cole, Gerrit",2019-07-17,2019,3,28,2,97.4,2535,-0.99,1.58,5.8,0,1
"Cole, Gerrit",2019-07-17,2019,3,27,2,97.2,2479,-0.88,1.64,5.8,0,1
"Cole, Gerrit",2019-07-17,2019,3,27,1,98,2588,-1.03,1.46,6.5,0,0
"Cole, Gerrit",2019-07-17,2019,3,26,4,97.2,2554,-1,1.64,6.1,2,1
"Cole, Gerrit",2019-07-17,2019,3,26,3,97.5,2506,-0.89,1.7,6.2,1,1
"Cole, Gerrit",2019-07-17,2019,3,26,2,98.2,2587,-0.98,1.82,6,0,1
"Cole, Gerrit",2019-07-17,2019,3,26,1,95.9,2580,-1.04,1.74,6.2,0,0
"Cole, Gerrit",2019-07-17,2019,2,21,6,98.7,2534,-0.78,1.54,6.1,2,2
"Cole, Gerrit",2019-07-17,2019,2,21,4,98.2,2551,-1.05,1.52,6,1,2
"Cole, Gerrit",2019-07-17,2019,2,21,3,97.1,2423,-0.91,1.5,6.3,1,1
"Cole, Gerrit",2019-07-17,2019,2,21,2,97.7,2552,-1,1.57,6.4,1,0
"Cole, Gerrit",2019-07-17,2019,2,21,1,96.8,2531,-0.93,1.53,6.1,0,0
"Cole, Gerrit",2019-07-17,2019,2,20,2,97.1,2531,-1.02,1.37,6.2,1,0
"Cole, Gerrit",2019-07-17,2019,2,19,8,98.4,2546,-1.03,1.46,6.2,3,2
"Cole, Gerrit",2019-07-17,2019,2,19,7,98.8,2598,-1.25,1.49,6,3,2
"Cole, Gerrit",2019-07-17,2019,2,19,6,98.1,2611,-1,1.59,6.1,2,2
"Cole, Gerrit",2019-07-17,2019,2,19,5,98.1,2537,-0.87,1.57,6.3,2,2
"Cole, Gerrit",2019-07-17,2019,2,19,1,96.5,2598,-1.03,1.45,5.9,0,0
"Cole, Gerrit",2019-07-17,2019,2,18,1,96.7,2524,-0.79,1.65,6.6,0,0
"Cole, Gerrit",2019-07-17,2019,1,11,5,97.3,2596,-1.02,1.55,6.2,1,2
"Cole, Gerrit",2019-07-17,2019,1,11,4,97.6,2443,-1.11,1.49,5.9,1,2
"Cole, Gerrit",2019-07-17,2019,1,11,3,97.7,2540,-0.86,1.64,6,0,2
"Cole, Gerrit",2019-07-17,2019,1,11,2,97.9,2483,-0.89,1.56,6,0,1
"Cole, Gerrit",2019-07-17,2019,1,10,5,98.1,2573,-0.8,1.6,6.1,3,1
"Cole, Gerrit",2019-07-17,2019,1,10,3,97.7,2591,-0.92,1.47,6,1,1
"Cole, Gerrit",2019-07-17,2019,1,10,2,96.9,2557,-1.05,1.42,6.1,1,0
"Cole, Gerrit",2019-07-17,2019,1,10,1,96.5,2500,-0.96,1.48,6,0,0
"Cole, Gerrit",2019-07-17,2019,1,9,2,96.5,2568,-1.1,1.47,6,0,1
"Cole, Gerrit",2019-07-17,2019,1,8,1,95.6,2603,-1.08,1.67,6.1,0,0
"Alcantara, Sandy",2019-07-14,2019,6,53,4,97,2458,-0.64,1.47,6.1,1,2
"Alcantara, Sandy",2019-07-14,2019,6,53,3,96.3,2313,-0.59,1.49,5.7,1,1
"Alcantara, Sandy",2019-07-14,2019,6,51,4,95.9,2237,-0.63,1.41,5.6,1,2
"Alcantara, Sandy",2019-07-14,2019,6,51,3,94.8,2341,-0.67,1.39,5.7,1,1
"Alcantara, Sandy",2019-07-14,2019,6,50,2,94.8,2357,-0.77,1.39,5.5,0,1
"Alcantara, Sandy",2019-07-14,2019,6,50,1,93.5,2548,-0.85,1.49,5.6,0,0
"Alcantara, Sandy",2019-07-14,2019,6,48,2,94.6,2395,-0.76,1.45,5.6,1,0
"Alcantara, Sandy",2019-07-14,2019,6,48,1,94.4,2452,-1.17,1.31,5.6,0,0
"Alcantara, Sandy",2019-07-14,2019,5,43,3,96.7,2410,-0.71,1.51,5.8,0,2
"Alcantara, Sandy",2019-07-14,2019,5,43,2,94.7,2404,-0.9,1.37,5.4,0,1
"Alcantara, Sandy",2019-07-14,2019,5,40,1,93.7,2319,-0.84,1.5,5.1,0,0
"Alcantara, Sandy",2019-07-14,2019,4,34,5,96.4,2467,-0.88,1.37,5.9,2,2
"Alcantara, Sandy",2019-07-14,2019,4,34,2,94.7,2510,-0.88,1.36,5.3,0,1
"Alcantara, Sandy",2019-07-14,2019,4,33,5,95.2,2344,-1.13,1.19,5.7,1,2
"Alcantara, Sandy",2019-07-14,2019,4,33,3,95.4,2396,-0.8,1.38,6,0,2
"Alcantara, Sandy",2019-07-14,2019,4,32,5,93.9,2232,-0.76,1.19,5.4,3,1
"Alcantara, Sandy",2019-07-14,2019,4,32,4,94.5,2436,-0.87,1.44,6.2,2,1
"Alcantara, Sandy",2019-07-14,2019,4,29,3,94.6,2391,-0.93,1.3,6,2,0
"Alcantara, Sandy",2019-07-14,2019,4,29,1,95,2516,-1.06,1.32,5.7,0,0
"Alcantara, Sandy",2019-07-14,2019,4,28,2,96.2,2460,-1.04,1.36,5.6,0,1
"Alcantara, Sandy",2019-07-14,2019,4,28,1,94.4,2425,-0.87,1.42,5.6,0,0
"Alcantara, Sandy",2019-07-14,2019,3,21,3,97.1,2411,-0.85,1.36,5.9,0,2
"Alcantara, Sandy",2019-07-14,2019,3,21,2,94.6,2450,-0.93,1.24,5.5,0,1
"Alcantara, Sandy",2019-07-14,2019,3,21,1,94.6,2488,-1.06,1.38,5.8,0,0
"Alcantara, Sandy",2019-07-14,2019,3,20,1,95.1,2240,-0.91,1.33,5.4,0,0
"Alcantara, Sandy",2019-07-14,2019,2,13,2,95.2,2222,-0.96,1.3,5.7,0,1
"Alcantara, Sandy",2019-07-14,2019,2,11,7,95.9,2270,-0.66,1.38,5.4,3,2
"Alcantara, Sandy",2019-07-14,2019,2,11,1,95.1,2302,-0.82,1.26,5.7,0,0
"Alcantara, Sandy",2019-07-14,2019,1,4,2,95.6,2233,-0.86,1.29,5.6,1,0
"Alcantara, Sandy",2019-07-14,2019,1,3,3,96.9,2491,-0.97,1.36,5.7,0,2
"Alcantara, Sandy",2019-07-14,2019,1,3,1,96.1,2443,-0.91,1.28,5.6,0,0
"Alcantara, Sandy",2019-07-14,2019,1,2,2,95.2,2260,-0.7,1.18,5.7,0,1
"Alcantara, Sandy",2019-07-14,2019,1,2,1,94.6,2282,-0.87,1.46,5.5,0,0
"Alcantara, Sandy",2019-07-14,2019,1,1,1,94,2293,-0.81,1.27,5.5,0,0
"Cole, Gerrit",2019-07-12,2019,6,53,3,98.3,2523,-1.04,1.4,6.3,0,2
"Cole, Gerrit",2019-07-12,2019,5,43,2,98.9,2528,-0.94,1.44,6.4,0,1
"Cole, Gerrit",2019-07-12,2019,5,43,1,98.5,2509,-0.84,1.52,6.3,0,0
"Cole, Gerrit",2019-07-12,2019,5,42,1,98.8,2588,-1.15,1.66,6.1,0,0
"Cole, Gerrit",2019-07-12,2019,5,41,4,98.7,2499,-0.8,1.45,6.4,1,2
"Cole, Gerrit",2019-07-12,2019,5,41,3,98.6,2592,-0.72,1.35,6.5,0,2
"Cole, Gerrit",2019-07-12,2019,5,40,4,98.7,2562,-1.05,1.54,6,3,0
"Cole, Gerrit",2019-07-12,2019,5,40,3,98.7,2597,-1.13,1.55,6.1,2,0
"Cole, Gerrit",2019-07-12,2019,5,39,5,98.7,2476,-1.14,1.48,6.6,2,2
"Cole, Gerrit",2019-07-12,2019,5,39,4,99.5,2590,-1.07,1.53,6.5,1,2
"Cole, Gerrit",2019-07-12,2019,5,39,2,98.2,2478,-0.86,1.53,6.6,0,1
"Cole, Gerrit",2019-07-12,2019,5,39,1,95.1,2566,-1.02,1.57,6.3,0,0
"Cole, Gerrit",2019-07-12,2019,5,38,8,99.5,2689,-0.97,1.45,6.3,3,2
"Cole, Gerrit",2019-07-12,2019,5,38,7,99,2484,-1.02,1.41,6.4,3,2
"Cole, Gerrit",2019-07-12,2019,5,38,3,96.9,2517,-1.16,1.36,6.2,0,2
"Cole, Gerrit",2019-07-12,2019,5,38,2,96.4,2465,-1.11,1.24,6.8,0,1
"Cole, Gerrit",2019-07-12,2019,5,38,1,97.4,2417,-1.04,1.39,6,0,0
"Cole, Gerrit",2019-07-12,2019,4,33,7,98.9,2554,-0.98,1.45,6.5,1,2
"Cole, Gerrit",2019-07-12,2019,4,33,6,99.3,2506,-0.74,1.49,6.3,1,2
"Cole, Gerrit",2019-07-12,2019,4,33,4,99.4,2536,-0.88,1.4,6.5,1,2
"Cole, Gerrit",2019-07-12,2019,4,33,3,99.6,2490,-0.91,1.35,6.3,0,2
"Cole, Gerrit",2019-07-12,2019,4,32,4,99.8,2496,-1.05,1.42,6.2,1,2
"Cole, Gerrit",2019-07-12,2019,4,32,1,97.4,2440,-0.89,1.4,6.5,0,0
"Cole, Gerrit",2019-07-12,2019,4,31,2,98.1,2478,-0.89,1.44,6.2,0,1
"Cole, Gerrit",2019-07-12,2019,4,31,1,98.7,2396,-1.12,1.24,6.2,0,0
"Cole, Gerrit",2019-07-12,2019,4,30,1,97.9,2487,-0.96,1.42,6.3,0,0
"Cole, Gerrit",2019-07-12,2019,3,26,6,99,2658,-0.9,1.5,6.8,2,2
"Cole, Gerrit",2019-07-12,2019,3,26,5,98.3,2471,-0.89,1.56,6.5,2,2
"Cole, Gerrit",2019-07-12,2019,3,26,3,98.6,2476,-0.89,1.21,6.5,1,1
"Cole, Gerrit",2019-07-12,2019,3,26,2,98.2,2559,-0.79,1.51,6.5,0,1
"Cole, Gerrit",2019-07-12,2019,3,25,3,98.9,2573,-0.94,1.41,6.3,0,2
"Cole, Gerrit",2019-07-12,2019,3,25,2,97.9,2522,-1.18,1.33,6.4,0,1
"Cole, Gerrit",2019-07-12,2019,3,23,2,96.1,2386,-0.89,1.58,6.1,0,1
"Cole, Gerrit",2019-07-12,2019,3,23,1,96,2408,-0.98,1.49,6.4,0,0
"Cole, Gerrit",2019-07-12,2019,2,16,3,97.4,2375,-0.88,1.46,6.3,1,1
"Cole, Gerrit",2019-07-12,2019,2,16,1,97,2474,-0.86,1.44,6.1,0,0
"Cole, Gerrit",2019-07-12,2019,2,15,2,97.5,2463,-0.92,1.37,6.3,0,1
"Cole, Gerrit",2019-07-12,2019,2,15,1,97.2,2519,-0.93,1.46,6.5,0,0
"Cole, Gerrit",2019-07-12,2019,2,14,3,97.1,2412,-0.79,1.36,6.2,1,1
"Cole, Gerrit",2019-07-12,2019,2,13,1,96.6,2399,-0.75,1.39,6.3,0,0
"Cole, Gerrit",2019-07-12,2019,1,7,2,96.6,2375,-1.02,1.47,6.3,0,1
"Cole, Gerrit",2019-07-22,2019,7,60,7,98.4,2619,-1.23,1.56,6.5,3,2
"Cole, Gerrit",2019-07-22,2019,7,60,1,94.6,2386,-0.96,1.61,6.3,0,0
"Cole, Gerrit",2019-07-22,2019,6,53,2,97.6,2575,-0.94,1.47,6.4,0,1
"Cole, Gerrit",2019-07-22,2019,6,53,1,96.6,2535,-1.11,1.6,6.4,0,0
"Cole, Gerrit",2019-07-22,2019,6,52,2,96.8,2536,-1.02,1.68,6.4,0,1
"Cole, Gerrit",2019-07-22,2019,6,51,6,97.6,2607,-0.9,1.54,6.5,3,2
"Cole, Gerrit",2019-07-22,2019,6,51,5,96.5,2589,-0.97,1.6,6.3,3,1
"Cole, Gerrit",2019-07-22,2019,6,51,4,95.7,2524,-1.11,1.53,6.4,2,1
"Cole, Gerrit",2019-07-22,2019,6,51,1,95.3,2572,-1,1.62,6.2,0,0
"Cole, Gerrit",2019-07-22,2019,5,45,3,96.8,2531,-1.03,1.63,6.2,1,1
"Cole, Gerrit",2019-07-22,2019,5,44,6,98,2497,-0.93,1.64,6.3,3,2
"Cole, Gerrit",2019-07-22,2019,5,44,4,97.8,2422,-1.14,1.51,6.7,2,1
"Cole, Gerrit",2019-07-22,2019,5,44,3,97.5,2539,-1.07,1.63,6.2,2,0
"Cole, Gerrit",2019-07-22,2019,5,44,1,97.7,2534,-1.07,1.46,6.6,0,0
"Cole, Gerrit",2019-07-22,2019,5,43,1,96.3,2592,-1.07,1.73,6.3,0,0
"Cole, Gerrit",2019-07-22,2019,4,39,4,98.6,2650,-1.06,1.45,6.6,1,2
"Cole, Gerrit",2019-07-22,2019,4,38,6,98,2521,-0.92,1.59,6.8,2,2
"Cole, Gerrit",2019-07-22,2019,4,38,5,97.9,2447,-1.07,1.44,6.6,2,2
"Cole, Gerrit",2019-07-22,2019,4,37,4,98,2409,-1.08,1.5,6.4,1,2
"Cole, Gerrit",2019-07-22,2019,4,36,3,96.9,2491,-0.87,1.55,6.2,2,0
"Cole, Gerrit",2019-07-22,2019,4,35,4,95.8,2458,-0.97,1.6,6.2,2,1
"Cole, Gerrit",2019-07-22,2019,4,35,3,94.8,2480,-0.92,1.66,6.4,2,0
"Cole, Gerrit",2019-07-22,2019,4,35,2,94.2,2543,-0.94,1.71,6.2,1,0
"Cole, Gerrit",2019-07-22,2019,4,35,1,94.1,2493,-0.99,1.57,6.5,0,0
"Cole, Gerrit",2019-07-22,2019,3,22,1,96.8,2539,-0.91,1.53,6.4,0,0
"Cole, Gerrit",2019-07-22,2019,3,21,5,97.5,2534,-1.17,1.46,6.6,3,1
"Cole, Gerrit",2019-07-22,2019,3,21,4,96.5,2466,-1.16,1.48,6.3,3,0
"Cole, Gerrit",2019-07-22,2019,3,21,3,97,2475,-1.12,1.32,6.1,2,0
"Cole, Gerrit",2019-07-22,2019,3,21,1,95.9,2494,-1.16,1.64,6.3,0,0
"Cole, Gerrit",2019-07-22,2019,3,20,7,99.1,2499,-1.13,1.35,6.6,2,2
"Cole, Gerrit",2019-07-22,2019,3,20,6,98.1,2597,-1.14,1.49,6.5,2,2
"Cole, Gerrit",2019-07-22,2019,3,20,5,97.9,2429,-1.04,1.6,6.2,2,2
"Cole, Gerrit",2019-07-22,2019,3,20,4,96.9,2453,-0.86,1.52,6.6,2,1
"Cole, Gerrit",2019-07-22,2019,3,20,2,95.7,2411,-1.1,1.53,6,0,1
"Cole, Gerrit",2019-07-22,2019,3,20,1,95.9,2507,-0.87,1.69,6.3,0,0
"Cole, Gerrit",2019-07-22,2019,2,10,6,97.4,2474,-0.9,1.53,6.2,2,2
"Cole, Gerrit",2019-07-22,2019,2,10,4,98.1,2561,-0.81,1.67,6.4,0,2
"Cole, Gerrit",2019-07-22,2019,2,10,3,98.1,2550,-1.06,1.64,6.1,0,2
"Cole, Gerrit",2019-07-22,2019,2,10,1,96.5,2681,-1.07,1.77,6.3,0,0
"Cole, Gerrit",2019-07-22,2019,2,9,8,97.4,2681,-1.02,1.62,6.5,3,2
"Cole, Gerrit",2019-07-22,2019,2,9,7,97.7,2621,-0.99,1.6,6.2,3,2
"Cole, Gerrit",2019-07-22,2019,2,9,6,97.9,2649,-1.07,1.48,6.8,3,2
"Cole, Gerrit",2019-07-22,2019,2,9,3,97.2,2504,-0.93,1.51,6.6,1,1
"Cole, Gerrit",2019-07-22,2019,2,9,2,96.3,2493,-0.88,1.49,5.9,1,0
"Cole, Gerrit",2019-07-22,2019,2,9,1,95.9,2521,-0.92,1.58,6.7,0,0
"Cole, Gerrit",2019-07-22,2019,2,8,4,96.6,2474,-0.94,1.4,6.6,2,1
"Cole, Gerrit",2019-07-22,2019,2,8,3,96.9,2546,-1.02,1.61,5.9,1,1
"Cole, Gerrit",2019-07-22,2019,2,8,2,96.6,2436,-0.96,1.7,6.1,1,0
"Cole, Gerrit",2019-07-22,2019,1,3,4,98.3,2473,-1.03,1.2,6.4,1,2
"Cole, Gerrit",2019-07-22,2019,1,3,1,97.7,2576,-0.85,1.56,6.5,0,0
"Cole, Gerrit",2019-07-22,2019,1,2,4,98.2,2498,-1.02,1.26,6.6,1,2
"Cole, Gerrit",2019-07-22,2019,1,2,3,98.1,2587,-0.97,1.31,6.2,0,2
"Cole, Gerrit",2019-07-22,2019,1,1,6,97,2504,-0.84,1.59,6.5,2,2
"Cole, Gerrit",2019-07-22,2019,1,1,5,96.5,2555,-0.95,1.58,6,2,2
"Cole, Gerrit",2019-07-22,2019,1,1,3,95.7,2513,-1.1,1.72,6.1,1,1
"Cole, Gerrit",2019-07-22,2019,1,1,2,96.2,2556,-1.06,1.65,6.1,0,1
"Cole, Gerrit",2019-07-22,2019,1,1,1,96.6,2594,-0.9,1.81,6.3,0,0
"Gausman, Kevin",2019-07-21,2019,8,59,1,94.2,2327,-1.02,1.24,6.3,0,0
"Gausman, Kevin",2019-07-21,2019,8,58,5,93.6,2222,-0.76,1.38,6.2,2,2
"Gausman, Kevin",2019-07-21,2019,8,58,3,93.1,2303,-0.85,1.35,6.2,1,1
"Gausman, Kevin",2019-07-21,2019,8,58,2,92.4,2232,-1.05,1.05,6,0,1
"Gausman, Kevin",2019-07-21,2019,8,58,1,92.3,2209,-0.78,1.27,6,0,0
"Gausman, Kevin",2019-07-21,2019,7,49,4,93.7,2219,-0.8,1.33,6.2,1,2
"Gausman, Kevin",2019-07-21,2019,7,49,3,93.7,2232,-1.16,1.2,6.1,1,1
"Gausman, Kevin",2019-07-21,2019,7,49,2,94.1,2306,-1.08,1.2,6.1,1,0
"Gausman, Kevin",2019-07-21,2019,7,48,4,95.3,2335,-0.93,1.3,5.9,1,2
"Gausman, Kevin",2019-07-21,2019,7,47,3,92.5,2168,-0.95,1.26,6.5,1,1
"Gausman, Kevin",2019-07-21,2019,7,47,2,92.9,2351,-0.86,1.3,6.1,1,0
"Gausman, Kevin",2019-07-21,2019,6,41,3,95.4,2265,-0.99,1.26,6,0,2
"Gausman, Kevin",2019-07-21,2019,6,41,2,93.6,2326,-0.89,1.42,5.9,0,1
"Gausman, Kevin",2019-07-21,2019,6,40,2,94,2385,-0.92,1.29,5.9,1,0
"Gausman, Kevin",2019-07-21,2019,6,40,1,92.3,2229,-0.8,1.23,6.3,0,0
"Gausman, Kevin",2019-07-21,2019,6,39,1,92.6,2281,-0.89,1.31,5.9,0,0
"Gausman, Kevin",2019-07-21,2019,5,35,2,95.2,2369,-0.9,1.26,6.2,0,1
"Gausman, Kevin",2019-07-21,2019,5,35,1,95.7,2370,-0.78,1.42,6.2,0,0
"Gausman, Kevin",2019-07-21,2019,5,34,1,94.1,2371,-0.81,1.34,6,0,0
"Gausman, Kevin",2019-07-21,2019,5,33,4,96.1,2379,-0.77,1.36,6.1,1,2
"Gausman, Kevin",2019-07-21,2019,5,33,2,94.6,2424,-0.91,1.38,6.2,1,0
"Gausman, Kevin",2019-07-21,2019,5,33,1,93.8,2327,-0.91,1.22,6.2,0,0
"Gausman, Kevin",2019-07-21,2019,5,32,5,95.3,2362,-1.07,1.17,6.1,0,2
"Gausman, Kevin",2019-07-21,2019,5,32,4,94.9,2302,-0.88,1.25,6.3,0,2
"Gausman, Kevin",2019-07-21,2019,5,32,2,93.2,2258,-1.23,1.28,6.4,0,1
"Gausman, Kevin",2019-07-21,2019,5,32,1,94,2288,-1.01,1.37,6,0,0
"Gausman, Kevin",2019-07-21,2019,4,27,4,95.1,2353,-0.93,1.14,6,1,2
"Gausman, Kevin",2019-07-21,2019,4,27,3,96,2376,-0.98,1.3,6.2,0,2
"Gausman, Kevin",2019-07-21,2019,4,27,2,94.9,2244,-0.9,1.37,6.1,0,1
"Gausman, Kevin",2019-07-21,2019,4,26,1,94.3,2324,-0.89,1.49,6.7,0,0
"Gausman, Kevin",2019-07-21,2019,4,25,4,93.9,2344,-0.86,1.25,6.3,2,1
"Gausman, Kevin",2019-07-21,2019,4,25,2,91.8,2134,-1.09,0.84,6,0,1
"Gausman, Kevin",2019-07-21,2019,4,25,1,91.9,2251,-0.96,1.25,6.3,0,0
"Gausman, Kevin",2019-07-21,2019,3,20,1,95,2365,-0.84,1.13,6.2,0,0
"Gausman, Kevin",2019-07-21,2019,3,19,3,92.3,2239,-0.75,1.35,6.1,1,1
"Gausman, Kevin",2019-07-21,2019,3,19,2,92.9,2322,-0.8,1.31,6,0,1
"Gausman, Kevin",2019-07-21,2019,3,19,1,91.8,2262,-0.8,1.41,6.1,0,0
"Gausman, Kevin",2019-07-21,2019,3,18,2,94.1,2347,-0.84,1.4,5.9,0,1
"Gausman, Kevin",2019-07-21,2019,3,18,1,91.8,2161,-0.89,1.22,6,0,0
"Gausman, Kevin",2019-07-21,2019,2,14,2,93.7,2308,-1,1.34,6.5,1,0
"Gausman, Kevin",2019-07-21,2019,2,14,1,93.3,2288,-0.7,1.39,6.5,0,0
"Gausman, Kevin",2019-07-21,2019,2,13,3,95,2299,-0.83,1.39,5.8,0,2
"Gausman, Kevin",2019-07-21,2019,2,13,2,94.2,2312,-0.95,1.17,5.8,0,1
"Gausman, Kevin",2019-07-21,2019,2,13,1,92.8,2244,-0.86,1.29,5.8,0,0
"Gausman, Kevin",2019-07-21,2019,2,12,2,94.7,2337,-0.74,1.37,6.4,0,1
"Gausman, Kevin",2019-07-21,2019,2,12,1,95.1,2346,-0.95,1.22,5.9,0,0
"Gausman, Kevin",2019-07-21,2019,2,11,5,94.8,2309,-1.01,1.25,6.1,1,2
"Gausman, Kevin",2019-07-21,2019,2,11,4,94.9,2312,-1.15,1.08,5.9,0,2
"Gausman, Kevin",2019-07-21,2019,2,11,2,94.8,2389,-0.86,1.37,6.2,0,1
"Gausman, Kevin",2019-07-21,2019,2,11,1,91.8,2188,-0.82,1.32,6.1,0,0
"Gausman, Kevin",2019-07-21,2019,1,3,4,94.2,2325,-0.79,1.34,6.1,2,1
"Gausman, Kevin",2019-07-21,2019,1,3,3,94.1,2363,-0.79,1.41,6.1,1,1
"Gausman, Kevin",2019-07-21,2019,1,3,1,94.3,2378,-0.67,1.34,6.2,0,0
"Gausman, Kevin",2019-07-21,2019,1,2,7,93.8,2245,-0.9,1.28,5.9,2,2
"Gausman, Kevin",2019-07-21,2019,1,2,5,95.1,2330,-0.99,1.36,5.9,1,2
"Gausman, Kevin",2019-07-21,2019,1,2,4,95.4,2401,-0.91,1.36,5.8,0,2
"Gausman, Kevin",2019-07-21,2019,1,2,3,95.6,2381,-0.82,1.4,6.2,0,2
"Gausman, Kevin",2019-07-21,2019,1,2,2,94.4,2399,-0.89,1.28,5.6,0,1
"Gausman, Kevin",2019-07-21,2019,1,2,1,91.8,2307,-0.82,1.43,5.7,0,0
"Gausman, Kevin",2019-07-21,2019,1,1,1,93.2,2299,-0.73,1.39,6,0,0
"Alcantara, Sandy",2019-07-20,2019,5,40,4,94.9,2480,-0.99,1.21,6.1,1,2
"Alcantara, Sandy",2019-07-20,2019,5,40,2,94.4,2477,-0.77,1.22,6,0,1
"Alcantara, Sandy",2019-07-20,2019,5,40,1,94.9,2517,-0.77,1.37,5.9,0,0
"Alcantara, Sandy",2019-07-20,2019,5,39,7,95.7,2476,-0.72,1.44,6,3,2
"Alcantara, Sandy",2019-07-20,2019,5,39,6,95.8,2501,-0.68,1.38,6.1,3,2
"Alcantara, Sandy",2019-07-20,2019,5,39,5,95.7,2587,-0.67,1.46,5.9,2,2
"Alcantara, Sandy",2019-07-20,2019,5,39,4,95.6,2553,-0.68,1.42,5.8,1,2
"Alcantara, Sandy",2019-07-20,2019,5,39,3,95.6,2485,-0.75,1.29,5.9,1,1
"Alcantara, Sandy",2019-07-20,2019,5,39,2,95,2490,-0.82,1.25,6,1,0
"Alcantara, Sandy",2019-07-20,2019,5,39,1,94.5,2490,-0.88,1.26,5.7,0,0
"Alcantara, Sandy",2019-07-20,2019,5,38,2,95.3,2592,-0.98,1.22,6,1,0
"Alcantara, Sandy",2019-07-20,2019,5,37,5,96.9,2575,-0.83,1.4,6.1,1,2
"Alcantara, Sandy",2019-07-20,2019,5,37,3,96.1,2511,-0.82,1.49,5.8,0,2
"Alcantara, Sandy",2019-07-20,2019,5,37,2,93.9,2374,-1.08,1.36,5.8,0,1
"Alcantara, Sandy",2019-07-20,2019,5,36,1,93.3,2417,-0.86,1.31,5.6,0,0
"Alcantara, Sandy",2019-07-20,2019,4,32,8,93.9,2365,-0.92,1.15,5.9,3,2
"Alcantara, Sandy",2019-07-20,2019,4,32,7,95.1,2396,-0.86,1.21,6.1,3,2
"Alcantara, Sandy",2019-07-20,2019,4,32,6,95.2,2455,-0.9,1.3,6.1,3,2
"Alcantara, Sandy",2019-07-20,2019,4,32,5,94.1,2482,-0.95,1.33,6,3,1
"Alcantara, Sandy",2019-07-20,2019,4,32,4,94.2,2415,-0.82,1.18,6.1,2,1
"Alcantara, Sandy",2019-07-20,2019,4,32,2,94.1,2485,-0.82,1.15,5.9,1,0
"Alcantara, Sandy",2019-07-20,2019,4,31,2,94.4,2544,-1.09,1.28,6,0,1
"Alcantara, Sandy",2019-07-20,2019,4,30,3,94.3,2536,-0.81,1.37,5.9,1,1
"Alcantara, Sandy",2019-07-20,2019,4,29,5,97.3,2606,-0.81,1.31,6,2,2
"Alcantara, Sandy",2019-07-20,2019,4,29,4,96.5,2552,-1,1.28,6.3,2,1
"Alcantara, Sandy",2019-07-20,2019,4,29,1,95.1,2678,-1.11,1.27,6,0,0
"Alcantara, Sandy",2019-07-20,2019,4,28,2,94.7,2463,-1,1.19,5.8,1,0
"Alcantara, Sandy",2019-07-20,2019,4,28,1,93.9,2381,-0.95,1.18,6,0,0
"Alcantara, Sandy",2019-07-20,2019,4,27,8,96,2458,-0.75,1.33,5.8,3,2
"Alcantara, Sandy",2019-07-20,2019,4,27,6,96.8,2589,-0.67,1.44,5.9,3,2
"Alcantara, Sandy",2019-07-20,2019,4,27,3,94.9,2362,-0.92,1.32,6,1,1
"Alcantara, Sandy",2019-07-20,2019,3,21,4,98,2491,-0.75,1.32,6.3,1,2
"Alcantara, Sandy",2019-07-20,2019,3,21,3,98,2492,-0.8,1.37,5.9,0,2
"Alcantara, Sandy",2019-07-20,2019,3,21,1,97.1,2545,-1.08,1.26,5.9,0,0
"Alcantara, Sandy",2019-07-20,2019,3,20,5,97.3,2552,-0.92,1.17,6.3,2,2
"Alcantara, Sandy",2019-07-20,2019,3,20,4,96.5,2596,-0.81,1.28,6,2,1
"Alcantara, Sandy",2019-07-20,2019,3,20,1,95.9,2516,-0.97,1.32,6.1,0,0
"Alcantara, Sandy",2019-07-20,2019,3,19,1,95.6,2541,-1.15,1.36,5.7,0,0
"Alcantara, Sandy",2019-07-20,2019,2,15,3,93.7,2525,-0.94,1.33,5.9,2,0
"Alcantara, Sandy",2019-07-20,2019,2,15,2,94.8,2344,-1.1,1.18,5.8,1,0
"Alcantara, Sandy",2019-07-20,2019,2,15,1,95.8,2516,-1.18,1.42,6,0,0
"Alcantara, Sandy",2019-07-20,2019,2,14,2,95.6,2424,-1.04,1.39,6,1,0
"Alcantara, Sandy",2019-07-20,2019,2,14,1,95.1,2301,-1.06,1.2,6.1,0,0
"Alcantara, Sandy",2019-07-20,2019,2,13,6,97.7,2568,-0.7,1.33,5.7,3,2
"Alcantara, Sandy",2019-07-20,2019,1,9,3,95.8,2277,-0.69,1.25,6.3,0,2
"Alcantara, Sandy",2019-07-20,2019,1,8,1,95.8,2404,-0.72,1.38,6.1,0,0
"Alcantara, Sandy",2019-07-20,2019,1,7,4,96.2,2410,-0.67,1.36,6.1,1,2
"Alcantara, Sandy",2019-07-20,2019,1,7,2,95.2,2430,-0.83,1.21,6,0,1
"Alcantara, Sandy",2019-07-20,2019,1,7,1,95.3,2452,-0.76,1.23,6,0,0
"Alcantara, Sandy",2019-07-20,2019,1,6,6,96.5,2419,-0.48,1.4,6.1,3,2
"Alcantara, Sandy",2019-07-20,2019,1,6,1,96.9,2295,-0.77,1.37,6.1,0,0
"Alcantara, Sandy",2019-07-20,2019,1,5,2,97,2417,-0.9,1.1,6.3,0,1
"Alcantara, Sandy",2019-07-20,2019,1,5,1,95.6,2361,-0.85,1.17,6,0,0
"Alcantara, Sandy",2019-07-20,2019,1,4,3,95,2237,-0.89,1.05,6.5,2,0
"Alcantara, Sandy",2019-07-20,2019,1,4,2,94.2,2187,-0.9,1.06,6.5,1,0
"Alcantara, Sandy",2019-07-20,2019,1,4,1,95.8,2241,-1.04,1.16,5.8,0,0
"Alcantara, Sandy",2019-07-31,2019,5,36,1,94,2341,-0.89,1.24,5.7,0,0
"Alcantara, Sandy",2019-07-31,2019,5,35,4,95,2494,-0.7,1.32,5.6,2,1
"Alcantara, Sandy",2019-07-31,2019,5,35,1,93.9,2558,-0.85,1.46,5.9,0,0
"Alcantara, Sandy",2019-07-31,2019,5,33,3,96.7,2592,-0.95,1.31,5.8,0,2
"Alcantara, Sandy",2019-07-31,2019,5,32,4,94.8,2436,-0.84,1.44,5.8,2,1
"Alcantara, Sandy",2019-07-31,2019,5,32,1,93.8,2431,-0.86,1.35,5.8,0,0
"Alcantara, Sandy",2019-07-31,2019,5,31,2,95,2295,-0.9,1.12,5.4,0,1
"Alcantara, Sandy",2019-07-31,2019,4,27,2,94.1,2683,-1.05,1.25,5.5,0,1
"Alcantara, Sandy",2019-07-31,2019,4,27,1,94.3,2488,-0.75,1.34,5.7,0,0
"Alcantara, Sandy",2019-07-31,2019,4,26,1,94.4,2497,-0.59,1.53,5.6,0,0
"Alcantara, Sandy",2019-07-31,2019,4,25,4,95.6,2459,-1.07,1.37,5.7,1,2
"Alcantara, Sandy",2019-07-31,2019,3,20,6,95.5,2405,-0.63,1.38,6,2,2
"Alcantara, Sandy",2019-07-31,2019,3,19,5,95.4,2501,-0.91,1.35,5.6,2,2
"Alcantara, Sandy",2019-07-31,2019,3,19,2,94.9,2432,-0.97,1.33,5.6,0,1
"Alcantara, Sandy",2019-07-31,2019,3,18,6,96.5,2440,-1,1.28,5.8,1,2
"Alcantara, Sandy",2019-07-31,2019,3,18,3,96,2302,-0.94,1.15,5.7,0,2
"Alcantara, Sandy",2019-07-31,2019,3,18,2,95.2,2434,-0.99,1.25,5.6,0,1
"Alcantara, Sandy",2019-07-31,2019,3,17,3,92.9,2433,-1.1,1.2,5.7,2,0
"Alcantara, Sandy",2019-07-31,2019,3,17,1,94.3,2472,-0.91,1.31,5.7,0,0
"Alcantara, Sandy",2019-07-31,2019,3,16,1,94.2,2352,-0.84,1.28,5.6,0,0
"Alcantara, Sandy",2019-07-31,2019,3,15,4,96,2477,-0.77,1.33,5.4,1,2
"Alcantara, Sandy",2019-07-31,2019,3,15,1,94.3,2536,-0.78,1.39,5.8,0,0
"Alcantara, Sandy",2019-07-31,2019,2,11,7,98.8,2570,-0.9,1.42,5.7,2,2
"Alcantara, Sandy",2019-07-31,2019,2,11,6,97.3,2526,-0.96,1.34,5.9,2,2
"Alcantara, Sandy",2019-07-31,2019,2,11,1,95.6,2406,-0.66,1.1,5.5,0,0
"Alcantara, Sandy",2019-07-31,2019,2,10,4,96.2,2353,-0.75,1.35,5.7,1,2
"Alcantara, Sandy",2019-07-31,2019,2,10,1,95.6,2398,-1.08,1.2,5.6,0,0
"Alcantara, Sandy",2019-07-31,2019,2,9,2,95.8,2373,-1.14,1.25,5.5,0,1
"Alcantara, Sandy",2019-07-31,2019,1,5,2,94.4,2419,-1.01,1.32,5.7,1,0
"Alcantara, Sandy",2019-07-31,2019,1,3,5,94.7,2410,-1.04,1.31,6,1,2
"Alcantara, Sandy",2019-07-31,2019,1,3,4,95.4,2370,-0.54,1.39,5.9,0,2
"Alcantara, Sandy",2019-07-31,2019,1,3,2,94.9,2440,-0.9,1.35,6.2,0,1
"Alcantara, Sandy",2019-07-31,2019,1,3,1,93.2,2398,-0.76,1.52,5.6,0,0
"Alcantara, Sandy",2019-07-31,2019,1,2,2,93.4,2343,-0.6,1.44,5.8,1,0
"Alcantara, Sandy",2019-07-31,2019,1,2,1,93.8,2484,-0.77,1.54,5.6,0,0
"Alcantara, Sandy",2019-07-31,2019,1,1,5,93.9,2481,-0.92,1.41,5.5,3,1
"Alcantara, Sandy",2019-07-31,2019,1,1,4,93.7,2477,-0.96,1.31,5.7,2,1
"Alcantara, Sandy",2019-07-31,2019,1,1,3,93.9,2452,-0.94,1.22,6.3,2,0
"Gausman, Kevin",2019-07-28,2019,6,49,4,93.9,2412,-1.35,1.42,6.4,2,1
"Gausman, Kevin",2019-07-28,2019,6,48,5,93,2411,-1.12,1.36,6.4,2,2
"Gausman, Kevin",2019-07-28,2019,6,48,4,91.5,2329,-1.02,1.56,6.5,2,1
"Gausman, Kevin",2019-07-28,2019,6,48,3,92.2,2249,-1.08,1.42,6.2,1,1
"Gausman, Kevin",2019-07-28,2019,6,48,2,91.5,2245,-0.91,1.67,6.3,1,0
"Gausman, Kevin",2019-07-28,2019,6,47,5,93.4,2336,-1.18,1.41,6.6,2,2
"Gausman, Kevin",2019-07-28,2019,6,47,4,93.1,2361,-1.25,1.3,6.5,1,2
"Gausman, Kevin",2019-07-28,2019,6,47,3,90,2170,-0.84,1.55,6.5,1,1
"Gausman, Kevin",2019-07-28,2019,6,47,1,89.7,2043,-0.93,1.33,6,0,0
"Gausman, Kevin",2019-07-28,2019,5,43,2,94.8,2347,-1.23,1.09,6.8,0,1
"Gausman, Kevin",2019-07-28,2019,5,43,1,94.8,2348,-1.03,1.26,6.6,0,0
"Gausman, Kevin",2019-07-28,2019,5,41,6,96.3,2413,-0.85,1.47,6.7,3,2
"Gausman, Kevin",2019-07-28,2019,5,41,5,94.6,2387,-0.94,1.56,6.3,3,1
"Gausman, Kevin",2019-07-28,2019,5,41,4,94.6,2343,-1,1.36,6.4,3,0
"Gausman, Kevin",2019-07-28,2019,5,40,4,95.1,2311,-1.04,1.28,6.4,3,0
"Gausman, Kevin",2019-07-28,2019,5,40,3,94.2,2297,-1.04,1.36,6.5,2,0
"Gausman, Kevin",2019-07-28,2019,5,40,1,93.9,2317,-1.06,1.29,6.3,0,0
"Gausman, Kevin",2019-07-28,2019,5,39,3,95.2,2400,-0.92,1.57,6.3,0,2
"Gausman, Kevin",2019-07-28,2019,5,39,1,94.5,2330,-0.85,1.32,6.7,0,0
"Gausman, Kevin",2019-07-28,2019,5,38,2,94.1,2395,-1.03,1.33,6.6,0,1
"Gausman, Kevin",2019-07-28,2019,5,37,3,93.9,2313,-1.01,1.37,6.5,0,2
"Gausman, Kevin",2019-07-28,2019,5,36,1,87.9,2074,-0.91,1.54,6.6,0,0
"Gausman, Kevin",2019-07-28,2019,4,31,3,96.2,2334,-0.82,1.43,6.4,0,2
"Gausman, Kevin",2019-07-28,2019,4,31,2,93.9,2288,-0.84,1.39,6.5,0,1
"Gausman, Kevin",2019-07-28,2019,4,31,1,93.5,2227,-0.93,1.42,6.5,0,0
"Gausman, Kevin",2019-07-28,2019,4,30,4,94.6,2290,-0.83,1.31,6.3,1,2
"Gausman, Kevin",2019-07-28,2019,4,29,7,93.9,2204,-0.92,1.28,6.3,3,2
"Gausman, Kevin",2019-07-28,2019,4,29,6,93.1,2290,-1.11,1.31,6.6,3,2
"Gausman, Kevin",2019-07-28,2019,4,29,5,92.1,2295,-1.16,1.32,6.7,3,1
"Gausman, Kevin",2019-07-28,2019,4,29,3,89.9,2159,-1.01,1.33,6.3,2,0
"Gausman, Kevin",2019-07-28,2019,4,29,2,89.3,2187,-1.05,1.46,6.4,1,0
"Gausman, Kevin",2019-07-28,2019,4,29,1,89.5,2235,-0.91,1.55,6.2,0,0
"Gausman, Kevin",2019-07-28,2019,3,23,4,95.1,2326,-0.89,1.27,6.2,2,1
"Gausman, Kevin",2019-07-28,2019,3,23,2,92.8,2293,-1.01,1.3,6.3,1,0
"Gausman, Kevin",2019-07-28,2019,3,23,1,93.3,2365,-1.02,1.31,6.3,0,0
"Gausman, Kevin",2019-07-28,2019,3,22,1,91.9,2313,-0.73,1.4,6.4,0,0
"Gausman, Kevin",2019-07-28,2019,3,20,4,94.6,2361,-0.98,1.15,6.5,2,1
"Gausman, Kevin",2019-07-28,2019,3,20,1,91.9,2180,-1,1.22,6.4,0,0
"Gausman, Kevin",2019-07-28,2019,3,19,2,92.3,2221,-0.83,1.31,6.1,0,1
"Gausman, Kevin",2019-07-28,2019,3,19,1,92.6,2273,-0.82,1.36,6.6,0,0
"Gausman, Kevin",2019-07-28,2019,3,18,4,93.9,2342,-0.9,1.41,6.2,0,2
"Gausman, Kevin",2019-07-28,2019,3,18,1,92.4,2170,-1.02,1.41,6.4,0,0
"Gausman, Kevin",2019-07-28,2019,3,17,6,93.9,2335,-0.95,1.26,6.3,3,2
"Gausman, Kevin",2019-07-28,2019,3,17,5,93.6,2265,-0.94,1.1,6.3,2,2
"Gausman, Kevin",2019-07-28,2019,3,17,4,92.1,2266,-1.23,1.14,6.2,2,1
"Gausman, Kevin",2019-07-28,2019,3,17,1,90.4,2283,-1.19,1.32,6.6,0,0
"Gausman, Kevin",2019-07-28,2019,2,13,3,95.8,2337,-1.01,1.43,6.4,0,2
"Gausman, Kevin",2019-07-28,2019,2,13,1,94.5,2335,-1.27,1.32,6,0,0
"Gausman, Kevin",2019-07-28,2019,2,12,3,94.5,2397,-0.93,1.47,6.2,1,1
"Gausman, Kevin",2019-07-28,2019,2,12,1,92,2147,-0.98,1.33,6.5,0,0
"Gausman, Kevin",2019-07-28,2019,2,11,5,94.6,2402,-0.87,1.6,6.1,1,2
"Gausman, Kevin",2019-07-28,2019,2,11,3,94.4,2321,-0.94,1.49,6.2,0,2
"Gausman, Kevin",2019-07-28,2019,2,11,1,91.5,2202,-1.03,1.28,6,0,0
"Gausman, Kevin",2019-07-28,2019,1,7,1,92.5,2226,-1.11,1.42,6.1,0,0
"Gausman, Kevin",2019-07-28,2019,1,6,1,91.9,2128,-0.92,1.35,6.1,0,0
"Gausman, Kevin",2019-07-28,2019,1,5,1,90.7,2233,-0.84,1.42,6.2,0,0
"Gausman, Kevin",2019-07-28,2019,1,4,2,91.4,2295,-0.83,1.35,6.1,0,1
"Gausman, Kevin",2019-07-28,2019,1,4,1,90.9,2283,-0.82,1.63,6.1,0,0
"Cole, Gerrit",2019-07-27,2019,7,59,1,97.9,2497,-0.72,1.41,6.4,0,0
"Cole, Gerrit",2019-07-27,2019,7,58,3,97.1,2540,-0.77,1.51,6.2,1,1
"Cole, Gerrit",2019-07-27,2019,7,58,1,96.6,2509,-0.85,1.51,6.5,0,0
"Cole, Gerrit",2019-07-27,2019,7,57,5,95.9,2460,-0.7,1.59,6.3,3,1
"Cole, Gerrit",2019-07-27,2019,7,57,4,95.5,2419,-0.64,1.52,6.1,3,0
"Cole, Gerrit",2019-07-27,2019,7,57,3,97.2,2383,-0.89,1.16,6.3,2,0
"Cole, Gerrit",2019-07-27,2019,7,57,2,95.2,2395,-0.85,1.35,6.5,1,0
"Cole, Gerrit",2019-07-27,2019,7,57,1,95,2437,-0.81,1.29,6.3,0,0
"Cole, Gerrit",2019-07-27,2019,6,51,4,98.4,2524,-0.61,1.45,6.3,3,0
"Cole, Gerrit",2019-07-27,2019,6,51,3,97.5,2434,-0.7,1.47,6.2,2,0
"Cole, Gerrit",2019-07-27,2019,6,51,2,98.1,2508,-0.56,1.46,6.3,1,0
"Cole, Gerrit",2019-07-27,2019,6,51,1,98,2462,-0.59,1.53,6.2,0,0
"Cole, Gerrit",2019-07-27,2019,6,50,4,97.6,2499,-0.63,1.44,6.2,2,1
"Cole, Gerrit",2019-07-27,2019,6,50,2,97.6,2529,-0.79,1.44,6.4,0,1
"Cole, Gerrit",2019-07-27,2019,6,50,1,97.2,2477,-0.85,1.45,6,0,0
"Cole, Gerrit",2019-07-27,2019,6,49,2,98.1,2474,-0.81,1.49,6.2,1,0
"Cole, Gerrit",2019-07-27,2019,6,48,6,98,2511,-0.76,1.6,6,2,2
"Cole, Gerrit",2019-07-27,2019,6,48,3,99,2579,-0.84,1.58,6.4,1,1
"Cole, Gerrit",2019-07-27,2019,6,48,2,97.1,2440,-0.95,1.53,6,1,0
"Cole, Gerrit",2019-07-27,2019,6,48,1,96,2490,-0.85,1.51,6.3,0,0
"Cole, Gerrit",2019-07-27,2019,5,44,4,100,2603,-0.73,1.48,6.3,1,2
"Cole, Gerrit",2019-07-27,2019,5,44,1,97.5,2498,-0.74,1.28,6.3,0,0
"Cole, Gerrit",2019-07-27,2019,5,43,3,96,2430,-0.78,1.31,6,1,1
"Cole, Gerrit",2019-07-27,2019,5,43,1,95.2,2414,-0.74,1.51,6.1,0,0
"Cole, Gerrit",2019-07-27,2019,5,42,6,97.5,2548,-0.8,1.49,6.2,3,2
"Cole, Gerrit",2019-07-27,2019,5,42,4,98.6,2511,-0.82,1.49,6.5,1,2
"Cole, Gerrit",2019-07-27,2019,5,42,3,97.9,2424,-0.88,1.34,6.7,1,1
"Cole, Gerrit",2019-07-27,2019,5,42,2,97.1,2488,-0.63,1.46,6,0,1
"Cole, Gerrit",2019-07-27,2019,5,42,1,96.2,2539,-0.8,1.46,6.2,0,0
"Cole, Gerrit",2019-07-27,2019,4,36,2,97.5,2674,-0.74,1.39,6.4,0,1
"Cole, Gerrit",2019-07-27,2019,4,36,1,97.4,2589,-0.94,1.5,6.1,0,0
"Cole, Gerrit",2019-07-27,2019,4,33,7,98.2,2412,-0.4,1.35,6.1,2,2
"Cole, Gerrit",2019-07-27,2019,4,33,4,97.8,2437,-0.91,1.42,6.2,2,1
"Cole, Gerrit",2019-07-27,2019,4,33,1,96.4,2496,-0.9,1.49,6.1,0,0
"Cole, Gerrit",2019-07-27,2019,3,26,2,97.4,2530,-1.1,1.45,6.5,0,1
"Cole, Gerrit",2019-07-27,2019,3,26,1,97.1,2532,-1.01,1.66,5.8,0,0
"Cole, Gerrit",2019-07-27,2019,3,25,2,95,2315,-0.99,1.57,5.9,0,1
"Cole, Gerrit",2019-07-27,2019,3,25,1,95.2,2463,-1.09,1.63,6.1,0,0
"Cole, Gerrit",2019-07-27,2019,2,16,3,98,2529,-0.72,1.27,6.3,1,1
"Cole, Gerrit",2019-07-27,2019,2,16,2,98.2,2400,-0.67,1.36,6.2,0,1
"Cole, Gerrit",2019-07-27,2019,2,16,1,96.8,2505,-0.88,1.5,6.3,0,0
"Cole, Gerrit",2019-07-27,2019,2,15,6,98.3,2475,-0.75,1.34,6.2,2,2
"Cole, Gerrit",2019-07-27,2019,2,15,3,97.6,2432,-0.89,1.35,6.4,1,1
"Cole, Gerrit",2019-07-27,2019,2,14,4,97.8,2493,-0.68,1.42,5.9,1,2
"Cole, Gerrit",2019-07-27,2019,2,14,3,96.5,2397,-1.01,1.19,6.3,1,1
"Cole, Gerrit",2019-07-27,2019,2,14,1,96.3,2428,-0.8,1.46,5.9,0,0
"Cole, Gerrit",2019-07-27,2019,2,13,2,96.3,2467,-0.67,1.47,5.9,1,0
"Cole, Gerrit",2019-07-27,2019,2,13,1,96.5,2473,-0.73,1.43,6.4,0,0
"Cole, Gerrit",2019-07-27,2019,1,9,7,98.4,2570,-0.74,1.37,6,3,2
"Cole, Gerrit",2019-07-27,2019,1,9,5,97.6,2520,-0.84,1.43,6.4,2,2
"Cole, Gerrit",2019-07-27,2019,1,9,4,95.7,2416,-0.71,1.45,6,2,1
"Cole, Gerrit",2019-07-27,2019,1,9,3,97.5,2502,-0.84,1.48,5.9,2,0
"Cole, Gerrit",2019-07-27,2019,1,9,2,96.8,2351,-0.82,1.38,6.6,1,0
"Cole, Gerrit",2019-07-27,2019,1,9,1,96.4,2441,-0.81,1.49,6.5,0,0
"Cole, Gerrit",2019-07-27,2019,1,8,2,96.3,2489,-1.01,1.54,6.3,0,1
"Cole, Gerrit",2019-07-27,2019,1,7,2,95.1,2400,-1.06,1.44,6.3,0,1
"Cole, Gerrit",2019-07-27,2019,1,7,1,94.5,2339,-0.85,1.55,6.2,0,0
"Alcantara, Sandy",2019-07-26,2019,6,44,8,95.5,2634,-1.07,1.33,5.7,3,2
"Alcantara, Sandy",2019-07-26,2019,6,44,5,95.6,2648,-0.75,1.49,5.8,1,2
"Alcantara, Sandy",2019-07-26,2019,6,44,3,96.5,2624,-0.86,1.51,4.9,0,2
"Alcantara, Sandy",2019-07-26,2019,6,43,5,95.3,2537,-0.84,1.45,5.9,2,2
"Alcantara, Sandy",2019-07-26,2019,6,43,3,94.9,2464,-1.12,1.46,5.5,1,1
"Alcantara, Sandy",2019-07-26,2019,6,43,2,93.4,2475,-1.02,1.52,5.6,1,0
"Alcantara, Sandy",2019-07-26,2019,6,42,3,96.4,2592,-1.13,1.25,5.8,1,1
"Alcantara, Sandy",2019-07-26,2019,5,36,7,96.2,2650,-0.93,1.39,6.3,2,2
"Alcantara, Sandy",2019-07-26,2019,5,36,3,94.4,2376,-0.77,1.36,5.5,1,1
"Alcantara, Sandy",2019-07-26,2019,5,35,2,93.8,2466,-1,1.28,5.9,0,1
"Alcantara, Sandy",2019-07-26,2019,5,34,5,94.6,2473,-0.86,1.31,5.3,3,1
"Wheeler, Zack",2019-07-26,2019,6,41,4,97,2435,-0.88,1.31,6.7,2,1
"Alcantara, Sandy",2019-07-26,2019,5,34,4,94.8,2540,-1.03,1.49,5.3,3,0
"Wheeler, Zack",2019-07-26,2019,6,41,3,96.6,2292,-0.57,1.32,7,2,0
"Alcantara, Sandy",2019-07-26,2019,5,34,3,94.1,2445,-0.69,1.46,5.3,2,0
"Alcantara, Sandy",2019-07-26,2019,5,33,2,95.8,2567,-0.82,1.42,5.4,0,1
"Alcantara, Sandy",2019-07-26,2019,5,33,1,95.6,2511,-0.84,1.41,5.6,0,0
"Alcantara, Sandy",2019-07-26,2019,4,29,3,96.7,2437,-0.62,1.51,5.9,1,1
"Wheeler, Zack",2019-07-26,2019,5,32,5,97,2412,-0.7,1.54,6.9,2,2
"Alcantara, Sandy",2019-07-26,2019,4,27,6,96,2596,-0.98,1.52,6,3,2
"Wheeler, Zack",2019-07-26,2019,5,32,1,95.7,2328,-0.93,1.33,6.9,0,0
"Alcantara, Sandy",2019-07-26,2019,4,27,4,95.1,2428,-0.9,1.42,5.6,3,0
"Alcantara, Sandy",2019-07-26,2019,4,27,3,95.1,2436,-0.87,1.32,5.5,2,0
"Alcantara, Sandy",2019-07-26,2019,4,26,2,97,2426,-0.84,1.28,5.8,0,1
"Alcantara, Sandy",2019-07-26,2019,3,22,1,94.3,2456,-0.87,1.45,5.7,0,0
"Alcantara, Sandy",2019-07-26,2019,3,21,3,97,2503,-0.69,1.46,6.1,0,2
"Alcantara, Sandy",2019-07-26,2019,3,21,1,94.7,2534,-0.9,1.38,5.8,0,0
"Alcantara, Sandy",2019-07-26,2019,2,16,1,95.3,2533,-0.95,1.37,5.5,0,0
"Alcantara, Sandy",2019-07-26,2019,2,15,4,94,2474,-0.93,1.41,5.6,2,1
"Wheeler, Zack",2019-07-26,2019,3,18,3,97.5,2464,-0.7,1.37,7,0,2
"Alcantara, Sandy",2019-07-26,2019,2,15,2,93.7,2455,-0.73,1.54,5.6,1,0
"Wheeler, Zack",2019-07-26,2019,3,17,2,96.3,2363,-0.88,1.21,6.7,0,1
"Wheeler, Zack",2019-07-26,2019,2,11,2,97.4,2444,-0.75,1.3,6.7,1,0
"Alcantara, Sandy",2019-07-26,2019,2,12,4,95.7,2481,-0.8,1.41,5.8,0,2
"Wheeler, Zack",2019-07-26,2019,2,10,1,96.9,2386,-0.61,1.38,7.3,0,0
"Wheeler, Zack",2019-07-26,2019,2,9,3,97.1,2430,-0.72,1.32,6.9,1,1
"Alcantara, Sandy",2019-07-26,2019,2,11,1,94,2474,-0.69,1.47,5.9,0,0
"Alcantara, Sandy",2019-07-26,2019,1,4,5,96.2,2590,-0.75,1.53,6,2,2
"Alcantara, Sandy",2019-07-26,2019,1,4,3,95.3,2608,-0.76,1.55,5.5,1,1
"Wheeler, Zack",2019-07-26,2019,2,8,6,96.7,2317,-0.75,1.38,6.9,2,2
"Alcantara, Sandy",2019-07-26,2019,1,3,5,96.1,2598,-0.82,1.56,5.6,2,2
"Wheeler, Zack",2019-07-26,2019,2,8,3,96.7,2293,-0.57,1.17,6.9,1,1
"Alcantara, Sandy",2019-07-26,2019,1,3,2,95.6,2526,-0.95,1.36,5.7,0,1
"Wheeler, Zack",2019-07-26,2019,2,7,5,97.1,2398,-0.71,1.16,7.3,3,1
"Alcantara, Sandy",2019-07-26,2019,1,2,5,96,2523,-0.84,1.49,5.8,3,1
"Wheeler, Zack",2019-07-26,2019,2,7,1,96.4,2309,-0.67,1.11,6.3,0,0
"Alcantara, Sandy",2019-07-26,2019,1,2,2,95.4,2563,-0.93,1.44,5.4,1,0
"Alcantara, Sandy",2019-07-26,2019,1,2,1,95.2,2649,-0.9,1.57,5.5,0,0
"Wheeler, Zack",2019-07-26,2019,1,3,1,97.2,2330,-0.82,1.18,6.4,0,0
"Alcantara, Sandy",2019-07-26,2019,1,1,5,97.6,2645,-0.92,1.54,5.4,1,2
"Alcantara, Sandy",2019-07-26,2019,1,1,4,96.3,2657,-0.78,1.52,5.8,1,2
"Wheeler, Zack",2019-07-26,2019,1,1,4,98.2,2361,-0.92,1.12,6.9,1,2
"Wheeler, Zack",2019-07-26,2019,1,1,3,97.2,2250,-0.65,1.22,6.9,0,2
"Alcantara, Sandy",2019-07-26,2019,1,1,3,95.8,2486,-0.85,1.52,5.3,1,1
"Alcantara, Sandy",2019-07-26,2019,1,1,2,95.1,2531,-0.82,1.53,5.2,1,0
"Wheeler, Zack",2019-07-26,2019,1,1,1,95.3,2052,-1.03,1.24,6.8,0,0
"Alcantara, Sandy",2019-07-26,2019,1,1,1,95.5,2373,-0.89,1.25,5.7,0,0
"Cole, Gerrit",2019-08-07,2019,6,49,4,98.5,2373,-1.05,1.28,6.4,2,1
"Cole, Gerrit",2019-08-07,2019,6,49,3,98.1,2509,-1.06,1.52,6.3,2,0
"Cole, Gerrit",2019-08-07,2019,6,49,2,98.1,2436,-1.16,1.43,6.2,1,0
"Cole, Gerrit",2019-08-07,2019,6,49,1,97.8,2546,-0.96,1.34,6.5,0,0
"Cole, Gerrit",2019-08-07,2019,6,48,6,99.2,2589,-0.79,1.62,6.1,2,2
"Cole, Gerrit",2019-08-07,2019,6,48,5,99,2488,-0.91,1.51,6.6,2,2
"Cole, Gerrit",2019-08-07,2019,6,48,3,98.3,2563,-1.01,1.56,6.4,1,1
"Cole, Gerrit",2019-08-07,2019,5,43,5,99.5,2445,-0.87,1.37,6.5,2,2
"Cole, Gerrit",2019-08-07,2019,5,43,4,98.3,2614,-0.71,1.57,6.2,2,1
"Cole, Gerrit",2019-08-07,2019,5,43,3,98.2,2566,-0.97,1.58,6.3,1,1
"Cole, Gerrit",2019-08-07,2019,5,42,3,97.7,2389,-0.89,1.44,6.4,1,1
"Cole, Gerrit",2019-08-07,2019,5,42,1,97.3,2497,-0.72,1.69,6.3,0,0
"Cole, Gerrit",2019-08-07,2019,5,41,6,97.8,2619,-1.1,1.51,6.5,3,2
"Cole, Gerrit",2019-08-07,2019,5,41,1,97.4,2516,-0.98,1.7,6.2,0,0
"Cole, Gerrit",2019-08-07,2019,5,40,3,97.6,2496,-1.08,1.49,6.9,0,2
"Cole, Gerrit",2019-08-07,2019,5,40,1,95.1,2463,-1.07,1.65,6.2,0,0
"Cole, Gerrit",2019-08-07,2019,4,30,6,99.5,2554,-0.75,1.64,6.5,2,2
"Cole, Gerrit",2019-08-07,2019,4,30,3,97.9,2571,-0.97,1.68,6.3,1,1
"Cole, Gerrit",2019-08-07,2019,4,30,2,98.3,2642,-0.98,1.6,6.4,1,0
"Cole, Gerrit",2019-08-07,2019,4,29,4,98.5,2634,-1.03,1.5,6.6,0,2
"Cole, Gerrit",2019-08-07,2019,4,29,3,99.5,2641,-0.85,1.68,6.4,0,2
"Cole, Gerrit",2019-08-07,2019,4,29,1,98.1,2573,-0.81,1.48,6.4,0,0
"Cole, Gerrit",2019-08-07,2019,4,27,7,98.5,2529,-0.98,1.48,6.3,3,2
"Cole, Gerrit",2019-08-07,2019,4,27,6,98.4,2589,-0.74,1.47,6.5,2,2
"Cole, Gerrit",2019-08-07,2019,4,27,5,98.8,2585,-0.83,1.59,6.8,2,2
"Cole, Gerrit",2019-08-07,2019,4,27,4,97.3,2529,-0.81,1.71,6.3,2,1
"Cole, Gerrit",2019-08-07,2019,4,27,1,96.3,2422,-0.74,1.7,6.5,0,0
"Cole, Gerrit",2019-08-07,2019,3,20,10,100,2688,-0.89,1.55,6.5,3,2
"Cole, Gerrit",2019-08-07,2019,3,20,8,100.1,2644,-1.03,1.58,6.3,2,2
"Cole, Gerrit",2019-08-07,2019,3,20,5,100.3,2669,-0.86,1.44,6.5,0,2
"Cole, Gerrit",2019-08-07,2019,3,20,3,100.1,2497,-0.95,1.43,6.4,0,2
"Cole, Gerrit",2019-08-07,2019,3,19,4,97.7,2322,-0.73,1.5,6.4,2,1
"Cole, Gerrit",2019-08-07,2019,3,19,3,96.7,2350,-0.87,1.5,6.6,2,0
"Cole, Gerrit",2019-08-07,2019,3,19,1,98.9,2476,-0.85,1.57,6.3,0,0
"Cole, Gerrit",2019-08-07,2019,3,18,5,99.1,2512,-0.82,1.45,6.3,2,2
"Cole, Gerrit",2019-08-07,2019,3,18,4,97.8,2470,-0.73,1.54,6.6,1,2
"Cole, Gerrit",2019-08-07,2019,3,18,3,98.2,2533,-0.82,1.71,6.3,0,2
"Cole, Gerrit",2019-08-07,2019,3,18,2,97.3,2485,-0.84,1.51,6.8,0,1
"Cole, Gerrit",2019-08-07,2019,2,14,2,98.7,2662,-1.16,1.64,6.1,0,1
"Cole, Gerrit",2019-08-07,2019,2,14,1,97.8,2541,-0.99,1.69,6.5,0,0
"Cole, Gerrit",2019-08-07,2019,2,13,5,98.6,2603,-0.92,1.66,6.5,2,2
"Cole, Gerrit",2019-08-07,2019,2,13,3,98.3,2525,-0.96,1.6,6.2,1,1
"Cole, Gerrit",2019-08-07,2019,2,13,2,95.9,2445,-1.13,1.29,6.2,1,0
"Cole, Gerrit",2019-08-07,2019,2,13,1,96.9,2507,-0.8,1.73,6.2,0,0
"Cole, Gerrit",2019-08-07,2019,2,12,3,98.5,2458,-1.11,1.39,6.1,0,2
"Cole, Gerrit",2019-08-07,2019,2,12,2,96.3,2456,-0.91,1.53,6.2,0,1
"Cole, Gerrit",2019-08-07,2019,2,12,1,95.8,2506,-0.85,1.55,6.4,0,0
"Cole, Gerrit",2019-08-07,2019,1,4,3,97,2448,-0.97,1.4,6.2,1,1
"Cole, Gerrit",2019-08-07,2019,1,4,2,96.7,2493,-0.77,1.42,6.5,1,0
"Cole, Gerrit",2019-08-07,2019,1,4,1,96.5,2522,-0.91,1.47,6.3,0,0
"Cole, Gerrit",2019-08-07,2019,1,3,5,97.6,2503,-0.89,1.44,6.2,2,2
"Cole, Gerrit",2019-08-07,2019,1,3,2,97,2326,-0.77,1.56,6.1,0,1
"Cole, Gerrit",2019-08-07,2019,1,3,1,97,2428,-0.94,1.49,6.3,0,0
"Cole, Gerrit",2019-08-07,2019,1,2,3,96.3,2544,-0.99,1.67,6.8,1,1
"Cole, Gerrit",2019-08-07,2019,1,2,2,97.3,2489,-0.97,1.44,6.3,1,0
"Cole, Gerrit",2019-08-07,2019,1,1,6,97.8,2597,-0.81,1.59,6.3,3,2
"Cole, Gerrit",2019-08-07,2019,1,1,5,97.2,2544,-1.09,1.58,6.2,3,1
"Cole, Gerrit",2019-08-07,2019,1,1,4,97.6,2549,-1.16,1.58,6.4,2,1
"Cole, Gerrit",2019-08-07,2019,1,1,3,95.8,2537,-1.26,1.48,6.4,2,0
"Cole, Gerrit",2019-08-07,2019,1,1,1,96.1,2583,-1.12,1.63,6.3,0,0
"Wheeler, Zack",2019-08-06,2019,8,60,2,97,2319,-0.54,1.39,7.2,0,1
"Wheeler, Zack",2019-08-06,2019,8,58,2,96.8,2421,-1.03,1.41,7.2,0,1
"Wheeler, Zack",2019-08-06,2019,7,51,1,96.9,2266,-1,1.19,7,0,0
"Wheeler, Zack",2019-08-06,2019,6,42,4,97.3,2303,-0.99,1.17,7.2,1,2
"Wheeler, Zack",2019-08-06,2019,6,40,1,96.6,2275,-0.91,1.15,6.7,0,0
"Wheeler, Zack",2019-08-06,2019,4,26,4,98.1,2222,-0.86,1.09,6.9,1,2
"Wheeler, Zack",2019-08-06,2019,3,19,1,97.3,2104,-0.92,1.12,7,0,0
"Wheeler, Zack",2019-08-06,2019,3,18,4,97.4,2433,-0.79,1.36,7,2,1
"Wheeler, Zack",2019-08-06,2019,3,18,3,97.8,2388,-0.61,1.37,6.9,1,1
"Wheeler, Zack",2019-08-06,2019,3,18,2,97.1,2444,-0.6,1.43,7,1,0
"Wheeler, Zack",2019-08-06,2019,3,18,1,97.4,2266,-0.8,1.1,6.8,0,0
"Wheeler, Zack",2019-08-06,2019,2,13,1,95.8,2284,-0.98,1.16,7,0,0
"Wheeler, Zack",2019-08-06,2019,2,12,1,96.9,2319,-0.8,1.23,6.8,0,0
"Wheeler, Zack",2019-08-06,2019,2,11,1,95,2182,-0.84,1.15,7.1,0,0
"Wheeler, Zack",2019-08-06,2019,1,4,4,97.5,2364,-0.94,1.28,6.9,2,1
"Wheeler, Zack",2019-08-06,2019,1,4,1,95.9,2148,-0.98,1.16,6.7,0,0
"Wheeler, Zack",2019-08-06,2019,1,3,1,95.9,2163,-0.97,1.17,7.1,0,0
"Wheeler, Zack",2019-08-06,2019,1,2,2,96.4,2278,-1.01,1.33,6.9,1,0
"Wheeler, Zack",2019-08-06,2019,1,2,1,97.1,2345,-0.79,1.16,6.6,0,0
"Wheeler, Zack",2019-08-06,2019,1,1,3,98.2,2369,-0.93,1.34,6.9,2,0
"Alcantara, Sandy",2019-08-05,2019,5,43,6,96,2678,-0.8,1.28,6,3,2
"Alcantara, Sandy",2019-08-05,2019,5,43,5,93,2453,-0.89,1.22,5.7,3,1
"Alcantara, Sandy",2019-08-05,2019,5,43,4,92.8,2437,-0.78,1.26,6,3,0
"Alcantara, Sandy",2019-08-05,2019,5,43,3,93.9,2496,-1.01,1.17,5.8,2,0
"Alcantara, Sandy",2019-08-05,2019,5,43,1,94.4,2647,-0.84,1.5,4.5,0,0
"Alcantara, Sandy",2019-08-05,2019,5,42,8,95.4,2503,-0.85,1.33,5.7,3,2
"Alcantara, Sandy",2019-08-05,2019,5,42,6,95.1,2557,-0.89,1.36,5.7,2,2
"Alcantara, Sandy",2019-08-05,2019,5,42,3,93.7,2378,-0.9,1.26,6.3,1,1
"Alcantara, Sandy",2019-08-05,2019,5,42,1,94.5,2359,-0.8,1.27,5.9,0,0
"Alcantara, Sandy",2019-08-05,2019,5,41,5,95.3,2572,-0.88,1.13,5.7,2,2
"Alcantara, Sandy",2019-08-05,2019,5,41,4,95.8,2497,-0.86,1.18,5.7,1,2
"Alcantara, Sandy",2019-08-05,2019,5,41,3,96.6,2518,-0.96,1.18,5.8,0,2
"Alcantara, Sandy",2019-08-05,2019,5,41,1,93.5,2232,-0.92,1.2,5.4,0,0
"Alcantara, Sandy",2019-08-05,2019,4,33,2,97.8,2585,-0.77,1.4,6.1,0,1
"Alcantara, Sandy",2019-08-05,2019,4,33,1,97.4,2511,-0.84,1.13,5.7,0,0
"Alcantara, Sandy",2019-08-05,2019,4,32,8,97.7,2433,-0.75,1.31,6,3,2
"Alcantara, Sandy",2019-08-05,2019,4,32,5,97.9,2352,-0.66,1.16,6.1,1,2
"Alcantara, Sandy",2019-08-05,2019,4,32,4,97.3,2331,-0.65,1.31,5.7,1,2
"Alcantara, Sandy",2019-08-05,2019,4,32,1,96,2252,-0.75,1.19,5.7,0,0
"Alcantara, Sandy",2019-08-05,2019,4,31,3,96.4,2392,-0.81,1.21,5.7,0,2
"Alcantara, Sandy",2019-08-05,2019,4,31,2,94,2347,-0.71,1.21,5.4,0,1
"Alcantara, Sandy",2019-08-05,2019,3,25,3,94.9,2462,-0.87,1.28,5.7,0,2
"Alcantara, Sandy",2019-08-05,2019,3,23,5,94.6,2334,-0.67,1.27,5.7,3,1
"Alcantara, Sandy",2019-08-05,2019,2,17,9,97,2554,-0.84,1.35,5.8,3,2
"Alcantara, Sandy",2019-08-05,2019,2,17,8,96.3,2598,-0.67,1.34,5.5,3,2
"Alcantara, Sandy",2019-08-05,2019,2,17,7,96.1,2591,-0.76,1.24,5.3,2,2
"Alcantara, Sandy",2019-08-05,2019,2,16,6,94.9,2343,-0.67,1.16,5.8,2,2
"Alcantara, Sandy",2019-08-05,2019,2,16,4,95.7,2390,-0.75,1.22,5.8,1,2
"Alcantara, Sandy",2019-08-05,2019,2,16,1,94.1,2300,-0.88,1.21,5.5,0,0
"Alcantara, Sandy",2019-08-05,2019,2,15,1,94,2308,-0.78,1.19,5.5,0,0
"Alcantara, Sandy",2019-08-05,2019,1,10,5,94.8,2304,-0.84,1.14,5.7,2,2
"Alcantara, Sandy",2019-08-05,2019,1,10,3,93.9,2518,-0.96,1.18,5.5,1,1
"Alcantara, Sandy",2019-08-05,2019,1,9,2,95.2,2477,-0.92,1.18,5.6,0,1
"Alcantara, Sandy",2019-08-05,2019,1,8,7,97.4,2575,-1.03,1.34,6.1,1,2
"Alcantara, Sandy",2019-08-05,2019,1,8,1,95.6,2276,-0.85,1.2,5.7,0,0
"Alcantara, Sandy",2019-08-05,2019,1,7,5,96.9,2360,-1.02,1.3,5.8,2,2
"Alcantara, Sandy",2019-08-05,2019,1,6,6,97.1,2303,-0.89,1.13,5.9,3,2
"Alcantara, Sandy",2019-08-05,2019,1,6,5,94.7,2323,-1.04,1.12,4.9,3,1
"Alcantara, Sandy",2019-08-05,2019,1,6,4,96.3,2330,-1.09,0.99,5.6,2,1
"Alcantara, Sandy",2019-08-05,2019,1,6,3,94.6,2361,-1.13,1.23,4.8,2,0
"Alcantara, Sandy",2019-08-05,2019,1,6,2,93.4,2348,-0.97,1.25,4.9,1,0
"Alcantara, Sandy",2019-08-05,2019,1,6,1,95.4,2336,-0.88,1.22,5.6,0,0
"Alcantara, Sandy",2019-08-05,2019,1,5,4,95.7,2282,-0.99,1.11,5.4,3,0
"Alcantara, Sandy",2019-08-05,2019,1,5,3,96,2276,-0.83,1.13,5.7,2,0
"Gausman, Kevin",2019-08-02,2019,5,39,9,94.7,2051,-0.84,1.12,6,1,2
"Gausman, Kevin",2019-08-02,2019,5,39,7,95.5,2258,-0.94,1,5.8,0,2
"Gausman, Kevin",2019-08-02,2019,5,39,4,94.9,2326,-0.96,1.36,5.8,0,2
"Gausman, Kevin",2019-08-02,2019,5,39,1,94.1,2313,-0.91,1.37,5.9,0,0
"Gausman, Kevin",2019-08-02,2019,5,38,4,93.4,2414,-1.1,1.37,5.8,2,1
"Gausman, Kevin",2019-08-02,2019,5,38,3,92.2,2265,-0.99,1.33,5.8,2,0
"Gausman, Kevin",2019-08-02,2019,5,37,4,92.7,2293,-0.9,1.39,5.8,2,1
"Gausman, Kevin",2019-08-02,2019,5,37,2,90.4,2136,-0.95,1.25,5.9,1,0
"Gausman, Kevin",2019-08-02,2019,5,37,1,92.4,2173,-0.97,1.24,5.9,0,0
"Gausman, Kevin",2019-08-02,2019,5,36,4,93.4,2185,-0.98,1.17,5.9,2,1
"Gausman, Kevin",2019-08-02,2019,4,30,3,93,2249,-0.96,1.12,6.3,1,1
"Gausman, Kevin",2019-08-02,2019,4,28,1,92.4,2180,-0.94,1.14,6.1,0,0
"Gausman, Kevin",2019-08-02,2019,4,27,1,93.9,2314,-0.88,1.47,6,0,0
"Gausman, Kevin",2019-08-02,2019,4,26,3,91.8,2238,-1.1,1.2,6,1,1
"Gausman, Kevin",2019-08-02,2019,4,26,2,90.6,2197,-0.94,1.25,5.9,0,1
"Gausman, Kevin",2019-08-02,2019,4,26,1,90.7,2174,-0.67,1.32,5.7,0,0
"Gausman, Kevin",2019-08-02,2019,3,21,3,94.6,2179,-0.7,1.28,5.9,0,2
"Gausman, Kevin",2019-08-02,2019,3,20,2,92.5,2217,-0.76,1.31,5.9,0,1
"Gausman, Kevin",2019-08-02,2019,3,19,3,92.5,2202,-0.99,1.14,5.8,1,1
"Gausman, Kevin",2019-08-02,2019,3,19,2,93.2,2067,-0.9,0.96,6.4,0,1
"Gausman, Kevin",2019-08-02,2019,3,18,1,94.5,2033,-0.89,1.25,5.7,0,0
"Gausman, Kevin",2019-08-02,2019,3,17,5,92.7,2132,-0.62,1.14,6,1,2
"Gausman, Kevin",2019-08-02,2019,2,13,4,96,2338,-0.85,1.35,5.8,1,2
"Gausman, Kevin",2019-08-02,2019,2,12,1,91.6,2032,-0.75,1.23,6.1,0,0
"Gausman, Kevin",2019-08-02,2019,2,11,8,94.8,2196,-0.87,1.3,5.9,3,2
"Gausman, Kevin",2019-08-02,2019,2,11,6,93.6,2354,-0.95,1.39,5.8,2,2
"Gausman, Kevin",2019-08-02,2019,2,11,3,92.5,2270,-0.6,1.51,6,1,1
"Gausman, Kevin",2019-08-02,2019,2,11,2,92.6,2095,-0.65,1.4,5.6,0,1
"Gausman, Kevin",2019-08-02,2019,2,11,1,93.5,2214,-0.9,1.32,5.8,0,0
"Gausman, Kevin",2019-08-02,2019,2,10,5,93.1,2269,-0.65,1.32,6.1,2,2
"Gausman, Kevin",2019-08-02,2019,2,10,1,92.6,2237,-0.84,1.26,6.2,0,0
"Wheeler, Zack",2019-08-13,2019,5,49,6,95.8,2260,-0.66,1.28,6.6,3,2
"Wheeler, Zack",2019-08-13,2019,5,48,3,95.5,2252,-0.78,1.04,7.1,0,2
"Wheeler, Zack",2019-08-13,2019,5,48,1,95.7,2268,-0.53,1.07,6.8,0,0
"Wheeler, Zack",2019-08-13,2019,5,47,2,96.4,2415,-0.86,1.07,6.8,1,0
"Wheeler, Zack",2019-08-13,2019,5,45,4,96.4,2354,-0.93,1.08,6.6,1,2
"Wheeler, Zack",2019-08-13,2019,4,40,4,95.7,2257,-0.81,1.12,7,3,0
"Wheeler, Zack",2019-08-13,2019,4,38,3,98.3,2526,-0.79,1.46,6.7,0,2
"Wheeler, Zack",2019-08-13,2019,4,37,4,97.2,2282,-0.79,1.18,6.8,1,2
"Wheeler, Zack",2019-08-13,2019,4,37,3,97.4,2395,-0.8,1.3,6.6,0,2
"Wheeler, Zack",2019-08-13,2019,4,37,2,96.3,2311,-0.73,1.36,7,0,1
"Wheeler, Zack",2019-08-13,2019,4,37,1,94.6,2185,-1,1.19,6.7,0,0
"Wheeler, Zack",2019-08-13,2019,3,30,1,94.6,2219,-0.89,1.09,6.7,0,0
"Wheeler, Zack",2019-08-13,2019,2,23,2,96.7,2224,-0.59,1.12,6.7,1,0
"Wheeler, Zack",2019-08-13,2019,1,13,6,98.3,2344,-0.69,1.22,6.7,3,2
"Wheeler, Zack",2019-08-13,2019,1,8,1,97.5,2358,-0.84,1.23,7.1,0,0
"Gausman, Kevin",2019-08-12,2019,6,50,1,93.3,2328,-0.95,1.44,6.3,0,0
"Gausman, Kevin",2019-08-12,2019,6,49,3,92.7,2303,-0.81,1.36,6.2,2,0
"Gausman, Kevin",2019-08-12,2019,6,49,2,92.7,2332,-0.7,1.43,6.3,1,0
"Gausman, Kevin",2019-08-12,2019,6,49,1,91.7,2194,-0.73,1.4,6,0,0
"Gausman, Kevin",2019-08-12,2019,6,48,6,94.1,2214,-0.85,1.42,6.4,2,2
"Gausman, Kevin",2019-08-12,2019,6,48,4,94,2275,-0.99,1.3,6.2,1,2
"Gausman, Kevin",2019-08-12,2019,6,48,3,91.2,2083,-0.91,1.23,6.1,0,2
"Gausman, Kevin",2019-08-12,2019,5,42,8,94.8,2260,-1.18,1.07,6.5,1,2
"Gausman, Kevin",2019-08-12,2019,5,42,7,95.1,2357,-1.03,1.46,6.2,1,2
"Gausman, Kevin",2019-08-12,2019,5,42,5,94.7,2332,-1.02,1.45,6.2,1,2
"Gausman, Kevin",2019-08-12,2019,5,42,2,94.3,2292,-1.12,1.39,6.1,0,1
"Gausman, Kevin",2019-08-12,2019,5,42,1,94.4,2263,-0.99,1.4,6.1,0,0
"Gausman, Kevin",2019-08-12,2019,5,41,6,95.1,2260,-0.88,1.34,6.1,3,2
"Gausman, Kevin",2019-08-12,2019,5,41,4,94.1,2300,-0.85,1.43,6,1,2
"Gausman, Kevin",2019-08-12,2019,5,40,5,93.1,2359,-0.87,1.35,6.2,3,1
"Gausman, Kevin",2019-08-12,2019,5,40,2,93.1,2300,-0.86,1.2,6.2,1,0
"Gausman, Kevin",2019-08-12,2019,5,40,1,92.6,2261,-0.8,1.35,6.4,0,0
"Alcantara, Sandy",2019-08-10,2019,8,53,6,97.5,2612,-0.86,1.31,5.8,1,2
"Alcantara, Sandy",2019-08-10,2019,8,53,5,98.3,2687,-0.68,1.46,5.6,0,2
"Alcantara, Sandy",2019-08-10,2019,8,49,4,97.2,2552,-0.94,1.35,5.7,1,2
"Alcantara, Sandy",2019-08-10,2019,6,38,5,96.4,2526,-0.71,1.39,6.3,1,2
"Alcantara, Sandy",2019-08-10,2019,6,38,4,97.9,2648,-0.82,1.54,5.8,1,2
"Alcantara, Sandy",2019-08-10,2019,6,37,7,96.8,2600,-0.91,1.41,6.1,3,2
"Alcantara, Sandy",2019-08-10,2019,6,37,4,97.2,2553,-0.94,1.29,5.8,1,2
"Alcantara, Sandy",2019-08-10,2019,6,36,4,98.2,2523,-0.8,1.31,5.8,1,2
"Alcantara, Sandy",2019-08-10,2019,5,32,2,94.9,2497,-0.97,1.44,5.6,1,0
"Alcantara, Sandy",2019-08-10,2019,5,32,1,95.9,2625,-1.29,1.25,6,0,0
"Alcantara, Sandy",2019-08-10,2019,5,30,2,96.1,2568,-0.88,1.42,5.5,1,0
"Alcantara, Sandy",2019-08-10,2019,5,30,1,96.6,2550,-1.06,1.53,5.4,0,0
"Alcantara, Sandy",2019-08-10,2019,4,24,1,96.2,2273,-0.98,1.1,5.7,0,0
"Alcantara, Sandy",2019-08-10,2019,3,16,3,96.5,2461,-0.86,1.41,5.5,0,2
"Alcantara, Sandy",2019-08-10,2019,3,16,2,94.3,2413,-0.99,1.26,5.3,0,1
"Alcantara, Sandy",2019-08-10,2019,3,16,1,96.5,2397,-0.68,1.29,6.1,0,0
"Alcantara, Sandy",2019-08-10,2019,3,15,5,97.5,2443,-0.78,1.21,5.6,1,2
"Alcantara, Sandy",2019-08-10,2019,3,14,2,97.1,2331,-0.86,1.2,5.6,0,1
"Alcantara, Sandy",2019-08-10,2019,2,9,1,97.5,2455,-0.76,1.37,5.8,0,0
"Alcantara, Sandy",2019-08-10,2019,2,8,4,97.9,2317,-0.69,1.3,6.2,1,2
"Alcantara, Sandy",2019-08-10,2019,2,8,3,98.5,2360,-0.59,1.3,6.1,0,2
"Alcantara, Sandy",2019-08-10,2019,2,8,2,97.4,2353,-0.64,1.4,6,0,1
"Alcantara, Sandy",2019-08-10,2019,2,8,1,97.3,2333,-0.75,1.32,5.9,0,0
"Alcantara, Sandy",2019-08-10,2019,1,3,2,97.4,2563,-0.95,1.33,5.7,0,1
"Alcantara, Sandy",2019-08-10,2019,1,3,1,96.7,2465,-0.85,1.46,5.7,0,0
"Wheeler, Zack",2019-08-18,2019,5,40,2,96.1,2387,-0.79,1.11,6.8,0,1
"Wheeler, Zack",2019-08-18,2019,5,40,1,96.3,2226,-0.74,1.13,7.3,0,0
"Wheeler, Zack",2019-08-18,2019,5,39,7,95.6,2208,-0.9,1.15,7.2,3,2
"Wheeler, Zack",2019-08-18,2019,5,39,1,95.3,2138,-0.81,0.95,6.9,0,0
"Wheeler, Zack",2019-08-18,2019,5,36,1,95.5,2182,-0.68,1.22,6.8,0,0
"Wheeler, Zack",2019-08-18,2019,4,30,1,95.5,2269,-0.67,1.21,7.1,0,0
"Wheeler, Zack",2019-08-18,2019,4,29,3,95.7,2275,-0.78,1.18,6.9,1,1
"Wheeler, Zack",2019-08-18,2019,4,29,1,95.6,2317,-0.88,1.18,7,0,0
"Wheeler, Zack",2019-08-18,2019,4,26,4,94.5,2201,-0.74,1.24,6.7,1,2
"Wheeler, Zack",2019-08-18,2019,4,26,2,94.9,2201,-0.82,1.07,6.8,0,1
"Wheeler, Zack",2019-08-18,2019,3,22,3,96,2220,-0.67,1.26,7.2,1,1
"Wheeler, Zack",2019-08-18,2019,3,21,3,96.4,2304,-0.7,1.12,6.7,1,1
"Wheeler, Zack",2019-08-18,2019,3,21,1,95.4,2220,-0.73,1.07,7.1,0,0
"Wheeler, Zack",2019-08-18,2019,3,20,5,96.6,2230,-0.73,1.12,6.8,0,2
"Wheeler, Zack",2019-08-18,2019,3,20,2,94.7,2297,-0.77,1.2,6.7,0,1
"Wheeler, Zack",2019-08-18,2019,2,15,4,96.6,2322,-0.72,1.1,7.1,1,2
"Wheeler, Zack",2019-08-18,2019,2,15,1,95.2,2267,-0.74,1.19,6.9,0,0
"Wheeler, Zack",2019-08-18,2019,2,14,2,96.2,2264,-0.7,1.15,7,1,0
"Wheeler, Zack",2019-08-18,2019,2,14,1,94.6,2197,-0.82,1.06,6.8,0,0
"Gausman, Kevin",2019-08-18,2019,9,70,2,96.3,2339,-0.76,1.13,6.3,0,1
"Wheeler, Zack",2019-08-18,2019,1,10,5,97.8,2374,-0.94,1.22,7,2,2
"Gausman, Kevin",2019-08-18,2019,9,70,1,95,2296,-0.8,1.3,6.5,0,0
"Wheeler, Zack",2019-08-18,2019,1,10,4,97.3,2327,-0.9,1.37,7,1,2
"Wheeler, Zack",2019-08-18,2019,1,10,2,96.8,2311,-0.99,1.21,6.9,0,1
"Gausman, Kevin",2019-08-18,2019,9,69,2,95.9,2341,-1,1.2,6.5,0,1
"Gausman, Kevin",2019-08-18,2019,9,69,1,95.3,2222,-0.68,1.12,6.2,0,0
"Wheeler, Zack",2019-08-18,2019,1,10,1,98.4,2309,-1.03,1.18,6.8,0,0
"Wheeler, Zack",2019-08-18,2019,1,9,6,97.3,2289,-0.82,1.15,6.8,3,2
"Wheeler, Zack",2019-08-18,2019,1,9,5,97.4,2353,-0.77,1.2,7.1,2,2
"Gausman, Kevin",2019-08-18,2019,8,64,7,96.4,2316,-0.76,1.33,6.4,3,2
"Gausman, Kevin",2019-08-18,2019,8,64,6,95.8,2260,-0.87,1.02,6.2,3,2
"Gausman, Kevin",2019-08-18,2019,8,64,5,94.8,2275,-0.65,1.28,6.4,3,1
"Wheeler, Zack",2019-08-18,2019,1,9,3,97.1,2354,-0.81,1.14,6.7,1,1
"Wheeler, Zack",2019-08-18,2019,1,9,2,97,2252,-0.66,1.46,6.8,1,0
"Gausman, Kevin",2019-08-18,2019,8,64,2,93.8,2269,-0.57,1.23,6.7,1,0
"Wheeler, Zack",2019-08-18,2019,1,8,2,97.6,2368,-0.92,1.27,6.7,0,1
"Gausman, Kevin",2019-08-18,2019,8,64,1,95.9,2274,-0.82,1.03,6.5,0,0
"Gausman, Kevin",2019-08-18,2019,8,63,3,96,2405,-0.67,1.38,6.3,0,2
"Gausman, Kevin",2019-08-18,2019,8,63,1,94.9,2252,-0.79,1.12,6.1,0,0
"Wheeler, Zack",2019-08-18,2019,1,7,5,97.6,2373,-0.96,1.15,6.8,1,2
"Gausman, Kevin",2019-08-18,2019,8,62,3,96.6,2310,-0.88,1.16,6.1,0,2
"Gausman, Kevin",2019-08-18,2019,8,62,2,96,2370,-0.77,1.27,6.3,0,1
"Gausman, Kevin",2019-08-18,2019,8,62,1,95.2,2207,-0.82,1.25,6.3,0,0
"Wheeler, Zack",2019-08-18,2019,1,7,1,96.2,2187,-0.87,1.29,6.9,0,0
"Webb, Logan",2019-08-17,2019,5,47,7,93.9,2147,-0.7,1,6.2,3,2
"Webb, Logan",2019-08-17,2019,5,47,6,93.5,2107,-0.48,1.1,6.3,3,2
"Webb, Logan",2019-08-17,2019,5,47,5,93,2130,-0.64,0.89,6.3,2,2
"Webb, Logan",2019-08-17,2019,5,47,4,92.8,2078,-0.5,1.13,6.3,2,1
"Webb, Logan",2019-08-17,2019,5,47,3,92.5,2203,-0.91,1.07,6,2,0
"Webb, Logan",2019-08-17,2019,5,47,2,92.5,2259,-1,1.24,6,1,0
"Webb, Logan",2019-08-17,2019,5,46,1,92.8,2250,-0.88,0.98,6.2,0,0
"Webb, Logan",2019-08-17,2019,5,45,3,93.6,2261,-0.59,1.07,6.1,1,1
"Webb, Logan",2019-08-17,2019,5,45,2,93,2238,-0.66,1.14,6.6,1,0
"Webb, Logan",2019-08-17,2019,4,40,3,94,2232,-0.62,1.05,6.5,1,1
"Webb, Logan",2019-08-17,2019,4,39,5,94.4,2241,-0.81,1.2,6.5,2,2
"Webb, Logan",2019-08-17,2019,4,39,3,93.7,2298,-0.51,0.96,6.2,1,1
"Webb, Logan",2019-08-17,2019,4,39,2,93.8,2192,-0.66,1.15,6.4,0,1
"Webb, Logan",2019-08-17,2019,4,37,4,94.3,2155,-0.56,1,6.5,1,2
"Webb, Logan",2019-08-17,2019,4,37,3,94.1,2167,-0.68,0.89,6.3,1,1
"Webb, Logan",2019-08-17,2019,4,37,2,93.3,2126,-0.53,0.97,6.7,1,0
"Webb, Logan",2019-08-17,2019,3,33,5,94.7,2270,-0.61,0.96,6.2,2,2
"Webb, Logan",2019-08-17,2019,3,33,2,94,2202,-0.61,1.1,7.3,0,1
"Webb, Logan",2019-08-17,2019,3,32,4,94.7,2271,-0.94,1.14,6.9,2,1
"Webb, Logan",2019-08-17,2019,3,32,3,93.7,2113,-0.59,1.18,6.4,2,0
"Webb, Logan",2019-08-17,2019,3,32,2,93.4,2141,-0.39,1.17,6.5,1,0
"Webb, Logan",2019-08-17,2019,3,31,2,94,2161,-0.83,1,6.5,1,0
"Webb, Logan",2019-08-17,2019,3,31,1,93.9,2243,-0.91,1.1,6.3,0,0
"Webb, Logan",2019-08-17,2019,3,30,3,93.2,2298,-0.62,0.82,6.6,1,1
"Webb, Logan",2019-08-17,2019,3,30,2,92.8,2295,-0.81,1.01,6.3,0,1
"Webb, Logan",2019-08-17,2019,3,29,1,93,2172,-0.68,1.15,6.3,0,0
"Webb, Logan",2019-08-17,2019,2,22,4,92.9,2119,-0.64,1.21,6.2,2,1
"Webb, Logan",2019-08-17,2019,2,22,3,92.6,2123,-0.55,1.13,6.5,1,1
"Webb, Logan",2019-08-17,2019,2,22,2,92.2,2095,-0.62,1.06,6.3,1,0
"Webb, Logan",2019-08-17,2019,2,22,1,93.4,2120,-0.49,1.12,6.6,0,0
"Webb, Logan",2019-08-17,2019,2,20,1,93.6,2277,-0.86,1.12,6.4,0,0
"Webb, Logan",2019-08-17,2019,1,9,5,93.1,2007,-0.67,1.11,6.4,3,1
"Webb, Logan",2019-08-17,2019,1,9,3,93.1,2156,-0.57,0.89,6.4,1,1
"Webb, Logan",2019-08-17,2019,1,9,2,94.4,2100,-0.4,1.01,6.3,0,1
"Webb, Logan",2019-08-17,2019,1,7,2,94.4,2176,-0.47,0.62,6.5,0,1
"Webb, Logan",2019-08-17,2019,1,7,1,94.3,2053,-0.67,0.94,6.5,0,0
"Webb, Logan",2019-08-17,2019,1,6,1,94.5,2093,-0.74,1.06,6.3,0,0
"Webb, Logan",2019-08-17,2019,1,5,1,93.9,2127,-0.69,1.06,6.5,0,0
"Webb, Logan",2019-08-17,2019,1,4,6,95,2212,-0.68,1.07,6.3,3,2
"Webb, Logan",2019-08-17,2019,1,4,5,93.9,2230,-0.75,1.11,6.2,3,1
"Webb, Logan",2019-08-17,2019,1,4,4,93.8,2263,-0.87,1.2,6.5,3,0
"Webb, Logan",2019-08-17,2019,1,4,3,94,2235,-0.85,1.09,6.2,2,0
"Webb, Logan",2019-08-17,2019,1,4,2,94,2334,-0.94,1.36,6.1,1,0
"Webb, Logan",2019-08-17,2019,1,4,1,94.3,2360,-0.7,1.16,6.7,0,0
"Alcantara, Sandy",2019-08-16,2019,7,49,5,95.9,2517,-0.58,1.01,5.5,1,2
"Alcantara, Sandy",2019-08-16,2019,7,49,3,96.9,2603,-0.49,1.05,5.9,0,2
"Alcantara, Sandy",2019-08-16,2019,7,49,2,95.3,2669,-0.65,0.99,5.9,0,1
"Alcantara, Sandy",2019-08-16,2019,6,44,7,97.5,2413,-0.46,1.11,5.8,2,2
"Alcantara, Sandy",2019-08-16,2019,6,44,6,97.6,2439,-0.63,0.62,5.7,2,2
"Alcantara, Sandy",2019-08-16,2019,6,44,5,98.1,2611,-0.71,0.98,5.7,2,2
"Alcantara, Sandy",2019-08-16,2019,6,44,1,97.1,2504,-0.78,0.78,5.8,0,0
"Alcantara, Sandy",2019-08-16,2019,6,42,3,97.1,2471,-0.62,1.17,5.8,0,2
"Alcantara, Sandy",2019-08-16,2019,6,42,2,95.9,2415,-0.85,0.89,5.7,0,1
"Alcantara, Sandy",2019-08-16,2019,5,35,6,94.7,2587,-0.84,0.77,5.8,3,2
"Alcantara, Sandy",2019-08-16,2019,5,35,3,94.9,2517,-0.36,1.18,5.6,2,0
"Alcantara, Sandy",2019-08-16,2019,5,35,2,94.8,2500,-0.73,0.86,5.5,1,0
"Alcantara, Sandy",2019-08-16,2019,5,35,1,94.1,2431,-0.49,1.03,5.5,0,0
"Alcantara, Sandy",2019-08-16,2019,4,29,3,95.7,2535,-0.96,0.72,5.4,1,1
"Alcantara, Sandy",2019-08-16,2019,4,29,1,95.1,2451,-1.04,0.73,5.3,0,0
"Alcantara, Sandy",2019-08-16,2019,3,25,3,95,2509,-1.02,0.86,5.8,2,0
"Alcantara, Sandy",2019-08-16,2019,3,24,3,94.8,2525,-0.75,0.88,5.8,1,1
"Alcantara, Sandy",2019-08-16,2019,3,24,1,94.3,2411,-0.86,0.4,5.7,0,0
"Alcantara, Sandy",2019-08-16,2019,3,23,4,94.8,2248,-0.56,0.87,5.5,2,1
"Alcantara, Sandy",2019-08-16,2019,3,22,6,96.1,2612,-0.81,0.41,5.7,3,2
"Alcantara, Sandy",2019-08-16,2019,3,22,5,95.7,2543,-0.87,0.59,5.6,2,2
"Alcantara, Sandy",2019-08-16,2019,3,22,1,96.8,2425,-0.46,1,5.4,0,0
"Alcantara, Sandy",2019-08-16,2019,3,21,1,95.7,2353,-0.73,0.56,5.6,0,0
"Alcantara, Sandy",2019-08-16,2019,2,17,3,97,2600,-0.59,0.94,6,1,1
"Alcantara, Sandy",2019-08-16,2019,2,17,2,96.3,2601,-0.78,1,5.9,1,0
"Gausman, Kevin",2019-08-16,2019,8,72,7,94,2074,-0.91,1.2,6.2,3,2
"Alcantara, Sandy",2019-08-16,2019,2,17,1,96.4,2487,-0.54,1.17,5.4,0,0
"Alcantara, Sandy",2019-08-16,2019,2,16,3,96.2,2542,-0.92,0.64,5.4,1,1
"Gausman, Kevin",2019-08-16,2019,8,72,6,96.1,2345,-0.92,1.26,6.8,3,2
"Gausman, Kevin",2019-08-16,2019,8,72,5,95.1,2414,-1.1,1.36,6.1,3,1
"Gausman, Kevin",2019-08-16,2019,8,72,4,94.7,2319,-0.91,1.15,6.5,2,1
"Alcantara, Sandy",2019-08-16,2019,2,15,3,95.9,2511,-0.72,1.24,5.6,1,1
"Gausman, Kevin",2019-08-16,2019,8,72,3,95,2331,-1.04,1.36,6.4,1,1
"Alcantara, Sandy",2019-08-16,2019,2,15,2,96.7,2517,-0.63,0.94,5.7,0,1
"Gausman, Kevin",2019-08-16,2019,8,72,2,93.5,2235,-0.81,1.43,6.2,0,1
"Alcantara, Sandy",2019-08-16,2019,2,15,1,95.3,2510,-1.04,0.85,5.5,0,0
"Gausman, Kevin",2019-08-16,2019,8,71,6,94.2,2300,-1,1.32,6.1,3,2
"Gausman, Kevin",2019-08-16,2019,8,71,4,94.2,2195,-0.93,1.23,6.6,2,1
"Alcantara, Sandy",2019-08-16,2019,2,13,1,95.4,2382,-0.77,0.65,5.5,0,0
"Gausman, Kevin",2019-08-16,2019,8,71,2,93.8,2232,-0.92,1.31,6.5,1,0
"Gausman, Kevin",2019-08-16,2019,8,70,4,96.4,2246,-0.97,1.01,7.1,1,2
"Alcantara, Sandy",2019-08-16,2019,1,7,3,96.6,2506,-0.63,1.27,5.8,0,2
"Gausman, Kevin",2019-08-16,2019,8,70,1,95.1,2181,-0.65,1.25,6.4,0,0
"Gausman, Kevin",2019-08-16,2019,8,69,6,95.3,2138,-0.8,1.2,6.4,3,2
"Gausman, Kevin",2019-08-16,2019,8,69,5,94.2,2223,-0.9,1.34,6.5,3,1
"Alcantara, Sandy",2019-08-16,2019,1,6,3,94.7,2478,-0.97,0.7,5.6,2,0
"Gausman, Kevin",2019-08-16,2019,8,69,4,95.5,2289,-1.12,1.13,6.4,2,1
"Cole, Gerrit",2019-08-28,2019,7,50,4,99.2,2581,-1.03,1.54,6.5,2,1
"Cole, Gerrit",2019-08-28,2019,7,50,3,98.9,2721,-1,1.6,6.2,1,1
"Cole, Gerrit",2019-08-28,2019,7,49,1,97.8,2526,-0.97,1.48,6.2,0,0
"Cole, Gerrit",2019-08-28,2019,7,48,4,98.9,2386,-0.98,1.19,6.5,1,2
"Cole, Gerrit",2019-08-28,2019,7,48,3,98.8,2605,-0.88,1.59,6.2,0,2
"Cole, Gerrit",2019-08-28,2019,7,48,2,98.1,2554,-1.07,1.51,6.4,0,1
"Cole, Gerrit",2019-08-28,2019,7,47,2,97.5,2552,-1.05,1.58,6.1,0,1
"Cole, Gerrit",2019-08-28,2019,6,42,3,99.9,2718,-1.1,1.64,6.6,0,2
"Cole, Gerrit",2019-08-28,2019,6,41,4,99.1,2623,-0.94,1.56,6.5,1,2
"Cole, Gerrit",2019-08-28,2019,6,40,4,98.2,2580,-0.91,1.67,6.7,1,2
"Alcantara, Sandy",2019-08-28,2019,5,34,3,96.6,2633,-1.03,1.26,5.7,0,2
"Cole, Gerrit",2019-08-28,2019,6,39,8,99.4,2682,-1.07,1.5,6.4,2,2
"Cole, Gerrit",2019-08-28,2019,6,39,7,100.2,2698,-1.26,1.59,6.1,2,2
"Cole, Gerrit",2019-08-28,2019,6,39,3,98.5,2630,-1.11,1.56,6.4,1,1
"Alcantara, Sandy",2019-08-28,2019,5,32,6,97.8,2359,-0.74,1.29,5.8,1,2
"Alcantara, Sandy",2019-08-28,2019,5,32,5,97.5,2512,-0.81,1.35,5.9,1,2
"Cole, Gerrit",2019-08-28,2019,5,35,4,98.5,2578,-1.18,1.6,6.6,2,1
"Cole, Gerrit",2019-08-28,2019,5,35,3,98.7,2563,-1.12,1.6,6.6,1,1
"Cole, Gerrit",2019-08-28,2019,5,34,6,99,2673,-1.2,1.62,6.5,3,2
"Cole, Gerrit",2019-08-28,2019,5,34,4,98.8,2672,-1.04,1.7,6.2,2,1
"Cole, Gerrit",2019-08-28,2019,5,34,2,97.9,2654,-1.2,1.6,6.1,0,1
"Cole, Gerrit",2019-08-28,2019,5,34,1,98.3,2703,-1.07,1.77,6.2,0,0
"Cole, Gerrit",2019-08-28,2019,5,33,3,97.7,2589,-1.16,1.57,6.2,0,2
"Cole, Gerrit",2019-08-28,2019,5,33,2,97.7,2622,-1.05,1.76,6.4,0,1
"Alcantara, Sandy",2019-08-28,2019,4,24,4,96.1,2369,-1.07,1.14,5.8,1,2
"Cole, Gerrit",2019-08-28,2019,5,32,4,98.1,2731,-1.05,1.77,6.2,1,2
"Cole, Gerrit",2019-08-28,2019,5,32,3,97.4,2636,-1.17,1.64,6.2,1,1
"Cole, Gerrit",2019-08-28,2019,5,32,2,97.2,2569,-1.03,1.7,6.3,1,0
"Cole, Gerrit",2019-08-28,2019,5,32,1,96.4,2589,-0.97,1.83,6,0,0
"Cole, Gerrit",2019-08-28,2019,4,25,1,97.8,2660,-0.97,1.61,6.4,0,0
"Cole, Gerrit",2019-08-28,2019,4,24,2,99.1,2661,-1.08,1.42,6.4,0,1
"Cole, Gerrit",2019-08-28,2019,4,23,4,99.1,2549,-0.95,1.57,6.6,1,2
"Cole, Gerrit",2019-08-28,2019,4,23,3,98.8,2612,-0.96,1.55,6.3,0,2
"Cole, Gerrit",2019-08-28,2019,4,23,1,96,2500,-0.79,1.61,6.5,0,0
"Cole, Gerrit",2019-08-28,2019,4,22,1,96.5,2619,-1.01,1.47,6.5,0,0
"Cole, Gerrit",2019-08-28,2019,4,21,6,99.2,2539,-1.09,1.52,6,3,2
"Cole, Gerrit",2019-08-28,2019,4,21,5,99.4,2635,-1.02,1.6,6.7,2,2
"Cole, Gerrit",2019-08-28,2019,4,21,3,97.7,2602,-1.07,1.63,6.7,1,1
"Cole, Gerrit",2019-08-28,2019,4,21,2,98.5,2662,-0.94,1.69,6.2,1,0
"Cole, Gerrit",2019-08-28,2019,3,17,1,95.7,2634,-0.98,1.69,6.2,0,0
"Alcantara, Sandy",2019-08-28,2019,2,10,7,96.1,2379,-0.69,1.4,5.4,2,2
"Alcantara, Sandy",2019-08-28,2019,2,10,6,95.5,2322,-0.92,1.28,5.9,2,2
"Cole, Gerrit",2019-08-28,2019,3,16,1,97.4,2638,-0.92,1.51,6.4,0,0
"Cole, Gerrit",2019-08-28,2019,3,15,2,96.7,2566,-0.97,1.5,6.5,0,1
"Cole, Gerrit",2019-08-28,2019,3,15,1,97,2518,-0.88,1.6,6.3,0,0
"Alcantara, Sandy",2019-08-28,2019,1,6,5,97.7,2519,-0.78,1.54,5.4,2,2
"Cole, Gerrit",2019-08-28,2019,2,9,2,98.3,2531,-0.94,1.62,6.8,1,0
"Cole, Gerrit",2019-08-28,2019,2,9,1,97.8,2411,-1.03,1.46,6.4,0,0
"Gausman, Kevin",2019-08-28,2019,9,65,3,97.2,2399,-0.79,1.4,6.4,0,2
"Gausman, Kevin",2019-08-28,2019,9,65,1,95.1,2300,-0.81,1.55,6.3,0,0
"Alcantara, Sandy",2019-08-28,2019,1,5,6,97.2,2332,-0.69,1.55,6.1,2,2
"Cole, Gerrit",2019-08-28,2019,2,8,1,97.7,2507,-0.87,1.6,6.7,0,0
"Gausman, Kevin",2019-08-28,2019,9,64,3,95,2294,-1.05,1.3,6.3,1,1
"Alcantara, Sandy",2019-08-28,2019,1,5,5,97.5,2493,-0.88,1.63,5.6,1,2
"Cole, Gerrit",2019-08-28,2019,2,7,8,99.1,2501,-1.03,1.51,6.4,3,2
"Gausman, Kevin",2019-08-28,2019,9,64,1,96.1,2364,-0.91,1.41,6.3,0,0
"Cole, Gerrit",2019-08-28,2019,2,7,7,98.9,2498,-0.86,1.56,6.3,3,2
"Cole, Gerrit",2019-08-28,2019,2,7,6,99.2,2618,-1.03,1.52,6.4,2,2
"Cole, Gerrit",2019-08-28,2019,2,7,5,98.4,2549,-1,1.7,6.1,2,2
"Cole, Gerrit",2019-08-28,2019,2,7,4,98.7,2531,-0.92,1.57,6.6,1,2
"Gausman, Kevin",2019-08-28,2019,9,63,2,95.5,2276,-0.8,1.45,6.2,0,1
"Gausman, Kevin",2019-08-28,2019,9,63,1,95.1,2244,-0.78,1.43,6.2,0,0
"Cole, Gerrit",2019-08-28,2019,2,7,3,96.4,2485,-0.98,1.66,6.2,1,1
"Cole, Gerrit",2019-08-28,2019,2,7,2,95.1,2436,-0.89,1.6,6.3,1,0
"Cole, Gerrit",2019-08-28,2019,2,7,1,95.5,2415,-0.96,1.53,6.4,0,0
"Alcantara, Sandy",2019-08-28,2019,1,4,4,97.3,2309,-0.84,1.23,5.8,0,2
"Gausman, Kevin",2019-08-28,2019,9,62,1,93.9,2289,-0.75,1.5,6,0,0
"Cole, Gerrit",2019-08-28,2019,1,3,3,96.7,2519,-0.94,1.64,6.2,1,1
"Gausman, Kevin",2019-08-28,2019,8,58,3,96.1,2337,-0.81,1.39,6.3,1,1
"Cole, Gerrit",2019-08-28,2019,1,3,2,97.9,2512,-0.69,1.65,6.5,0,1
"Gausman, Kevin",2019-08-28,2019,8,58,2,93.2,2270,-0.9,1.36,6.1,1,0
"Gausman, Kevin",2019-08-28,2019,8,58,1,94.5,2270,-0.97,1.22,6.1,0,0
"Cole, Gerrit",2019-08-28,2019,1,2,7,98.9,2572,-0.97,1.47,6.7,3,2
"Gausman, Kevin",2019-08-28,2019,8,57,1,94.3,2284,-0.76,1.28,6.2,0,0
"Gausman, Kevin",2019-08-28,2019,8,56,4,97.2,2374,-1.16,1.36,6,1,2
"Cole, Gerrit",2019-08-28,2019,1,2,5,98.7,2689,-1.06,1.52,6,1,2
"Alcantara, Sandy",2019-08-28,2019,1,2,7,97,2308,-0.7,1.38,5.8,3,2
"Gausman, Kevin",2019-08-28,2019,8,56,3,96.3,2330,-0.97,1.31,6.2,1,1
"Cole, Gerrit",2019-08-28,2019,1,2,4,97.6,2536,-0.9,1.51,5.9,1,2
"Gausman, Kevin",2019-08-28,2019,8,56,2,95.5,2308,-0.61,1.5,6.3,1,0
"Cole, Gerrit",2019-08-28,2019,1,2,2,96.1,2408,-0.94,1.46,6.5,0,1
"Gausman, Kevin",2019-08-28,2019,8,55,6,96.7,2358,-0.81,1.45,6.5,2,2
"Cole, Gerrit",2019-08-28,2019,1,2,1,98.1,2499,-0.94,1.66,6.2,0,0
"Gausman, Kevin",2019-08-28,2019,8,55,4,95.1,2342,-0.79,1.53,6.3,2,1
"Alcantara, Sandy",2019-08-28,2019,1,2,2,96.4,2234,-0.65,1.19,5.9,1,0
"Cole, Gerrit",2019-08-28,2019,1,1,2,96.5,2471,-0.92,1.59,6.1,0,1
"Gausman, Kevin",2019-08-28,2019,8,55,2,94.3,2334,-0.87,1.51,6.3,1,0
"Cole, Gerrit",2019-08-28,2019,1,1,1,96,2557,-0.88,1.72,6.3,0,0
"Gausman, Kevin",2019-08-28,2019,8,55,1,94.4,2215,-0.83,1.46,6.1,0,0
"Webb, Logan",2019-08-25,2019,5,45,5,94,2148,-0.66,0.62,6.8,2,2
"Webb, Logan",2019-08-25,2019,5,45,4,93.4,2068,-0.71,1.11,6.2,2,1
"Webb, Logan",2019-08-25,2019,5,45,3,93.3,2097,-0.69,0.89,6.8,2,0
"Webb, Logan",2019-08-25,2019,5,43,5,92.9,2016,-0.76,0.85,6.4,2,2
"Webb, Logan",2019-08-25,2019,5,43,2,92.7,2195,-0.85,0.92,6.3,0,1
"Webb, Logan",2019-08-25,2019,5,41,4,93.4,2140,-0.63,0.99,6.6,2,1
"Webb, Logan",2019-08-25,2019,5,41,2,92.4,2156,-0.66,1.15,6.1,0,1
"Webb, Logan",2019-08-25,2019,4,35,3,92.1,2047,-0.6,0.91,6.7,2,0
"Webb, Logan",2019-08-25,2019,4,35,2,93.4,2099,-0.54,0.94,6.3,1,0
"Webb, Logan",2019-08-25,2019,3,29,5,93.4,2072,-0.77,1.03,6.3,2,2
"Webb, Logan",2019-08-25,2019,3,29,4,92.5,2110,-1.03,1.08,6.6,2,1
"Webb, Logan",2019-08-25,2019,3,29,3,93.2,2222,-1.11,1.09,6.6,1,1
"Webb, Logan",2019-08-25,2019,3,29,2,94,2217,-0.8,1.24,6.8,0,1
"Webb, Logan",2019-08-25,2019,3,29,1,93.3,2244,-0.6,1.2,6.2,0,0
"Webb, Logan",2019-08-25,2019,3,27,1,93.1,2218,-0.66,1.12,6.5,0,0
"Webb, Logan",2019-08-25,2019,2,19,3,93.7,2117,-0.58,1.02,6.5,0,2
"Webb, Logan",2019-08-25,2019,2,19,2,93.3,2273,-0.79,0.87,6.5,0,1
"Webb, Logan",2019-08-25,2019,2,18,2,93.5,2217,-1.06,1.1,6.6,0,1
"Webb, Logan",2019-08-25,2019,2,18,1,93.8,2194,-0.92,0.98,6.1,0,0
"Webb, Logan",2019-08-25,2019,2,17,4,93.7,2204,-0.63,1.03,6.7,1,2
"Webb, Logan",2019-08-25,2019,2,17,1,93.8,2378,-0.72,1.31,6.3,0,0
"Webb, Logan",2019-08-25,2019,2,16,3,93.9,2235,-0.77,1.38,6.6,1,1
"Webb, Logan",2019-08-25,2019,2,16,2,93.7,2218,-0.58,1.63,6.2,0,1
"Webb, Logan",2019-08-25,2019,2,15,3,92.7,2258,-0.91,1.01,6.5,1,1
"Webb, Logan",2019-08-25,2019,2,15,1,92.7,2221,-1.01,1.19,6.1,0,0
"Webb, Logan",2019-08-25,2019,1,7,1,95.3,2387,-1.15,1.1,6.2,0,0
"Webb, Logan",2019-08-25,2019,1,6,5,94.9,2243,-1,0.99,6.4,2,2
"Webb, Logan",2019-08-25,2019,1,6,4,93.9,2295,-0.84,0.98,6.4,2,1
"Webb, Logan",2019-08-25,2019,1,6,2,94.9,2282,-0.75,1.07,6.2,0,1
"Webb, Logan",2019-08-25,2019,1,6,1,94.5,2359,-0.92,1.17,6.3,0,0
"Webb, Logan",2019-08-25,2019,1,5,1,94.1,2306,-0.99,1.27,6.3,0,0
"Wheeler, Zack",2019-08-24,2019,6,50,5,97.2,2409,-0.95,1.23,6.9,2,2
"Wheeler, Zack",2019-08-24,2019,6,50,2,97,2394,-0.91,1.31,6.9,0,1
"Wheeler, Zack",2019-08-24,2019,6,48,4,97.2,2428,-0.79,1.18,6.8,1,2
"Wheeler, Zack",2019-08-24,2019,6,48,2,97.6,2463,-0.99,1.17,7.5,0,1
"Wheeler, Zack",2019-08-24,2019,6,46,1,96.2,2337,-0.71,1.25,7,0,0
"Wheeler, Zack",2019-08-24,2019,5,38,5,97.5,2320,-0.57,1.24,7.3,3,1
"Wheeler, Zack",2019-08-24,2019,5,38,1,97.1,2407,-0.8,1.33,7.2,0,0
"Wheeler, Zack",2019-08-24,2019,5,37,1,96.7,2289,-0.45,1.21,7.1,0,0
"Wheeler, Zack",2019-08-24,2019,5,36,2,95.1,2281,-0.83,1.2,7.2,1,0
"Wheeler, Zack",2019-08-24,2019,5,36,1,95,2193,-0.78,1.09,6.9,0,0
"Wheeler, Zack",2019-08-24,2019,4,32,2,97.1,2331,-0.64,1.38,6.5,1,0
"Wheeler, Zack",2019-08-24,2019,4,32,1,96.6,2462,-0.86,1.34,7.2,0,0
"Wheeler, Zack",2019-08-24,2019,4,31,4,97.3,2370,-0.54,1.32,6.8,2,1
"Wheeler, Zack",2019-08-24,2019,4,30,2,95.9,2334,-0.88,1.3,6.9,1,0
"Wheeler, Zack",2019-08-24,2019,4,29,3,95.5,2155,-1,1.31,7.2,1,1
"Wheeler, Zack",2019-08-24,2019,4,29,1,96.1,2332,-0.78,1.39,6.7,0,0
"Wheeler, Zack",2019-08-24,2019,4,28,1,96.5,2378,-0.94,1.45,6.9,0,0
"Wheeler, Zack",2019-08-24,2019,3,22,6,95.9,2342,-0.66,1.35,7,3,2
"Wheeler, Zack",2019-08-24,2019,3,22,5,95.7,2423,-0.71,1.37,6.8,3,1
"Wheeler, Zack",2019-08-24,2019,3,22,4,96.2,2336,-0.73,1.19,6.9,3,0
"Wheeler, Zack",2019-08-24,2019,3,22,3,95.6,2376,-0.73,1.48,7,2,0
"Wheeler, Zack",2019-08-24,2019,3,22,1,95.2,2306,-1.08,1.58,7,0,0
"Wheeler, Zack",2019-08-24,2019,3,21,3,96.3,2453,-0.81,1.47,6.9,2,0
"Wheeler, Zack",2019-08-24,2019,3,20,2,97,2423,-0.81,1.36,6.8,0,1
"Wheeler, Zack",2019-08-24,2019,3,20,1,97,2434,-1.05,1.27,6.7,0,0
"Wheeler, Zack",2019-08-24,2019,3,19,2,95.6,2339,-0.97,1.37,6.9,1,0
"Wheeler, Zack",2019-08-24,2019,2,12,4,96.1,2395,-0.79,1.4,6.8,2,1
"Wheeler, Zack",2019-08-24,2019,2,12,3,96.5,2426,-0.64,1.43,6.9,1,1
"Wheeler, Zack",2019-08-24,2019,2,10,2,96.9,2433,-0.64,1.6,6.7,0,1
"Wheeler, Zack",2019-08-24,2019,2,9,6,97.8,2398,-0.67,1.42,7,3,2
"Wheeler, Zack",2019-08-24,2019,2,9,5,97.9,2341,-0.89,1.53,6.9,3,1
"Wheeler, Zack",2019-08-24,2019,2,9,4,97.4,2407,-0.93,1.52,6.9,3,0
"Gausman, Kevin",2019-08-24,2019,7,57,2,95,2403,-0.92,1.43,5.8,0,1
"Gausman, Kevin",2019-08-24,2019,7,57,1,96.1,2327,-0.93,1.42,5.9,0,0
"Gausman, Kevin",2019-08-24,2019,7,56,5,94.5,2292,-0.62,1.29,6.4,3,1
"Gausman, Kevin",2019-08-24,2019,7,56,4,95,2296,-0.78,1.28,6.1,2,1
"Gausman, Kevin",2019-08-24,2019,7,56,3,94.7,2319,-0.98,1.37,6.1,2,0
"Gausman, Kevin",2019-08-24,2019,7,56,1,93.7,2195,-0.96,1.2,6.3,0,0
"Wheeler, Zack",2019-08-24,2019,1,4,4,97.5,2392,-0.71,1.33,6.8,1,2
"Gausman, Kevin",2019-08-24,2019,7,55,4,95.9,2257,-0.8,1.22,6.1,0,2
"Gausman, Kevin",2019-08-24,2019,7,55,3,96.6,2400,-0.93,1.36,6.4,0,2
"Gausman, Kevin",2019-08-24,2019,7,54,5,96.2,2353,-0.95,1.31,6,2,2
"Wheeler, Zack",2019-08-24,2019,1,3,3,96.3,2233,-1.02,1.39,7.2,0,2
"Gausman, Kevin",2019-08-24,2019,7,54,2,95.6,2231,-0.94,1.41,5.9,0,1
"Wheeler, Zack",2019-08-24,2019,1,3,1,97.5,2377,-0.87,1.5,7,0,0
"Gausman, Kevin",2019-08-24,2019,7,54,1,94.1,2236,-0.88,1.26,5.9,0,0
"Gausman, Kevin",2019-08-24,2019,7,53,2,95.6,2375,-0.97,1.31,6.1,0,1
"Wheeler, Zack",2019-08-24,2019,1,2,2,96.8,2390,-0.98,1.45,6.7,1,0
"Wheeler, Zack",2019-08-24,2019,1,2,1,96.7,2358,-0.99,1.48,6.7,0,0
"Gausman, Kevin",2019-08-24,2019,7,53,1,94.4,2293,-0.87,1.54,6.2,0,0
"Gausman, Kevin",2019-08-24,2019,7,52,5,94.6,2286,-1.06,1.49,5.9,2,2
"Gausman, Kevin",2019-08-24,2019,7,52,1,92.7,2090,-0.88,1.16,6.1,0,0
"Wheeler, Zack",2019-09-04,2019,5,44,2,95.1,2289,-0.97,1.28,7.1,1,0
"Wheeler, Zack",2019-09-04,2019,4,37,4,96,2461,-0.91,1.29,6.6,1,2
"Wheeler, Zack",2019-09-04,2019,4,37,1,95.4,2324,-0.74,1.31,6.9,0,0
"Wheeler, Zack",2019-09-04,2019,4,36,3,96.2,2271,-0.92,1.31,6.4,0,2
"Wheeler, Zack",2019-09-04,2019,4,36,1,94.5,2273,-0.86,1.18,7,0,0
"Wheeler, Zack",2019-09-04,2019,3,27,3,95.2,2412,-0.81,0.99,7,1,1
"Wheeler, Zack",2019-09-04,2019,3,25,5,95.6,2309,-0.9,1.3,6.7,3,1
"Wheeler, Zack",2019-09-04,2019,2,19,5,95.9,2336,-0.87,1.27,7,1,2
"Wheeler, Zack",2019-09-04,2019,2,16,7,95.5,2322,-0.88,1.24,6.8,3,2
"Wheeler, Zack",2019-09-04,2019,2,16,6,95,2357,-0.84,1.26,6.9,3,2
"Wheeler, Zack",2019-09-04,2019,2,16,5,94.9,2188,-0.92,1.17,6.6,3,1
"Wheeler, Zack",2019-09-04,2019,2,16,4,95.2,2414,-1,1.33,6.7,3,0
"Wheeler, Zack",2019-09-04,2019,2,16,3,95.5,2362,-0.88,1.38,6.8,2,0
"Wheeler, Zack",2019-09-04,2019,2,16,2,95.6,2354,-1.02,1.25,6.6,1,0
"Wheeler, Zack",2019-09-04,2019,2,16,1,95.3,2319,-0.92,1.26,6.9,0,0
"Wheeler, Zack",2019-09-04,2019,2,13,2,96.2,2311,-0.9,1.28,6.7,0,1
"Wheeler, Zack",2019-09-04,2019,2,13,1,96,2225,-0.84,1.17,6.7,0,0
"Wheeler, Zack",2019-09-04,2019,1,8,6,97,2383,-0.95,1.19,6.9,2,2
"Wheeler, Zack",2019-09-04,2019,1,8,5,96.5,2453,-0.96,1.17,6.9,2,2
"Wheeler, Zack",2019-09-04,2019,1,7,5,96.2,2225,-0.78,1.25,6.6,2,2
"Wheeler, Zack",2019-09-04,2019,1,7,4,95.7,2316,-0.7,1.21,7.1,2,1
"Wheeler, Zack",2019-09-04,2019,1,7,1,95.9,2281,-0.85,1.19,7.3,0,0
"Wheeler, Zack",2019-09-04,2019,1,6,1,97.1,2260,-1,1.31,6.7,0,0
"Wheeler, Zack",2019-09-04,2019,1,5,7,97,2288,-0.83,1.03,6.8,3,2
"Wheeler, Zack",2019-09-04,2019,1,4,3,97.1,2238,-0.9,1.13,6.8,2,0
"Wheeler, Zack",2019-09-04,2019,1,4,1,95.8,2255,-1,1.21,6.6,0,0
"Alcantara, Sandy",2019-09-03,2019,8,62,4,94.6,2574,-0.98,1.25,6,2,1
"Alcantara, Sandy",2019-09-03,2019,8,61,10,96.6,2631,-0.94,1.27,5.9,3,2
"Alcantara, Sandy",2019-09-03,2019,8,61,9,97.1,2720,-0.75,1.38,5.9,3,2
"Alcantara, Sandy",2019-09-03,2019,8,61,6,95.6,2566,-0.95,1.16,5.7,2,2
"Alcantara, Sandy",2019-09-03,2019,8,61,5,95.6,2636,-0.93,1.25,5.4,1,2
"Alcantara, Sandy",2019-09-03,2019,8,61,2,96.3,2538,-0.79,1.31,5.9,0,1
"Alcantara, Sandy",2019-09-03,2019,7,53,2,96.1,2560,-1.03,1.17,5.9,1,0
"Alcantara, Sandy",2019-09-03,2019,6,49,5,96.1,2556,-0.76,1.26,5.8,2,2
"Alcantara, Sandy",2019-09-03,2019,6,49,3,97,2439,-0.87,1.26,5.5,1,1
"Alcantara, Sandy",2019-09-03,2019,6,49,1,96.6,2573,-1.1,1.29,6.1,0,0
"Alcantara, Sandy",2019-09-03,2019,6,47,5,95.8,2352,-0.83,1.27,5.5,3,1
"Alcantara, Sandy",2019-09-03,2019,6,47,3,96.6,2478,-0.93,1.25,6.1,2,0
"Alcantara, Sandy",2019-09-03,2019,5,38,3,97.6,2454,-0.78,1.26,5.7,0,2
"Alcantara, Sandy",2019-09-03,2019,5,38,2,97.1,2509,-0.76,1.24,5.5,0,1
"Alcantara, Sandy",2019-09-03,2019,4,32,6,98,2715,-0.82,1.31,5.8,2,2
"Alcantara, Sandy",2019-09-03,2019,4,32,5,97.2,2619,-0.7,1.31,5.7,2,2
"Alcantara, Sandy",2019-09-03,2019,4,32,4,97,2565,-1,1.14,5.7,2,1
"Alcantara, Sandy",2019-09-03,2019,4,30,3,96.5,2575,-0.7,1.36,5.8,2,0
"Alcantara, Sandy",2019-09-03,2019,3,25,1,97.4,2543,-0.75,1.26,5.6,0,0
"Alcantara, Sandy",2019-09-03,2019,3,23,3,97,2404,-0.77,1.21,5.6,0,2
"Alcantara, Sandy",2019-09-03,2019,2,14,3,97.3,2482,-0.68,1.08,5.4,0,2
"Alcantara, Sandy",2019-09-03,2019,1,7,2,96.8,2629,-0.67,1.34,5.9,0,1
"Alcantara, Sandy",2019-09-03,2019,1,5,6,96.9,2461,-0.83,1.22,5.6,3,2
"Alcantara, Sandy",2019-09-03,2019,1,5,5,96.9,2468,-0.76,1.13,5.9,2,2
"Alcantara, Sandy",2019-09-03,2019,1,5,4,95.9,2522,-0.92,1.18,5.8,2,1
"Alcantara, Sandy",2019-09-03,2019,1,4,3,95.4,2454,-0.99,1.01,5.5,1,1
"Cole, Gerrit",2019-09-02,2019,6,48,6,100.2,2578,-0.89,1.53,6.4,3,2
"Cole, Gerrit",2019-09-02,2019,6,48,5,98.6,2444,-0.85,1.46,6.5,3,1
"Cole, Gerrit",2019-09-02,2019,6,48,2,97.8,2567,-0.73,1.48,6.2,0,1
"Cole, Gerrit",2019-09-02,2019,6,48,1,96.5,2466,-0.84,1.44,6.4,0,0
"Cole, Gerrit",2019-09-02,2019,6,47,3,98.7,2502,-1.03,1.45,6.5,0,2
"Cole, Gerrit",2019-09-02,2019,6,47,2,97.2,2567,-1.14,1.39,6.4,0,1
"Cole, Gerrit",2019-09-02,2019,6,46,5,98.9,2478,-1.11,1.44,6.4,2,2
"Cole, Gerrit",2019-09-02,2019,6,46,3,97.2,2534,-0.96,1.5,6.5,1,1
"Cole, Gerrit",2019-09-02,2019,5,41,2,99.7,2382,-1.02,1.27,6.3,0,1
"Cole, Gerrit",2019-09-02,2019,5,40,6,99.3,2465,-0.96,1.29,7.1,3,2
"Cole, Gerrit",2019-09-02,2019,5,40,5,98.6,2456,-0.97,1.39,6.5,3,1
"Cole, Gerrit",2019-09-02,2019,5,40,4,97.5,2307,-1.07,1.26,6.2,2,1
"Cole, Gerrit",2019-09-02,2019,5,40,2,97.5,2463,-0.99,1.39,6.5,1,0
"Cole, Gerrit",2019-09-02,2019,5,40,1,97.1,2401,-1.06,1.32,6.2,0,0
"Cole, Gerrit",2019-09-02,2019,5,39,4,98.1,2591,-1.01,1.48,6.4,2,1
"Cole, Gerrit",2019-09-02,2019,5,39,3,97.9,2553,-0.94,1.44,6.7,2,0
"Cole, Gerrit",2019-09-02,2019,5,39,2,97.3,2438,-1.04,1.48,6.3,1,0
"Cole, Gerrit",2019-09-02,2019,5,39,1,96.4,2355,-0.9,1.44,6.4,0,0
"Cole, Gerrit",2019-09-02,2019,5,38,2,98.7,2407,-0.69,1.39,6.5,0,1
"Cole, Gerrit",2019-09-02,2019,5,37,2,94.4,2444,-0.87,1.39,6.5,1,0
"Cole, Gerrit",2019-09-02,2019,5,37,1,95.6,2293,-0.9,1.41,6.6,0,0
"Cole, Gerrit",2019-09-02,2019,5,36,3,95.8,2409,-1.04,1.27,6.3,0,2
"Cole, Gerrit",2019-09-02,2019,5,36,2,94.6,2383,-0.84,1.34,6.3,0,1
"Cole, Gerrit",2019-09-02,2019,5,36,1,94.7,2409,-0.89,1.39,6.2,0,0
"Cole, Gerrit",2019-09-02,2019,4,31,6,98.2,2447,-0.92,1.34,6.5,3,2
"Cole, Gerrit",2019-09-02,2019,4,31,5,96.2,2334,-1.12,1.33,6.3,3,1
"Cole, Gerrit",2019-09-02,2019,4,31,3,99.2,2362,-0.77,1.42,6.3,1,1
"Cole, Gerrit",2019-09-02,2019,4,31,2,98.3,2454,-0.97,1.28,6.2,0,1
"Cole, Gerrit",2019-09-02,2019,4,30,5,99.9,2517,-1.06,1.33,6.3,1,2
"Cole, Gerrit",2019-09-02,2019,4,30,4,98.9,2643,-0.98,1.47,6.3,0,2
"Cole, Gerrit",2019-09-02,2019,4,30,2,97.8,2537,-0.89,1.31,6.5,0,1
"Cole, Gerrit",2019-09-02,2019,4,30,1,97.1,2469,-0.84,1.41,6.3,0,0
"Cole, Gerrit",2019-09-02,2019,4,29,4,96.8,2516,-0.81,1.5,6.7,3,0
"Cole, Gerrit",2019-09-02,2019,4,29,3,97.2,2472,-0.79,1.43,6.5,2,0
"Cole, Gerrit",2019-09-02,2019,3,25,4,99.1,2463,-1.02,1.31,6.3,1,2
"Cole, Gerrit",2019-09-02,2019,3,25,3,97.5,2464,-0.79,1.49,6.4,1,1
"Cole, Gerrit",2019-09-02,2019,3,25,2,96.8,2413,-1.05,1.35,6.2,0,1
"Cole, Gerrit",2019-09-02,2019,3,24,4,97.7,2481,-0.88,1.48,6.4,1,2
"Cole, Gerrit",2019-09-02,2019,3,24,2,95.6,2466,-0.75,1.53,6.3,0,1
"Cole, Gerrit",2019-09-02,2019,3,24,1,96.8,2530,-0.77,1.51,6.6,0,0
"Cole, Gerrit",2019-09-02,2019,3,23,2,98.1,2520,-0.98,1.43,6.4,1,0
"Cole, Gerrit",2019-09-02,2019,3,23,1,98.3,2541,-0.9,1.51,6.3,0,0
"Cole, Gerrit",2019-09-02,2019,2,16,4,99.5,2606,-0.97,1.46,6.4,1,2
"Cole, Gerrit",2019-09-02,2019,2,16,3,98.7,2555,-0.9,1.46,6.5,1,1
"Cole, Gerrit",2019-09-02,2019,2,16,2,98.7,2535,-0.99,1.4,6.3,0,1
"Cole, Gerrit",2019-09-02,2019,2,16,1,98.2,2615,-0.88,1.48,6.3,0,0
"Cole, Gerrit",2019-09-02,2019,2,15,4,97.9,2516,-0.87,1.29,6.3,2,1
"Cole, Gerrit",2019-09-02,2019,2,15,3,98.9,2586,-0.67,1.49,6.2,1,1
"Cole, Gerrit",2019-09-02,2019,2,15,2,97.5,2524,-0.86,1.36,6.4,1,0
"Cole, Gerrit",2019-09-02,2019,2,14,6,99.2,2582,-0.91,1.39,6.3,2,2
"Cole, Gerrit",2019-09-02,2019,2,14,3,96.9,2505,-1.1,1.49,6.4,1,1
"Cole, Gerrit",2019-09-02,2019,2,14,2,96.9,2511,-0.89,1.55,6.2,1,0
"Cole, Gerrit",2019-09-02,2019,1,9,3,98,2626,-1.03,1.5,6.2,0,2
"Cole, Gerrit",2019-09-02,2019,1,9,2,97.7,2581,-1.1,1.28,6.2,0,1
"Cole, Gerrit",2019-09-02,2019,1,9,1,96.1,2654,-0.97,1.48,6.1,0,0
"Cole, Gerrit",2019-09-02,2019,1,8,3,97.3,2536,-1.05,1.51,6.3,1,1
"Cole, Gerrit",2019-09-02,2019,1,8,2,97.1,2608,-0.95,1.36,6.1,1,0
"Cole, Gerrit",2019-09-02,2019,1,7,1,96.8,2512,-0.94,1.37,6.4,0,0
"Cole, Gerrit",2019-09-02,2019,1,6,7,98.3,2580,-0.94,1.43,6.2,3,2
"Cole, Gerrit",2019-09-02,2019,1,6,5,97.6,2631,-1.29,1.5,6.6,2,2
"Cole, Gerrit",2019-09-02,2019,1,6,4,96.7,2550,-1.28,1.51,6.5,2,1
"Cole, Gerrit",2019-09-02,2019,1,6,3,96.9,2582,-1.19,1.66,6,1,1
"Cole, Gerrit",2019-09-02,2019,1,6,2,95.8,2517,-1.29,1.47,6.3,0,1
"Cole, Gerrit",2019-09-02,2019,1,6,1,95.8,2535,-1.07,1.6,6.3,0,0
"Gausman, Kevin",2019-09-01,2019,8,68,2,96.3,2305,-0.84,1.46,6.2,0,1
"Gausman, Kevin",2019-09-01,2019,8,68,1,94.8,2128,-0.98,1.26,6,0,0
"Gausman, Kevin",2019-09-01,2019,8,67,5,96.2,2184,-1.07,1.18,6.2,3,1
"Gausman, Kevin",2019-09-01,2019,8,66,2,94.2,2157,-1,1.39,6.1,0,1
"Gausman, Kevin",2019-09-01,2019,8,66,1,94.8,2123,-0.92,1.2,6.3,0,0
"Gausman, Kevin",2019-09-01,2019,8,65,4,95.5,2166,-0.87,1.28,6.3,0,2
"Gausman, Kevin",2019-09-01,2019,8,65,1,93.4,2096,-0.95,1.3,6,0,0
"Gausman, Kevin",2019-09-01,2019,7,61,9,94.8,2203,-0.92,1.47,6.4,2,2
"Gausman, Kevin",2019-09-01,2019,7,61,8,95.7,2184,-0.94,1.38,6.1,2,2
"Gausman, Kevin",2019-09-01,2019,7,61,4,95.9,2199,-0.86,1.27,6.4,1,2
"Gausman, Kevin",2019-09-01,2019,7,60,3,95.6,2315,-0.85,1.31,6.2,2,0
"Gausman, Kevin",2019-09-01,2019,7,60,2,95.3,2299,-0.66,1.44,6.3,1,0
"Gausman, Kevin",2019-09-01,2019,7,60,1,95.3,2223,-0.86,1.27,6.1,0,0
"Gausman, Kevin",2019-09-01,2019,7,59,3,96.4,2256,-1.09,1.32,6.1,0,2
"Webb, Logan",2019-08-31,2019,6,45,4,91.7,2183,-0.66,1.04,6.5,3,0
"Webb, Logan",2019-08-31,2019,6,45,2,92.5,2418,-0.6,1.21,6.5,1,0
"Webb, Logan",2019-08-31,2019,6,43,3,93.2,2260,-0.77,1.27,6.4,0,2
"Webb, Logan",2019-08-31,2019,6,42,2,92.3,2585,-0.96,1.19,6.4,0,1
"Webb, Logan",2019-08-31,2019,5,38,6,94,2330,-0.73,0.98,6.6,1,2
"Webb, Logan",2019-08-31,2019,5,38,4,92.9,2216,-0.59,1.14,6.5,1,2
"Webb, Logan",2019-08-31,2019,5,38,1,91.4,2246,-1.25,1.06,6.1,0,0
"Webb, Logan",2019-08-31,2019,5,37,1,92.9,2343,-0.84,1.17,6.5,0,0
"Webb, Logan",2019-08-31,2019,5,36,2,91,2394,-1.18,1.17,6.3,0,1
"Webb, Logan",2019-08-31,2019,4,30,2,91.7,2162,-0.84,1.14,6.5,1,0
"Webb, Logan",2019-08-31,2019,4,29,6,93.6,2281,-0.77,1.35,6.7,3,2
"Webb, Logan",2019-08-31,2019,4,29,5,92.6,2158,-0.85,1.15,6.2,3,1
"Webb, Logan",2019-08-31,2019,4,29,4,91.8,2216,-0.69,1.22,6.2,3,0
"Webb, Logan",2019-08-31,2019,4,29,3,92.2,2305,-0.68,1.32,6.6,2,0
"Webb, Logan",2019-08-31,2019,4,29,2,92.7,2359,-1.04,1.12,6.5,1,0
"Webb, Logan",2019-08-31,2019,3,22,1,92,2188,-0.76,1.27,6.9,0,0
"Webb, Logan",2019-08-31,2019,3,21,5,92,2185,-0.64,0.94,6.3,3,1
"Webb, Logan",2019-08-31,2019,3,21,4,92.6,2209,-0.82,0.98,6.4,2,1
"Webb, Logan",2019-08-31,2019,3,21,2,91.9,2248,-0.59,1.14,6.4,0,1
"Webb, Logan",2019-08-31,2019,3,21,1,92.4,2268,-0.51,1.03,6.7,0,0
"Webb, Logan",2019-08-31,2019,3,20,4,92.3,2092,-0.55,1.09,6.6,2,1
"Webb, Logan",2019-08-31,2019,3,20,1,93.2,2135,-0.58,1.13,6.5,0,0
"Webb, Logan",2019-08-31,2019,3,19,2,92.1,2032,-0.79,1.09,6.4,1,0
"Webb, Logan",2019-08-31,2019,3,19,1,92.4,2122,-0.75,1.09,6.5,0,0
"Webb, Logan",2019-08-31,2019,3,18,3,93,2360,-0.56,1.27,6.2,0,2
"Webb, Logan",2019-08-31,2019,3,18,1,91.8,2247,-0.6,1.15,6.3,0,0
"Webb, Logan",2019-08-31,2019,2,13,1,92.6,2395,-0.73,1.17,6.6,0,0
"Webb, Logan",2019-08-31,2019,2,11,4,93.5,2261,-0.74,1,6.3,1,2
"Webb, Logan",2019-08-31,2019,2,11,1,91.6,2417,-1.09,1.31,6.3,0,0
"Webb, Logan",2019-08-31,2019,1,5,5,93.7,2181,-0.84,1.08,6.5,2,2
"Webb, Logan",2019-08-31,2019,1,5,4,94.2,2268,-0.75,1.14,6.2,2,1
"Webb, Logan",2019-08-31,2019,1,5,3,93.7,2369,-0.73,1.14,6.3,1,1
"Webb, Logan",2019-08-31,2019,1,4,3,92.6,1982,-0.7,1.11,6.7,2,0
"Webb, Logan",2019-08-31,2019,1,4,2,94.2,2177,-0.7,0.98,6.5,1,0
"Webb, Logan",2019-08-31,2019,1,3,4,93.2,2238,-0.67,0.98,6.6,2,1
"Webb, Logan",2019-08-31,2019,1,3,1,93.6,2185,-0.89,0.97,6.3,0,0
"Webb, Logan",2019-08-31,2019,1,2,2,93.1,2161,-0.61,1.03,6.6,1,0
"Webb, Logan",2019-08-31,2019,1,2,1,94.8,2183,-0.68,1.03,6.5,0,0
"Webb, Logan",2019-08-31,2019,1,1,4,93.1,2202,-0.83,1.26,6.5,2,1
"Webb, Logan",2019-08-31,2019,1,1,3,93,2263,-0.67,1.23,6.5,1,1
"Gausman, Kevin",2019-08-31,2019,9,69,2,93.8,2051,-0.94,1.22,6.2,1,0
"Webb, Logan",2019-08-31,2019,1,1,2,93.2,2301,-0.58,1.24,6.5,1,0
"Webb, Logan",2019-08-31,2019,1,1,1,93.9,2299,-0.54,1.03,6,0,0
"Gausman, Kevin",2019-08-31,2019,9,69,1,93.8,2125,-1.09,1.1,6.1,0,0
"Wheeler, Zack",2019-08-30,2019,6,48,3,96.8,2398,-0.83,1.19,7.4,1,1
"Wheeler, Zack",2019-08-30,2019,6,48,2,95.5,2209,-1.06,1.28,6.8,0,1
"Wheeler, Zack",2019-08-30,2019,6,48,1,96.5,2413,-0.77,1.2,7.3,0,0
"Wheeler, Zack",2019-08-30,2019,6,46,4,97.2,2378,-0.91,1.23,7.3,0,2
"Wheeler, Zack",2019-08-30,2019,6,46,3,96.8,2332,-0.7,1.22,7.4,0,2
"Wheeler, Zack",2019-08-30,2019,5,39,1,97.2,2334,-0.79,1.27,7.3,0,0
"Wheeler, Zack",2019-08-30,2019,5,38,2,96.3,2403,-0.97,1.33,6.9,1,0
"Wheeler, Zack",2019-08-30,2019,5,37,1,97,2335,-0.86,1.21,7.7,0,0
"Wheeler, Zack",2019-08-30,2019,5,36,7,97.3,2307,-1.01,1.17,7.1,1,2
"Wheeler, Zack",2019-08-30,2019,5,35,1,97.1,2415,-0.94,1.26,7.1,0,0
"Wheeler, Zack",2019-08-30,2019,5,34,5,96.9,2399,-0.85,1.25,7.2,1,2
"Wheeler, Zack",2019-08-30,2019,5,34,2,95.2,2371,-1.01,1.17,7,1,0
"Wheeler, Zack",2019-08-30,2019,4,30,4,96.9,2359,-0.93,1.34,7.4,2,1
"Wheeler, Zack",2019-08-30,2019,4,30,1,97,2423,-1.01,1.41,6.7,0,0
"Wheeler, Zack",2019-08-30,2019,4,29,6,97.5,2335,-0.99,1.32,7,2,2
"Wheeler, Zack",2019-08-30,2019,4,29,4,97.8,2407,-0.99,1.32,7.3,2,1
"Wheeler, Zack",2019-08-30,2019,4,27,1,96.9,2343,-1,1.24,6.9,0,0
"Wheeler, Zack",2019-08-30,2019,3,23,3,97.9,2369,-0.9,1.29,7.2,0,2
"Wheeler, Zack",2019-08-30,2019,3,23,1,97.3,2297,-0.95,1.39,6.9,0,0
"Wheeler, Zack",2019-08-30,2019,3,22,2,97.8,2350,-0.77,1.36,7.4,0,1
"Wheeler, Zack",2019-08-30,2019,3,20,1,96.6,2384,-0.75,1.31,7.2,0,0
"Wheeler, Zack",2019-08-30,2019,2,15,5,97.5,2276,-0.65,1.05,7.5,2,2
"Wheeler, Zack",2019-08-30,2019,2,15,2,97.8,2464,-0.97,1.35,6.9,0,1
"Wheeler, Zack",2019-08-30,2019,2,15,1,97.2,2409,-0.63,1.47,7.2,0,0
"Wheeler, Zack",2019-08-30,2019,2,14,1,97.8,2457,-0.97,1.4,7.1,0,0
"Wheeler, Zack",2019-08-30,2019,2,13,4,97.2,2472,-0.93,1.35,7.3,1,2
"Wheeler, Zack",2019-08-30,2019,1,9,3,97.2,2382,-0.91,1.38,7,0,2
"Wheeler, Zack",2019-08-30,2019,1,9,2,97.3,2476,-1.03,1.49,6.8,0,1
"Wheeler, Zack",2019-08-30,2019,1,9,1,97.7,2347,-0.74,1.53,7.2,0,0
"Wheeler, Zack",2019-08-30,2019,1,8,4,97.3,2310,-1.12,1.31,6.9,2,1
"Wheeler, Zack",2019-08-30,2019,1,8,2,97.5,2463,-0.83,1.59,7.3,1,0
"Wheeler, Zack",2019-08-30,2019,1,7,4,97.9,2257,-0.78,1.26,7,1,2
"Wheeler, Zack",2019-08-30,2019,1,7,3,98,2334,-0.84,1.26,7.2,1,1
"Wheeler, Zack",2019-08-30,2019,1,7,1,97.1,2341,-1.1,1.29,7.2,0,0
"Wheeler, Zack",2019-08-30,2019,1,6,5,97.8,2341,-0.88,1.32,7.2,2,2
"Wheeler, Zack",2019-08-30,2019,1,6,3,97.4,2375,-0.91,1.29,7,1,1
"Wheeler, Zack",2019-08-30,2019,1,6,1,97.3,2303,-0.8,1.43,7.1,0,0
"Webb, Logan",2019-09-11,2019,5,35,2,92.6,2170,-0.93,0.97,6.3,0,1
"Webb, Logan",2019-09-11,2019,5,34,2,91,2127,-0.66,1.13,6.4,0,1
"Webb, Logan",2019-09-11,2019,5,34,1,91.8,2154,-0.89,1.17,6.5,0,0
"Webb, Logan",2019-09-11,2019,5,32,3,92,2178,-0.98,0.95,6.5,2,0
"Webb, Logan",2019-09-11,2019,4,27,3,93.4,2342,-0.82,1.16,6.4,0,2
"Webb, Logan",2019-09-11,2019,4,25,3,92,2145,-0.6,1.26,6.4,2,0
"Webb, Logan",2019-09-11,2019,3,20,5,93.5,2297,-0.84,1.15,6.3,2,2
"Webb, Logan",2019-09-11,2019,3,19,2,93.9,2268,-0.58,1.14,6.3,0,1
"Webb, Logan",2019-09-11,2019,3,18,3,93.5,2323,-0.55,1.3,6.4,0,2
"Webb, Logan",2019-09-11,2019,2,14,4,93.6,2178,-0.81,0.81,6.6,0,2
"Webb, Logan",2019-09-11,2019,2,13,3,93.4,2405,-0.88,1.36,6.4,2,0
"Webb, Logan",2019-09-11,2019,2,13,2,93.8,2386,-0.81,1.36,6.4,1,0
"Webb, Logan",2019-09-11,2019,2,12,3,94.4,2316,-0.74,1.25,6.4,1,1
"Webb, Logan",2019-09-11,2019,2,12,2,92.8,2434,-0.79,1.26,6.4,0,1
"Webb, Logan",2019-09-11,2019,2,11,5,91.6,2148,-1.7,1.13,6.6,3,1
"Gausman, Kevin",2019-09-11,2019,8,63,2,95.9,2430,-1.05,1.51,6.4,0,1
"Gausman, Kevin",2019-09-11,2019,8,63,1,95.7,2348,-1.08,1.56,5.8,0,0
"Webb, Logan",2019-09-11,2019,2,11,2,92.1,2193,-1.27,1.1,6.7,1,0
"Gausman, Kevin",2019-09-11,2019,8,62,6,95,2322,-0.8,1.52,6.2,3,2
"Webb, Logan",2019-09-11,2019,2,9,8,93.4,2335,-0.94,1.29,6.8,3,2
"Webb, Logan",2019-09-11,2019,2,9,6,93.7,2317,-0.92,1.28,6.3,2,2
"Gausman, Kevin",2019-09-11,2019,8,62,1,94,2335,-0.76,1.45,6,0,0
"Webb, Logan",2019-09-11,2019,2,9,3,92,2321,-1.42,1.22,6.5,1,1
"Gausman, Kevin",2019-09-11,2019,8,61,2,95.1,2231,-0.76,1.42,6,0,1
"Gausman, Kevin",2019-09-11,2019,8,61,1,94.8,2235,-0.72,1.37,6.2,0,0
"Webb, Logan",2019-09-11,2019,2,9,2,91.9,2395,-0.9,1.22,6.6,1,0
"Webb, Logan",2019-09-11,2019,1,4,2,92.8,2553,-1.12,1.13,6.2,1,0
"Gausman, Kevin",2019-09-11,2019,8,60,2,93.4,2250,-0.97,1.37,6.1,1,0
"Gausman, Kevin",2019-09-11,2019,8,60,1,92.1,2209,-0.7,1.63,5.9,0,0
"Webb, Logan",2019-09-11,2019,1,3,3,93.4,2368,-0.73,1.36,6.4,1,1
"Gausman, Kevin",2019-09-11,2019,7,55,4,96.4,2331,-0.93,1.33,6,1,2
"Webb, Logan",2019-09-11,2019,1,3,1,93.7,2460,-0.71,1.23,6.2,0,0
"Webb, Logan",2019-09-11,2019,1,2,3,93.4,2117,-0.58,0.72,6.4,1,1
"Gausman, Kevin",2019-09-11,2019,7,54,3,94.8,2294,-1.08,1.54,5.9,1,1
"Gausman, Kevin",2019-09-11,2019,7,54,2,94.9,2343,-1.13,1.59,5.9,0,1
"Webb, Logan",2019-09-11,2019,1,2,1,92.9,2296,-0.74,1.44,6.4,0,0
"Webb, Logan",2019-09-11,2019,1,1,1,93.4,2541,-1.17,0.87,6.3,0,0
"Gausman, Kevin",2019-09-11,2019,7,54,1,94.3,2413,-1.08,1.53,6.4,0,0
"Wheeler, Zack",2019-09-10,2019,7,53,1,96.5,2343,-1.04,1.37,6.9,0,0
"Wheeler, Zack",2019-09-10,2019,7,51,5,96.8,2318,-0.92,1.17,7,2,2
"Wheeler, Zack",2019-09-10,2019,7,50,1,95.9,2300,-0.84,1.31,7.2,0,0
"Wheeler, Zack",2019-09-10,2019,6,44,2,96,2271,-1.02,1.2,6.9,0,1
"Wheeler, Zack",2019-09-10,2019,6,44,1,96.4,2327,-0.9,1.32,6.8,0,0
"Wheeler, Zack",2019-09-10,2019,5,38,5,97.6,2416,-0.95,1.22,7,3,1
"Wheeler, Zack",2019-09-10,2019,5,38,2,98.1,2516,-0.76,1.23,7.1,1,0
"Wheeler, Zack",2019-09-10,2019,5,38,1,98.5,2396,-0.87,1.16,7.2,0,0
"Wheeler, Zack",2019-09-10,2019,5,37,5,98.4,2369,-0.82,1.23,6.9,1,2
"Wheeler, Zack",2019-09-10,2019,5,37,2,96.6,2385,-0.77,1.24,7,1,0
"Wheeler, Zack",2019-09-10,2019,5,37,1,96.9,2397,-0.76,1.4,6.9,0,0
"Wheeler, Zack",2019-09-10,2019,4,30,1,96.6,2396,-0.95,1.27,7,0,0
"Wheeler, Zack",2019-09-10,2019,4,29,2,96.5,2172,-0.8,1.18,7,0,1
"Wheeler, Zack",2019-09-10,2019,4,28,3,97.2,2284,-0.86,1.06,6.8,1,1
"Wheeler, Zack",2019-09-10,2019,4,26,2,97.2,2284,-0.84,1.29,6.8,0,1
"Wheeler, Zack",2019-09-10,2019,4,26,1,96.9,2298,-0.81,1.12,6.8,0,0
"Wheeler, Zack",2019-09-10,2019,3,21,3,97.6,2258,-0.84,1.32,6.9,2,0
"Wheeler, Zack",2019-09-10,2019,3,19,1,96,2231,-0.8,1.22,6.8,0,0
"Wheeler, Zack",2019-09-10,2019,2,12,6,98.3,2304,-0.91,1.12,7.2,3,2
"Wheeler, Zack",2019-09-10,2019,2,12,5,97.7,2362,-0.64,1.13,7.1,2,2
"Wheeler, Zack",2019-09-10,2019,2,11,4,96.9,2421,-0.74,1.41,7.1,2,1
"Wheeler, Zack",2019-09-10,2019,2,11,3,97.1,2415,-0.85,1.25,6.8,1,1
"Wheeler, Zack",2019-09-10,2019,1,5,5,97.7,2283,-0.93,1.15,7,2,2
"Wheeler, Zack",2019-09-10,2019,1,5,4,97.6,2142,-0.69,1.3,6.9,2,1
"Wheeler, Zack",2019-09-10,2019,1,5,1,97,2211,-0.98,1.14,7,0,0
"Wheeler, Zack",2019-09-10,2019,1,1,5,98.2,2351,-0.93,1.22,6.8,2,2
"Wheeler, Zack",2019-09-10,2019,1,1,1,97.1,2304,-0.86,1.14,6.8,0,0
"Alcantara, Sandy",2019-09-08,2019,9,72,1,96.7,2650,-1.08,1.34,5.6,0,0
"Alcantara, Sandy",2019-09-08,2019,9,71,2,97.2,2509,-0.95,1.35,5.6,0,1
"Alcantara, Sandy",2019-09-08,2019,9,71,1,95.9,2463,-0.85,1.22,6,0,0
"Cole, Gerrit",2019-09-08,2019,8,76,1,97.2,2536,-1,1.6,6.5,0,0
"Cole, Gerrit",2019-09-08,2019,8,75,5,98.7,2561,-1.18,1.51,6.4,2,2
"Cole, Gerrit",2019-09-08,2019,8,75,2,95.8,2488,-0.91,1.56,6.2,0,1
"Cole, Gerrit",2019-09-08,2019,8,74,2,96.6,2551,-1.1,1.69,6.3,0,1
"Alcantara, Sandy",2019-09-08,2019,8,62,2,96.1,2428,-0.95,1.36,6,0,1
"Cole, Gerrit",2019-09-08,2019,8,74,1,95.9,2521,-1.23,1.73,6,0,0
"Cole, Gerrit",2019-09-08,2019,7,63,4,99.4,2662,-1.02,1.57,6.2,1,2
"Alcantara, Sandy",2019-09-08,2019,8,62,1,94.8,2377,-1.12,1.15,5.7,0,0
"Cole, Gerrit",2019-09-08,2019,7,63,3,98.2,2587,-0.94,1.66,6.4,1,1
"Cole, Gerrit",2019-09-08,2019,7,62,2,98,2562,-1,1.65,6.1,0,1
"Cole, Gerrit",2019-09-08,2019,7,62,1,97.9,2446,-0.75,1.66,6.2,0,0
"Cole, Gerrit",2019-09-08,2019,7,61,7,98,2502,-1.1,1.44,6.4,3,2
"Alcantara, Sandy",2019-09-08,2019,7,56,5,95,2568,-0.87,1.4,5.7,1,2
"Cole, Gerrit",2019-09-08,2019,7,61,5,98.9,2592,-0.97,1.7,6.3,2,2
"Alcantara, Sandy",2019-09-08,2019,7,56,2,95.1,2667,-0.77,1.51,5.7,0,1
"Alcantara, Sandy",2019-09-08,2019,7,56,1,95,2615,-1.08,1.38,5.6,0,0
"Cole, Gerrit",2019-09-08,2019,7,61,3,96.8,2507,-1.07,1.5,6,1,1
"Cole, Gerrit",2019-09-08,2019,6,53,5,97.9,2648,-0.95,1.58,6,2,2
"Cole, Gerrit",2019-09-08,2019,6,53,3,97.2,2600,-0.95,1.51,6.5,0,2
"Alcantara, Sandy",2019-09-08,2019,6,47,4,95.4,2568,-0.96,1.33,5.8,1,2
"Alcantara, Sandy",2019-09-08,2019,6,47,3,96.2,2687,-0.82,1.51,5.7,0,2
"Cole, Gerrit",2019-09-08,2019,6,53,1,97.8,2642,-0.9,1.55,6,0,0
"Cole, Gerrit",2019-09-08,2019,6,52,8,98.9,2693,-1.03,1.62,6,2,2
"Alcantara, Sandy",2019-09-08,2019,6,47,1,96.3,2592,-1.11,1.34,5.6,0,0
"Cole, Gerrit",2019-09-08,2019,6,52,7,98.4,2595,-0.98,1.62,6.1,2,2
"Alcantara, Sandy",2019-09-08,2019,6,46,3,94.7,2500,-1.18,1.05,5.8,2,0
"Cole, Gerrit",2019-09-08,2019,6,52,3,97.2,2471,-1.08,1.63,6.4,1,1
"Alcantara, Sandy",2019-09-08,2019,6,45,7,96.6,2634,-0.98,1.4,5.6,3,2
"Cole, Gerrit",2019-09-08,2019,6,52,2,96.9,2555,-1.03,1.47,6.1,0,1
"Cole, Gerrit",2019-09-08,2019,5,44,3,98.1,2452,-0.98,1.54,6.5,2,0
"Alcantara, Sandy",2019-09-08,2019,6,45,4,96.3,2558,-1.07,1.21,5.6,1,2
"Cole, Gerrit",2019-09-08,2019,5,44,2,97.7,2455,-1.23,1.27,6.3,1,0
"Cole, Gerrit",2019-09-08,2019,5,43,5,99.2,2524,-1.27,1.26,6.1,2,2
"Cole, Gerrit",2019-09-08,2019,5,43,4,99.1,2472,-1.2,1.37,6.6,2,1
"Alcantara, Sandy",2019-09-08,2019,6,44,2,96.4,2382,-0.82,1.41,5.6,0,1
"Cole, Gerrit",2019-09-08,2019,5,43,1,95.6,2466,-1.04,1.43,6.3,0,0
"Cole, Gerrit",2019-09-08,2019,5,42,3,98.3,2603,-1.14,1.42,6.4,0,2
"Cole, Gerrit",2019-09-08,2019,4,37,3,98.2,2575,-1.27,1.32,6.1,0,2
"Alcantara, Sandy",2019-09-08,2019,5,33,2,96.2,2513,-1.06,1.36,5.8,0,1
"Cole, Gerrit",2019-09-08,2019,4,35,2,95,2471,-0.91,1.61,6.3,1,0
"Cole, Gerrit",2019-09-08,2019,4,35,1,95.8,2529,-1.07,1.69,6,0,0
"Alcantara, Sandy",2019-09-08,2019,4,24,4,96.6,2522,-0.91,1.27,5.8,1,2
"Cole, Gerrit",2019-09-08,2019,4,34,1,95.5,2578,-0.99,1.67,6.1,0,0
"Cole, Gerrit",2019-09-08,2019,3,19,3,97.7,2475,-0.87,1.68,6.1,0,2
"Cole, Gerrit",2019-09-08,2019,3,19,2,97.7,2501,-0.97,1.6,6.4,0,1
"Cole, Gerrit",2019-09-08,2019,3,19,1,97.4,2516,-0.9,1.66,6.2,0,0
"Cole, Gerrit",2019-09-08,2019,3,18,3,98.2,2606,-0.87,1.54,6.1,0,2
"Alcantara, Sandy",2019-09-08,2019,3,18,3,96.6,2518,-1.02,1.28,5.6,1,1
"Cole, Gerrit",2019-09-08,2019,3,17,5,98.3,2552,-0.99,1.54,6.3,2,2
"Alcantara, Sandy",2019-09-08,2019,3,17,2,96.4,2477,-0.93,1.33,5.7,0,1
"Alcantara, Sandy",2019-09-08,2019,3,17,1,97,2559,-0.81,1.3,5.6,0,0
"Cole, Gerrit",2019-09-08,2019,3,17,1,95.7,2467,-0.97,1.62,6.4,0,0
"Cole, Gerrit",2019-09-08,2019,2,9,2,96,2479,-1.16,1.48,6.3,1,0
"Cole, Gerrit",2019-09-08,2019,2,9,1,96.2,2556,-1.04,1.66,6.2,0,0
"Cole, Gerrit",2019-09-08,2019,2,8,4,98.6,2503,-1.13,1.62,6.2,1,2
"Cole, Gerrit",2019-09-08,2019,2,8,3,97.2,2529,-0.94,1.64,6.2,1,1
"Cole, Gerrit",2019-09-08,2019,2,8,2,96.2,2391,-0.95,1.58,6.1,1,0
"Cole, Gerrit",2019-09-08,2019,2,8,1,96.3,2503,-1.09,1.53,6.2,0,0
"Cole, Gerrit",2019-09-08,2019,1,3,4,97.8,2563,-1.05,1.41,6.2,1,2
"Cole, Gerrit",2019-09-08,2019,1,3,3,96.9,2628,-1.02,1.58,6.1,0,2
"Cole, Gerrit",2019-09-08,2019,1,3,1,95.6,2594,-1.08,1.66,6.3,0,0
"Alcantara, Sandy",2019-09-08,2019,1,2,2,95.7,2546,-1.05,1.5,5.6,0,1
"Alcantara, Sandy",2019-09-08,2019,1,2,1,96,2530,-0.83,1.54,5.7,0,0
"Cole, Gerrit",2019-09-08,2019,1,2,1,95.8,2520,-1.1,1.58,6.5,0,0
"Cole, Gerrit",2019-09-08,2019,1,1,1,96,2461,-0.87,1.76,6.1,0,0
"Gausman, Kevin",2019-09-07,2019,9,63,6,95.9,2307,-0.94,1.22,6.2,2,2
"Gausman, Kevin",2019-09-07,2019,9,63,3,94.9,2351,-0.88,1.23,6.2,1,1
"Gausman, Kevin",2019-09-07,2019,9,63,2,94.4,2306,-0.77,1.34,6.4,1,0
"Gausman, Kevin",2019-09-07,2019,9,63,1,94.1,2156,-0.81,1.27,6.3,0,0
"Gausman, Kevin",2019-09-07,2019,9,62,5,94.9,2167,-0.66,1.3,6.5,2,2
"Gausman, Kevin",2019-09-07,2019,9,62,1,94.8,2311,-0.77,1.34,6.4,0,0
"Gausman, Kevin",2019-09-07,2019,9,61,6,95.4,2420,-0.94,1.18,6.2,3,2
"Gausman, Kevin",2019-09-07,2019,9,61,5,95.6,2384,-0.64,1.41,6.2,3,1
"Gausman, Kevin",2019-09-07,2019,9,61,4,94.6,2353,-1.03,1.26,6.2,3,0
"Gausman, Kevin",2019-09-07,2019,9,61,3,94.5,2231,-0.58,1.45,6.2,2,0
"Gausman, Kevin",2019-09-07,2019,9,61,2,94.2,2254,-1.03,1.19,6.3,1,0
"Gausman, Kevin",2019-09-07,2019,9,61,1,94.9,2234,-0.57,1.38,6.1,0,0
"Alcantara, Sandy",2019-09-18,2019,6,52,1,94.5,2540,-1.08,1.01,5.7,0,0
"Cole, Gerrit",2019-09-18,2019,8,62,2,98.6,2568,-1.07,1.49,6.5,0,1
"Cole, Gerrit",2019-09-18,2019,8,61,5,97.6,2555,-0.96,1.6,6,3,1
"Cole, Gerrit",2019-09-18,2019,8,61,4,97.7,2509,-1.01,1.58,6.4,3,0
"Cole, Gerrit",2019-09-18,2019,8,61,3,97.7,2530,-0.95,1.46,6.2,2,0
"Cole, Gerrit",2019-09-18,2019,8,60,3,98.7,2640,-1.21,1.6,6.5,0,2
"Cole, Gerrit",2019-09-18,2019,8,60,2,97.9,2630,-0.88,1.53,6.3,0,1
"Alcantara, Sandy",2019-09-18,2019,5,44,2,95.2,2593,-1.13,1.15,5.9,0,1
"Cole, Gerrit",2019-09-18,2019,8,60,1,97.2,2625,-0.87,1.64,6.3,0,0
"Cole, Gerrit",2019-09-18,2019,7,52,5,99.1,2685,-1.33,1.44,6.2,2,2
"Cole, Gerrit",2019-09-18,2019,7,52,4,97.5,2513,-1.11,1.44,6.1,2,1
"Cole, Gerrit",2019-09-18,2019,7,52,3,97.1,2539,-1.06,1.46,6.5,1,1
"Cole, Gerrit",2019-09-18,2019,7,52,1,97.3,2500,-1.11,1.42,6.3,0,0
"Alcantara, Sandy",2019-09-18,2019,5,42,5,96.5,2644,-0.9,1.47,5.8,2,2
"Cole, Gerrit",2019-09-18,2019,7,51,1,97.5,2575,-1.17,1.45,6.3,0,0
"Alcantara, Sandy",2019-09-18,2019,5,42,4,96.3,2466,-0.86,1.27,5.6,2,1
"Alcantara, Sandy",2019-09-18,2019,5,42,3,95.3,2353,-0.82,1.27,5.8,1,1
"Alcantara, Sandy",2019-09-18,2019,5,42,2,95.3,2273,-0.99,1.03,6.3,1,0
"Cole, Gerrit",2019-09-18,2019,7,50,3,98.1,2478,-0.75,1.63,6.7,0,2
"Cole, Gerrit",2019-09-18,2019,7,49,2,97.4,2469,-1.16,1.42,6.2,0,1
"Cole, Gerrit",2019-09-18,2019,7,48,4,98.1,2581,-1,1.59,6.5,1,2
"Cole, Gerrit",2019-09-18,2019,7,48,3,98.1,2541,-0.97,1.68,6.1,1,1
"Cole, Gerrit",2019-09-18,2019,7,48,2,97.8,2585,-1.05,1.65,6.4,0,1
"Cole, Gerrit",2019-09-18,2019,7,48,1,96.3,2535,-1.04,1.66,6.2,0,0
"Cole, Gerrit",2019-09-18,2019,6,44,3,97.9,2646,-1.27,1.57,5.9,1,1
"Cole, Gerrit",2019-09-18,2019,6,44,2,97.2,2647,-1.16,1.55,6.2,0,1
"Cole, Gerrit",2019-09-18,2019,6,43,1,95.5,2558,-0.98,1.6,6.4,0,0
"Alcantara, Sandy",2019-09-18,2019,3,28,3,94.9,2520,-1.16,1.14,6,1,1
"Cole, Gerrit",2019-09-18,2019,5,36,3,97.8,2576,-1.21,1.44,6.1,0,2
"Cole, Gerrit",2019-09-18,2019,5,36,2,97.8,2542,-1.2,1.54,6.4,0,1
"Cole, Gerrit",2019-09-18,2019,5,36,1,97.2,2547,-0.95,1.66,6.3,0,0
"Cole, Gerrit",2019-09-18,2019,5,35,1,96.3,2588,-1.17,1.64,6.1,0,0
"Cole, Gerrit",2019-09-18,2019,4,29,4,96.9,2502,-1.11,1.47,6.4,2,1
"Cole, Gerrit",2019-09-18,2019,4,29,1,94.7,2448,-0.84,1.45,6.3,0,0
"Alcantara, Sandy",2019-09-18,2019,3,26,1,95.4,2475,-1.12,1.15,5.8,0,0
"Alcantara, Sandy",2019-09-18,2019,2,20,3,95.5,2537,-1.03,1.21,6.3,2,0
"Alcantara, Sandy",2019-09-18,2019,2,20,2,94.7,2468,-0.87,1.39,5.9,1,0
"Cole, Gerrit",2019-09-18,2019,4,27,2,96.2,2439,-0.94,1.54,6.4,0,1
"Cole, Gerrit",2019-09-18,2019,3,20,5,98.7,2464,-1.11,1.58,6.2,2,2
"Alcantara, Sandy",2019-09-18,2019,2,18,1,95,2419,-1.19,1.02,5.7,0,0
"Cole, Gerrit",2019-09-18,2019,3,19,2,95.4,2612,-1.13,1.69,6.3,1,0
"Alcantara, Sandy",2019-09-18,2019,2,17,3,97.3,2517,-0.96,1.2,5.8,0,2
"Alcantara, Sandy",2019-09-18,2019,2,17,2,95.8,2521,-0.76,1.47,5.9,0,1
"Cole, Gerrit",2019-09-18,2019,3,19,1,96.1,2552,-1.03,1.68,6.3,0,0
"Cole, Gerrit",2019-09-18,2019,3,18,2,95.9,2509,-1.11,1.51,5.9,0,1
"Alcantara, Sandy",2019-09-18,2019,2,17,1,96.6,2407,-1.09,1.16,5.7,0,0
"Cole, Gerrit",2019-09-18,2019,3,18,1,95.2,2555,-1.03,1.53,6.6,0,0
"Cole, Gerrit",2019-09-18,2019,2,11,5,98.6,2499,-1.17,1.31,6.3,2,2
"Cole, Gerrit",2019-09-18,2019,2,11,4,97.2,2310,-0.94,1.39,6.2,2,1
"Cole, Gerrit",2019-09-18,2019,2,11,2,97.1,2436,-0.83,1.49,6.3,0,1
"Cole, Gerrit",2019-09-18,2019,2,10,5,97.8,2424,-1.04,1.44,6.1,2,2
"Alcantara, Sandy",2019-09-18,2019,2,15,3,97.1,2353,-0.92,1.07,5.4,0,2
"Alcantara, Sandy",2019-09-18,2019,2,15,2,95.9,2401,-0.79,1.15,5.6,0,1
"Cole, Gerrit",2019-09-18,2019,2,10,3,96.3,2437,-1.01,1.5,6.2,2,0
"Cole, Gerrit",2019-09-18,2019,2,10,2,96.2,2317,-0.93,1.57,6,1,0
"Alcantara, Sandy",2019-09-18,2019,2,14,4,95.8,2389,-0.96,1.24,5.4,3,0
"Cole, Gerrit",2019-09-18,2019,2,10,1,96.2,2440,-1.04,1.42,6.1,0,0
"Alcantara, Sandy",2019-09-18,2019,2,14,1,93.6,2360,-1.07,1.16,5.6,0,0
"Cole, Gerrit",2019-09-18,2019,2,9,2,96.8,2545,-0.94,1.67,6.3,0,1
"Cole, Gerrit",2019-09-18,2019,1,4,4,97,2632,-1.12,1.61,6.1,1,2
"Cole, Gerrit",2019-09-18,2019,1,4,2,95.8,2560,-1.06,1.56,6.2,0,1
"Alcantara, Sandy",2019-09-18,2019,1,6,3,96.6,2504,-0.79,1.37,5.6,1,1
"Cole, Gerrit",2019-09-18,2019,1,4,1,97.7,2571,-1.09,1.59,6,0,0
"Cole, Gerrit",2019-09-18,2019,1,3,2,96,2566,-1.23,1.52,6.5,0,1
"Alcantara, Sandy",2019-09-18,2019,1,4,4,96.9,2415,-0.79,1.23,6.1,1,2
"Alcantara, Sandy",2019-09-18,2019,1,4,2,94.9,2462,-0.87,1.17,5.7,0,1
"Cole, Gerrit",2019-09-18,2019,1,1,1,95.1,2476,-1.21,1.54,6.2,0,0
"Alcantara, Sandy",2019-09-18,2019,1,4,1,93.8,2405,-0.79,1.21,5.6,0,0
"Webb, Logan",2019-09-17,2019,6,50,6,92.4,2199,-0.59,1.05,6.4,1,2
"Webb, Logan",2019-09-17,2019,6,50,4,92.7,2219,-0.54,1.21,6.4,1,2
"Webb, Logan",2019-09-17,2019,6,50,3,91.9,2171,-0.5,1.19,6.4,1,1
"Webb, Logan",2019-09-17,2019,6,50,2,91,2380,-0.73,1.27,6.5,1,0
"Webb, Logan",2019-09-17,2019,6,50,1,91,2319,-0.78,1.21,6.3,0,0
"Webb, Logan",2019-09-17,2019,5,46,4,93.1,2119,-0.58,0.91,6.5,1,2
"Webb, Logan",2019-09-17,2019,5,46,1,92.2,2274,-0.72,1.26,6.7,0,0
"Webb, Logan",2019-09-17,2019,5,45,5,93.3,2240,-0.72,1.17,6.7,3,1
"Webb, Logan",2019-09-17,2019,5,45,4,92.9,2087,-0.66,1.28,6.5,2,1
"Webb, Logan",2019-09-17,2019,5,45,3,92.6,2329,-0.52,1.3,6.5,2,0
"Webb, Logan",2019-09-17,2019,5,44,3,91.5,1987,-0.66,0.91,6.2,1,1
"Webb, Logan",2019-09-17,2019,5,42,5,92.5,2332,-0.7,1.19,6.7,3,1
"Webb, Logan",2019-09-17,2019,5,42,3,91.8,2370,-0.68,1.25,6.4,1,1
"Webb, Logan",2019-09-17,2019,5,42,2,92.8,2393,-0.59,1.24,6.5,1,0
"Webb, Logan",2019-09-17,2019,5,42,1,92,2357,-0.77,1.41,6.4,0,0
"Webb, Logan",2019-09-17,2019,4,37,4,93.6,2082,-0.74,0.73,6.5,1,2
"Webb, Logan",2019-09-17,2019,4,37,3,93.3,2119,-0.49,1,6.6,1,1
"Webb, Logan",2019-09-17,2019,4,36,3,92.7,2306,-0.57,1.2,6.7,1,1
"Webb, Logan",2019-09-17,2019,4,36,2,91.8,2447,-0.63,1.36,6.4,1,0
"Webb, Logan",2019-09-17,2019,4,36,1,92.5,2425,-0.84,1.39,6.3,0,0
"Webb, Logan",2019-09-17,2019,3,29,4,93,2311,-0.56,1.25,6.5,1,2
"Webb, Logan",2019-09-17,2019,3,28,6,92.9,2191,-0.53,1.17,6.5,3,2
"Webb, Logan",2019-09-17,2019,3,28,4,93.5,2249,-0.57,0.92,6.6,1,2
"Webb, Logan",2019-09-17,2019,3,28,3,92.7,2125,-0.59,1.04,6.5,1,1
"Webb, Logan",2019-09-17,2019,3,27,3,93.1,2141,-0.4,1.01,6.3,1,1
"Webb, Logan",2019-09-17,2019,3,27,2,92.4,2211,-0.36,1.08,6.2,1,0
"Webb, Logan",2019-09-17,2019,3,27,1,91.5,2179,-0.49,1.18,6.2,0,0
"Webb, Logan",2019-09-17,2019,2,19,2,93.8,2137,-0.81,1,6.1,0,1
"Webb, Logan",2019-09-17,2019,2,19,1,93.4,2060,-0.7,1.04,7.1,0,0
"Webb, Logan",2019-09-17,2019,2,18,2,93.1,2101,-0.65,1.19,6.7,0,1
"Webb, Logan",2019-09-17,2019,2,18,1,93.2,2197,-0.71,1.15,6.8,0,0
"Webb, Logan",2019-09-17,2019,2,17,2,91.8,2135,-0.58,1.14,6.9,0,1
"Webb, Logan",2019-09-17,2019,2,16,6,93.9,2249,-0.86,1.03,6.8,3,2
"Webb, Logan",2019-09-17,2019,2,16,5,93.2,2166,-0.76,1.23,6.5,3,1
"Webb, Logan",2019-09-17,2019,2,16,3,94,2221,-0.76,1.15,6.8,1,1
"Webb, Logan",2019-09-17,2019,2,15,4,93.6,2106,-0.45,1.25,6.4,2,1
"Webb, Logan",2019-09-17,2019,2,14,6,94.5,2068,-0.88,0.9,6.3,3,2
"Webb, Logan",2019-09-17,2019,2,14,5,93.3,2249,-0.67,0.91,6.9,3,1
"Webb, Logan",2019-09-17,2019,2,14,3,92.8,2146,-0.42,0.94,7,1,1
"Webb, Logan",2019-09-17,2019,2,14,2,93.2,2237,-0.51,0.99,7,1,0
"Webb, Logan",2019-09-17,2019,2,13,6,94.4,2092,-0.46,1.04,6.5,2,2
"Webb, Logan",2019-09-17,2019,2,13,3,94.6,2311,-0.6,1.22,6.3,0,2
"Webb, Logan",2019-09-17,2019,2,13,2,93.6,2213,-0.46,1.18,6.5,0,1
"Webb, Logan",2019-09-17,2019,2,13,1,93.3,2409,-0.79,1.12,6.4,0,0
"Webb, Logan",2019-09-17,2019,1,7,5,94.9,2366,-0.59,1.24,6.5,2,2
"Webb, Logan",2019-09-17,2019,1,7,2,93.3,2353,-0.77,1.17,6.8,0,1
"Webb, Logan",2019-09-17,2019,1,6,4,95.1,2303,-0.75,0.97,6.4,2,1
"Webb, Logan",2019-09-17,2019,1,6,2,94.8,2307,-0.81,1.06,6.3,1,0
"Webb, Logan",2019-09-17,2019,1,6,1,95,2134,-0.78,1.13,6.6,0,0
"Webb, Logan",2019-09-17,2019,1,5,4,94.4,2362,-0.85,1.18,6.3,2,1
"Webb, Logan",2019-09-17,2019,1,5,3,94.5,2184,-0.77,1.03,6.4,1,1
"Webb, Logan",2019-09-17,2019,1,5,2,94.3,2286,-1.03,1.05,6.3,1,0
"Webb, Logan",2019-09-17,2019,1,5,1,93.2,2293,-0.8,1.19,6.2,0,0
"Gausman, Kevin",2019-09-16,2019,2,17,2,92,2200,-0.99,1.23,6.1,0,1
"Gausman, Kevin",2019-09-16,2019,2,17,1,90.8,2058,-0.8,1.36,6.1,0,0
"Gausman, Kevin",2019-09-16,2019,2,16,1,92.9,2183,-0.78,1.35,6.2,0,0
"Gausman, Kevin",2019-09-16,2019,2,15,3,93.3,2230,-1.03,1.4,6.1,1,1
"Gausman, Kevin",2019-09-16,2019,2,15,2,90.2,2048,-0.67,1.33,6.2,1,0
"Gausman, Kevin",2019-09-16,2019,2,15,1,90.7,2044,-0.72,1.49,6.1,0,0
"Gausman, Kevin",2019-09-16,2019,1,11,6,94.5,2252,-1.04,1.36,6.1,2,2
"Gausman, Kevin",2019-09-16,2019,1,10,4,93.8,2276,-1.1,1.22,6,2,1
"Gausman, Kevin",2019-09-16,2019,1,10,3,93.8,2234,-0.95,1.3,6.2,1,1
"Gausman, Kevin",2019-09-16,2019,1,10,2,92,2216,-1.12,1.3,6.3,0,1
"Gausman, Kevin",2019-09-16,2019,1,10,1,94.1,2232,-1.15,1.22,6.2,0,0
"Gausman, Kevin",2019-09-16,2019,1,9,5,95,2351,-1.07,1.39,6.3,2,2
"Gausman, Kevin",2019-09-16,2019,1,9,3,94.5,2438,-1.03,1.33,6.4,1,1
"Gausman, Kevin",2019-09-16,2019,1,9,2,94,2397,-1.15,1.55,6.1,0,1
"Gausman, Kevin",2019-09-16,2019,1,9,1,93.8,2361,-0.82,1.24,6.7,0,0
"Gausman, Kevin",2019-09-16,2019,1,8,2,92.1,2230,-0.95,1.44,6.5,1,0
"Gausman, Kevin",2019-09-16,2019,1,8,1,92,2171,-0.75,1.32,6.5,0,0
"Gausman, Kevin",2019-09-16,2019,1,7,2,92.8,2306,-0.69,1.54,5.9,0,1
"Gausman, Kevin",2019-09-16,2019,1,7,1,92.4,2207,-0.74,1.59,6.1,0,0
"Gausman, Kevin",2019-09-16,2019,1,6,4,90.5,2253,-0.93,1.43,6,2,1
"Gausman, Kevin",2019-09-16,2019,1,6,3,90.5,2184,-0.87,1.37,6,1,1
"Gausman, Kevin",2019-09-16,2019,1,6,2,91,2139,-0.77,1.37,6.2,0,1
"Gausman, Kevin",2019-09-16,2019,1,6,1,89.4,2128,-0.85,1.49,5.9,0,0
"Wheeler, Zack",2019-09-15,2019,7,48,4,94.9,2176,-0.9,1.1,7.1,2,1
"Wheeler, Zack",2019-09-15,2019,7,47,5,96,2270,-0.92,1.24,6.9,1,2
"Wheeler, Zack",2019-09-15,2019,7,47,4,95,2227,-0.83,1.17,7.3,1,2
"Wheeler, Zack",2019-09-15,2019,7,47,3,97.3,2330,-0.88,1.23,6.9,1,1
"Wheeler, Zack",2019-09-15,2019,7,47,1,96.5,2186,-0.81,1.29,6.9,0,0
"Wheeler, Zack",2019-09-15,2019,7,46,3,95.4,2333,-0.79,1.31,6.7,1,1
"Wheeler, Zack",2019-09-15,2019,7,45,1,96,2296,-0.92,1.22,6.7,0,0
"Wheeler, Zack",2019-09-15,2019,6,40,4,96.9,2323,-0.91,1.21,7.1,1,2
"Wheeler, Zack",2019-09-15,2019,6,40,2,97,2315,-0.84,1.23,7.2,0,1
"Wheeler, Zack",2019-09-15,2019,6,38,2,96.5,2299,-0.93,1.27,7.3,1,0
"Wheeler, Zack",2019-09-15,2019,6,37,2,95.8,2332,-0.86,1.19,6.8,0,1
"Wheeler, Zack",2019-09-15,2019,5,32,3,97.1,2396,-0.9,1.26,7.1,1,1
"Wheeler, Zack",2019-09-15,2019,4,27,3,98,2297,-0.96,1.22,6.6,0,2
"Wheeler, Zack",2019-09-15,2019,4,27,1,97.7,2164,-0.81,1.19,6.9,0,0
"Wheeler, Zack",2019-09-15,2019,3,19,2,96.7,2307,-0.67,1.18,7.1,0,1
"Wheeler, Zack",2019-09-15,2019,3,18,2,96,2227,-0.82,1.21,7,0,1
"Wheeler, Zack",2019-09-15,2019,3,16,3,95.8,2140,-1.07,1.33,7,2,0
"Wheeler, Zack",2019-09-15,2019,3,16,1,96.9,2267,-0.71,1.28,7,0,0
"Wheeler, Zack",2019-09-15,2019,2,7,5,97.8,2324,-0.72,1.25,6.6,2,2
"Wheeler, Zack",2019-09-15,2019,2,7,2,97.6,2389,-0.87,1.15,6.9,0,1
"Wheeler, Zack",2019-09-15,2019,1,3,3,98.2,2385,-0.76,1.26,6.8,1,1
"Wheeler, Zack",2019-09-15,2019,1,3,1,98.5,2393,-0.9,1.03,6.9,0,0
"Wheeler, Zack",2019-09-15,2019,1,2,1,98.1,2243,-1.04,1.15,7.3,0,0
"Wheeler, Zack",2019-09-15,2019,1,1,2,97.8,2414,-0.83,1.28,7.1,0,1
"Cole, Gerrit",2019-09-13,2019,8,60,6,98.8,2515,-0.8,1.71,6.2,2,2
"Cole, Gerrit",2019-09-13,2019,8,60,3,98.9,2594,-0.87,1.65,6.2,1,1
"Cole, Gerrit",2019-09-13,2019,8,59,2,97.7,2592,-0.79,1.56,6.5,0,1
"Alcantara, Sandy",2019-09-13,2019,7,52,3,97.7,2382,-0.83,1.38,5.5,1,1
"Cole, Gerrit",2019-09-13,2019,8,59,1,97.3,2601,-0.99,1.41,6.1,0,0
"Cole, Gerrit",2019-09-13,2019,7,52,2,98.5,2587,-0.93,1.74,6.3,0,1
"Cole, Gerrit",2019-09-13,2019,7,52,1,98.8,2606,-1.25,1.54,6.6,0,0
"Alcantara, Sandy",2019-09-13,2019,7,50,4,96.8,2477,-1.02,1.25,5.6,1,2
"Cole, Gerrit",2019-09-13,2019,7,50,5,99.8,2595,-1.24,1.25,6.2,2,2
"Cole, Gerrit",2019-09-13,2019,7,50,4,99.4,2580,-1.04,1.58,6,1,2
"Cole, Gerrit",2019-09-13,2019,7,50,3,97.8,2578,-0.9,1.65,6.2,1,1
"Cole, Gerrit",2019-09-13,2019,7,50,2,98,2541,-1.06,1.47,6.4,1,0
"Cole, Gerrit",2019-09-13,2019,7,49,4,98,2569,-1.1,1.39,6.7,1,2
"Alcantara, Sandy",2019-09-13,2019,6,41,3,95.5,2404,-1.12,1.34,5.6,2,0
"Cole, Gerrit",2019-09-13,2019,6,44,2,97.2,2553,-1.13,1.23,6.4,0,1
"Alcantara, Sandy",2019-09-13,2019,6,41,2,96.1,2483,-0.99,1.36,5.5,1,0
"Cole, Gerrit",2019-09-13,2019,6,43,4,97.8,2595,-1.08,1.36,6,1,2
"Alcantara, Sandy",2019-09-13,2019,5,36,1,95.9,2485,-1.11,1.12,5.6,0,0
"Cole, Gerrit",2019-09-13,2019,6,42,3,97.6,2517,-1.05,1.28,6.1,1,1
"Cole, Gerrit",2019-09-13,2019,6,42,2,97.3,2518,-0.98,1.64,6.1,0,1
"Alcantara, Sandy",2019-09-13,2019,5,35,3,97.8,2519,-1.1,1.39,5.7,0,2
"Cole, Gerrit",2019-09-13,2019,6,42,1,96.3,2512,-0.92,1.46,6.5,0,0
"Alcantara, Sandy",2019-09-13,2019,5,35,2,97,2542,-1.25,1.31,5.7,0,1
"Cole, Gerrit",2019-09-13,2019,5,38,6,98.5,2642,-0.82,1.55,6.2,3,2
"Cole, Gerrit",2019-09-13,2019,5,38,5,98.8,2636,-0.84,1.61,6.2,3,1
"Cole, Gerrit",2019-09-13,2019,5,38,3,97.6,2493,-1.19,1.59,6,2,0
"Cole, Gerrit",2019-09-13,2019,5,38,2,97,2479,-0.96,1.62,6.4,1,0
"Alcantara, Sandy",2019-09-13,2019,4,29,4,96.7,2455,-1.22,1.35,5.5,1,2
"Alcantara, Sandy",2019-09-13,2019,4,29,3,95.4,2335,-1.26,1.23,5.4,1,1
"Cole, Gerrit",2019-09-13,2019,5,36,1,97.4,2464,-1.02,1.35,6.5,0,0
"Alcantara, Sandy",2019-09-13,2019,4,29,2,97.1,2437,-1.19,1.39,5.5,0,1
"Cole, Gerrit",2019-09-13,2019,5,35,6,99.8,2507,-0.9,1.48,6.3,3,2
"Cole, Gerrit",2019-09-13,2019,5,35,5,97.6,2497,-0.99,1.68,6.2,3,1
"Cole, Gerrit",2019-09-13,2019,5,35,4,97,2437,-0.66,1.57,6.2,2,1
"Cole, Gerrit",2019-09-13,2019,5,35,3,98.6,2474,-0.93,1.66,6,1,1
"Cole, Gerrit",2019-09-13,2019,4,31,2,97.8,2366,-0.82,1.58,6.4,0,1
"Cole, Gerrit",2019-09-13,2019,4,31,1,97.4,2566,-1.04,1.26,6.5,0,0
"Alcantara, Sandy",2019-09-13,2019,3,22,2,96.2,2586,-1.21,1.28,5.8,1,0
"Cole, Gerrit",2019-09-13,2019,4,30,6,99.4,2585,-0.87,1.52,6.4,3,2
"Cole, Gerrit",2019-09-13,2019,4,30,5,98,2531,-0.82,1.54,6.2,3,1
"Cole, Gerrit",2019-09-13,2019,4,30,4,98.2,2614,-0.89,1.37,6.2,2,1
"Alcantara, Sandy",2019-09-13,2019,3,20,2,97.5,2607,-1.38,1.44,5.9,0,1
"Cole, Gerrit",2019-09-13,2019,4,29,3,96.8,2490,-0.79,1.23,6.6,1,1
"Alcantara, Sandy",2019-09-13,2019,3,19,5,96.8,2655,-1.33,1.39,5.6,2,2
"Alcantara, Sandy",2019-09-13,2019,3,19,4,96.7,2503,-1.14,1.4,5.7,2,1
"Alcantara, Sandy",2019-09-13,2019,3,19,2,96.7,2402,-1.18,1.53,5.9,0,1
"Alcantara, Sandy",2019-09-13,2019,3,19,1,95.1,2380,-1.22,1.36,5.7,0,0
"Cole, Gerrit",2019-09-13,2019,3,24,3,98.6,2589,-1.03,1.44,6.5,0,2
"Cole, Gerrit",2019-09-13,2019,3,24,2,97.9,2557,-1.22,1.46,6.1,0,1
"Cole, Gerrit",2019-09-13,2019,3,23,3,97.7,2532,-0.87,1.29,6.5,2,0
"Cole, Gerrit",2019-09-13,2019,3,23,1,97.3,2510,-0.83,1.43,6.2,0,0
"Cole, Gerrit",2019-09-13,2019,3,22,1,96.4,2476,-0.9,1.28,6.4,0,0
"Cole, Gerrit",2019-09-13,2019,2,17,5,96.7,2531,-1.17,1.39,6.2,2,2
"Cole, Gerrit",2019-09-13,2019,2,17,4,96.8,2493,-1,1.54,6.1,1,2
"Cole, Gerrit",2019-09-13,2019,2,17,2,96,2517,-1.09,1.3,6.1,0,1
"Cole, Gerrit",2019-09-13,2019,2,17,1,96.9,2598,-0.86,1.65,6.2,0,0
"Alcantara, Sandy",2019-09-13,2019,2,10,3,94.9,2492,-1.2,1.38,5.3,1,1
"Cole, Gerrit",2019-09-13,2019,2,16,1,95.5,2542,-0.92,1.56,6.1,0,0
"Cole, Gerrit",2019-09-13,2019,2,15,2,96.3,2545,-0.91,1.46,6.3,0,1
"Cole, Gerrit",2019-09-13,2019,2,15,1,96,2501,-0.72,1.48,6.3,0,0
"Cole, Gerrit",2019-09-13,2019,1,9,3,98.3,2469,-0.91,1.44,6.3,1,1
"Cole, Gerrit",2019-09-13,2019,1,8,4,97.9,2587,-0.81,1.52,6.6,1,2
"Cole, Gerrit",2019-09-13,2019,1,8,3,98.4,2501,-1.11,1.15,6.1,0,2
"Cole, Gerrit",2019-09-13,2019,1,7,3,95.5,2418,-0.75,1.43,6,1,1
"Alcantara, Sandy",2019-09-13,2019,1,5,1,95,2562,-1.06,1.27,5.6,0,0
"Cole, Gerrit",2019-09-13,2019,1,7,1,95,2472,-0.97,1.24,6.6,0,0
"Alcantara, Sandy",2019-09-13,2019,1,4,4,95.2,2448,-1.04,1.34,5.5,2,1
"Cole, Gerrit",2019-09-13,2019,1,6,2,94.9,2428,-1,1.71,6.4,1,0
"Cole, Gerrit",2019-09-13,2019,1,6,1,94.8,2493,-1.12,1.7,6.1,0,0
"Cole, Gerrit",2019-09-24,2019,7,52,3,97.3,2643,-1.17,1.6,6.2,0,2
"Cole, Gerrit",2019-09-24,2019,7,52,2,97.9,2647,-1.02,1.65,6.3,0,1
"Cole, Gerrit",2019-09-24,2019,7,52,1,96.5,2586,-1.1,1.48,6.4,0,0
"Cole, Gerrit",2019-09-24,2019,7,51,6,97.8,2616,-1.04,1.67,6.2,2,2
"Cole, Gerrit",2019-09-24,2019,7,51,5,97.6,2612,-1.03,1.47,6.2,1,2
"Alcantara, Sandy",2019-09-24,2019,7,61,5,97.2,2596,-0.84,1.66,6.3,2,2
"Cole, Gerrit",2019-09-24,2019,7,50,3,98.1,2534,-1.05,1.36,6.3,1,1
"Cole, Gerrit",2019-09-24,2019,7,50,2,97.9,2558,-1.06,1.64,6.1,1,0
"Cole, Gerrit",2019-09-24,2019,6,43,4,98.5,2574,-1.16,1.43,6.3,1,2
"Cole, Gerrit",2019-09-24,2019,6,43,3,96.6,2577,-1.31,1.31,6.3,0,2
"Cole, Gerrit",2019-09-24,2019,6,43,2,98.2,2614,-0.97,1.54,6.2,0,1
"Cole, Gerrit",2019-09-24,2019,6,42,5,97.9,2568,-1.08,1.57,6,2,2
"Cole, Gerrit",2019-09-24,2019,6,42,3,97.9,2666,-1.02,1.59,6,1,1
"Cole, Gerrit",2019-09-24,2019,6,41,1,96.3,2601,-1.18,1.81,6.2,0,0
"Cole, Gerrit",2019-09-24,2019,5,37,4,98.5,2534,-1.32,1.41,6.1,1,2
"Cole, Gerrit",2019-09-24,2019,5,37,2,97.1,2578,-1.15,1.59,6.2,1,0
"Cole, Gerrit",2019-09-24,2019,5,37,1,96.5,2594,-1.27,1.5,6.4,0,0
"Cole, Gerrit",2019-09-24,2019,5,36,1,97.3,2612,-1.13,1.66,6.4,0,0
"Cole, Gerrit",2019-09-24,2019,5,35,5,97.5,2607,-1.21,1.57,6.2,3,1
"Cole, Gerrit",2019-09-24,2019,5,35,4,97.8,2566,-1.08,1.68,6,3,0
"Alcantara, Sandy",2019-09-24,2019,6,50,2,96.9,2646,-1.12,1.48,6,0,1
"Cole, Gerrit",2019-09-24,2019,5,35,3,96.5,2562,-1.04,1.84,6.4,2,0
"Cole, Gerrit",2019-09-24,2019,4,31,5,98.6,2597,-1.07,1.47,6.2,2,2
"Cole, Gerrit",2019-09-24,2019,4,31,4,97.6,2581,-1.12,1.5,6.3,1,2
"Cole, Gerrit",2019-09-24,2019,4,31,3,97.7,2511,-0.96,1.66,6.2,1,1
"Alcantara, Sandy",2019-09-24,2019,5,43,4,97.3,2455,-0.9,1.17,6.1,1,2
"Cole, Gerrit",2019-09-24,2019,4,30,3,98.8,2598,-1.22,1.4,6.4,1,1
"Cole, Gerrit",2019-09-24,2019,4,30,2,98.6,2582,-1.15,1.55,6.5,0,1
"Cole, Gerrit",2019-09-24,2019,4,29,4,97.7,2510,-0.84,1.77,6.2,2,1
"Cole, Gerrit",2019-09-24,2019,4,29,3,98,2547,-0.81,1.78,6,1,1
"Cole, Gerrit",2019-09-24,2019,4,28,5,97.8,2537,-0.94,1.54,6.1,2,2
"Cole, Gerrit",2019-09-24,2019,4,28,4,97.2,2597,-1.25,1.47,6.2,2,1
"Cole, Gerrit",2019-09-24,2019,4,28,1,97.3,2633,-1.07,1.71,6.2,0,0
"Cole, Gerrit",2019-09-24,2019,3,22,1,97.1,2708,-1.18,1.61,6,0,0
"Cole, Gerrit",2019-09-24,2019,3,21,3,97.7,2591,-1.04,1.73,6.3,0,2
"Cole, Gerrit",2019-09-24,2019,3,20,3,96.3,2442,-1.08,1.32,6,2,0
"Cole, Gerrit",2019-09-24,2019,3,19,5,98.4,2465,-0.92,1.54,6.1,2,2
"Cole, Gerrit",2019-09-24,2019,3,19,4,98.3,2492,-0.88,1.37,6,1,2
"Cole, Gerrit",2019-09-24,2019,2,13,6,99.2,2605,-1.14,1.56,6.2,3,2
"Cole, Gerrit",2019-09-24,2019,2,13,3,97.5,2472,-1.09,1.46,6.1,1,1
"Cole, Gerrit",2019-09-24,2019,2,13,2,97.3,2508,-0.91,1.65,6,1,0
"Cole, Gerrit",2019-09-24,2019,2,12,5,98.3,2581,-1.12,1.45,6.1,1,2
"Cole, Gerrit",2019-09-24,2019,2,12,4,97.2,2501,-0.97,1.54,6,0,2
"Cole, Gerrit",2019-09-24,2019,2,12,2,97.8,2409,-1.29,1.33,6.4,0,1
"Cole, Gerrit",2019-09-24,2019,2,11,4,98,2569,-1.36,1.65,6,1,2
"Cole, Gerrit",2019-09-24,2019,2,11,1,96.1,2582,-1.21,1.58,6.3,0,0
"Cole, Gerrit",2019-09-24,2019,1,7,2,97.5,2669,-1.07,1.66,6.4,1,0
"Alcantara, Sandy",2019-09-24,2019,1,7,5,96.9,2381,-0.74,1.47,5.5,0,2
"Alcantara, Sandy",2019-09-24,2019,1,7,4,95.8,2345,-0.78,1.42,6,0,2
"Gausman, Kevin",2019-09-24,2019,9,68,2,97,2362,-0.84,1.38,6.2,0,1
"Alcantara, Sandy",2019-09-24,2019,1,7,3,96.5,2428,-0.64,1.45,5.5,0,2
"Gausman, Kevin",2019-09-24,2019,9,68,1,96.7,2363,-1,1.26,6.2,0,0
"Gausman, Kevin",2019-09-24,2019,9,67,3,96.4,2142,-0.63,1.29,6.3,0,2
"Cole, Gerrit",2019-09-24,2019,1,6,3,96.8,2519,-1.12,1.53,6.1,0,2
"Alcantara, Sandy",2019-09-24,2019,1,6,3,95.1,2433,-0.75,1.39,5.5,0,2
"Cole, Gerrit",2019-09-24,2019,1,6,1,95.3,2470,-1.07,1.49,6.2,0,0
"Gausman, Kevin",2019-09-24,2019,9,66,2,94.9,2275,-0.77,1.41,6.1,1,0
"Cole, Gerrit",2019-09-24,2019,1,5,1,95,2539,-0.94,1.62,6.4,0,0
"Gausman, Kevin",2019-09-24,2019,9,66,1,95,2239,-0.78,1.46,6.2,0,0
"Alcantara, Sandy",2019-09-24,2019,1,6,1,93.9,2386,-0.93,1.42,5.6,0,0
"Webb, Logan",2019-09-22,2019,6,49,4,92.9,2067,-0.47,1.06,6.2,0,2
"Webb, Logan",2019-09-22,2019,6,49,3,93.5,2177,-0.46,1.12,6.5,0,2
"Webb, Logan",2019-09-22,2019,6,48,8,93,2157,-0.87,0.9,6.5,3,2
"Webb, Logan",2019-09-22,2019,6,48,7,95,2263,-0.63,1.16,6.5,3,2
"Webb, Logan",2019-09-22,2019,6,48,4,94.3,2261,-0.83,1.15,6.3,2,1
"Webb, Logan",2019-09-22,2019,6,48,2,93.8,2069,-0.61,0.93,6.4,1,0
"Webb, Logan",2019-09-22,2019,6,48,1,93.6,2214,-0.62,1.09,6.5,0,0
"Webb, Logan",2019-09-22,2019,6,47,1,92.2,1936,-0.92,0.76,6.3,0,0
"Webb, Logan",2019-09-22,2019,6,46,6,93.7,2204,-0.58,1.15,6.6,3,2
"Webb, Logan",2019-09-22,2019,6,46,4,92.4,2193,-0.77,1.22,6.6,3,0
"Webb, Logan",2019-09-22,2019,6,46,3,93.5,2275,-0.71,1.19,6.3,2,0
"Webb, Logan",2019-09-22,2019,6,46,2,93.1,2244,-0.5,0.99,6.1,1,0
"Webb, Logan",2019-09-22,2019,5,37,2,93.2,2184,-0.75,0.97,6.2,0,1
"Webb, Logan",2019-09-22,2019,5,36,5,94.1,2277,-0.68,1.33,6.3,2,2
"Webb, Logan",2019-09-22,2019,5,36,4,93.9,2281,-0.57,1.18,6.2,2,1
"Webb, Logan",2019-09-22,2019,5,36,3,93.4,2165,-0.64,1.14,6.6,2,0
"Webb, Logan",2019-09-22,2019,5,35,6,93,2195,-0.76,1.03,6.5,3,2
"Webb, Logan",2019-09-22,2019,5,35,5,92.9,2153,-0.65,1.13,6.6,3,1
"Webb, Logan",2019-09-22,2019,5,35,4,92.5,2202,-0.57,1.26,6.7,2,1
"Webb, Logan",2019-09-22,2019,5,34,2,93.3,2126,-0.65,1.04,6.3,0,1
"Webb, Logan",2019-09-22,2019,4,28,3,93.7,2205,-0.63,0.99,6.1,0,2
"Webb, Logan",2019-09-22,2019,3,21,1,90.4,1988,-0.57,1.12,6,0,0
"Webb, Logan",2019-09-22,2019,3,20,2,93.6,2161,-0.73,1.21,6,1,0
"Webb, Logan",2019-09-22,2019,3,20,1,93.3,2211,-0.6,1.24,6.2,0,0
"Webb, Logan",2019-09-22,2019,3,19,1,93.1,2181,-0.78,1.15,6,0,0
"Webb, Logan",2019-09-22,2019,2,13,4,93.7,2068,-0.76,1.07,6.2,2,1
"Webb, Logan",2019-09-22,2019,2,13,2,94,2232,-0.64,1.18,6.3,0,1
"Webb, Logan",2019-09-22,2019,1,6,6,93.7,1982,-1.3,1.01,6.3,2,2
"Webb, Logan",2019-09-22,2019,1,6,3,93.7,2230,-0.8,1.23,6.2,2,0
"Webb, Logan",2019-09-22,2019,1,6,1,94,2308,-0.75,1.37,6,0,0
"Webb, Logan",2019-09-22,2019,1,5,1,93.6,2409,-0.78,1.46,6.1,0,0
"Wheeler, Zack",2019-09-21,2019,7,58,1,97.3,2210,-0.74,1.11,6.9,0,0
"Wheeler, Zack",2019-09-21,2019,7,57,3,97.7,2246,-0.61,1.05,6.9,0,2
"Wheeler, Zack",2019-09-21,2019,7,56,5,97.5,2409,-0.71,1.12,7.4,2,2
"Wheeler, Zack",2019-09-21,2019,6,51,3,97.4,2510,-0.41,1.14,7.1,0,2
"Wheeler, Zack",2019-09-21,2019,6,50,1,97.1,2337,-0.64,1.31,6.8,0,0
"Wheeler, Zack",2019-09-21,2019,5,45,3,98.2,2340,-0.93,1.19,7,1,1
"Wheeler, Zack",2019-09-21,2019,5,44,7,97.8,2254,-0.92,1.22,7,3,2
"Wheeler, Zack",2019-09-21,2019,5,44,5,96.8,2309,-0.57,1.34,6.9,2,2
"Wheeler, Zack",2019-09-21,2019,5,44,4,96.9,2280,-0.68,1.2,6.9,2,1
"Wheeler, Zack",2019-09-21,2019,5,44,2,97.1,2419,-0.76,1.21,7,1,0
"Wheeler, Zack",2019-09-21,2019,5,43,4,97.8,2455,-0.78,1.43,6.9,0,2
"Wheeler, Zack",2019-09-21,2019,5,43,3,97.1,2291,-0.76,1.09,7,0,2
"Wheeler, Zack",2019-09-21,2019,4,32,2,96.8,2438,-0.84,1.22,7,0,1
"Wheeler, Zack",2019-09-21,2019,4,32,1,96.8,2284,-0.72,1.17,6.9,0,0
"Wheeler, Zack",2019-09-21,2019,4,31,6,98,2309,-0.48,1.19,6.9,1,2
"Wheeler, Zack",2019-09-21,2019,3,27,4,98.9,2341,-0.86,1.11,6.9,1,2
"Wheeler, Zack",2019-09-21,2019,3,27,3,97,2393,-0.82,1.23,6.7,1,1
"Wheeler, Zack",2019-09-21,2019,3,27,1,97.4,2345,-0.68,1.21,6.8,0,0
"Wheeler, Zack",2019-09-21,2019,3,26,1,98,2414,-0.81,1.29,7.4,0,0
"Wheeler, Zack",2019-09-21,2019,3,25,5,98.2,2407,-0.95,1.16,6.9,2,2
"Wheeler, Zack",2019-09-21,2019,3,25,4,97.6,2501,-0.59,1.14,6.9,1,2
"Wheeler, Zack",2019-09-21,2019,3,25,3,98.2,2471,-0.67,1.29,7.1,0,2
"Wheeler, Zack",2019-09-21,2019,3,25,2,97.5,2439,-0.84,1.22,7.1,0,1
"Wheeler, Zack",2019-09-21,2019,2,18,8,97.4,2356,-0.89,1.21,6.9,3,2
"Wheeler, Zack",2019-09-21,2019,2,18,7,98,2432,-0.77,1.13,7.1,2,2
"Wheeler, Zack",2019-09-21,2019,2,18,6,97.3,2291,-0.66,1.17,7,2,2
"Wheeler, Zack",2019-09-21,2019,2,18,5,97.8,2347,-0.83,1.07,6.9,2,2
"Wheeler, Zack",2019-09-21,2019,2,18,2,96.7,2323,-0.94,1.38,6.8,1,0
"Wheeler, Zack",2019-09-21,2019,2,16,2,97.5,2311,-0.84,1.04,6.9,0,1
"Wheeler, Zack",2019-09-21,2019,2,16,1,98.1,2348,-0.86,1.11,6.9,0,0
"Wheeler, Zack",2019-09-21,2019,2,15,4,96.7,2374,-0.86,1.1,7,1,2
"Wheeler, Zack",2019-09-21,2019,2,15,2,97.5,2379,-0.84,1.15,6.8,0,1
"Wheeler, Zack",2019-09-21,2019,2,15,1,96.2,2338,-0.8,1.08,6.8,0,0
"Wheeler, Zack",2019-09-21,2019,1,11,5,97.7,2368,-0.7,1.28,7,2,2
"Wheeler, Zack",2019-09-21,2019,1,11,4,97.3,2351,-0.76,1.26,7.1,2,1
"Wheeler, Zack",2019-09-21,2019,1,11,3,97,2411,-0.91,1.25,7.2,2,0
"Wheeler, Zack",2019-09-21,2019,1,11,2,96,2393,-0.75,1.15,7,1,0
"Wheeler, Zack",2019-09-21,2019,1,10,1,96.8,2400,-0.6,1.26,6.8,0,0
"Wheeler, Zack",2019-09-21,2019,1,9,3,97.6,2376,-0.83,1.33,6.7,2,0
"Wheeler, Zack",2019-09-21,2019,1,9,2,97.5,2390,-0.81,1.27,6.6,1,0
"Wheeler, Zack",2019-09-21,2019,1,8,3,98.1,2437,-0.79,1.26,6.9,0,2
"Wheeler, Zack",2019-09-21,2019,1,8,2,97.3,2398,-0.92,1.22,6.9,0,1
"Wheeler, Zack",2019-09-21,2019,1,8,1,97.9,2366,-0.79,1.28,6.7,0,0
"Wheeler, Zack",2019-09-21,2019,1,7,1,98.1,2311,-0.86,1.32,6.8,0,0
"Wheeler, Zack",2019-09-21,2019,1,5,2,96.1,2281,-0.94,1.34,6.8,1,0
"Wheeler, Zack",2019-09-21,2019,1,4,1,95.1,2155,-0.76,1.18,7.1,0,0
